COD_UF;COD_MUN;COD_DISTRITO;COD_SUBDISTR;SITUACAO;TIPO;TITULO;NOME;NUMERO_VAL;NUMERO_MOD;LONGITUDE;LATITUDE;LOCALIDADE;ESPECIE;CEP
31;26406;5;0;2;ESTRADA;;PEIXE BRAVO;0;SN     ;44 30 33.1020 W;19 35 20.0280 S;FORTUNA DE MINAS;3;35760000
31;26406;5;0;2;ESTRADA;;PEIXE BRAVO;0;SN     ;44 30 35.6940 W;19 35 14.8800 S;FORTUNA DE MINAS;6;35760000
31;26406;5;0;2;ESTRADA;;PEIXE BRAVO;0;SN     ;44 31 4.3620 W;19 35 15.4740 S;FORTUNA DE MINAS;1;35760000
31;26406;5;0;2;ESTRADA;;PEIXE BRAVO;0;SN     ;44 31 4.3620 W;19 35 15.4740 S;FORTUNA DE MINAS;3;35760000
31;26406;5;0;2;ESTRADA;;PEIXE BRAVO;0;SN     ;44 31 4.4519 W;19 35 14.9340 S;FORTUNA DE MINAS;1;35760000
31;26406;5;0;2;ESTRADA;;RUA ESTRADA;0;SN     ;44 26 21.8340 W;19 33 54.1800 S;FORTUNA DE MINAS;1;35760000
31;26406;5;0;2;ESTRADA;;RUA ESTRADA;0;SN     ;44 26 21.8340 W;19 33 54.1800 S;FORTUNA DE MINAS;3;35760000
31;26406;5;0;2;ESTRADA;;RUA ESTRADA;0;SN     ;44 26 21.9060 W;19 33 54.4680 S;FORTUNA DE MINAS;1;35760000
31;26406;5;0;2;ESTRADA;;RUA ESTRADA;0;SN     ;44 26 21.8760 W;19 33 54.4740 S;FORTUNA DE MINAS;1;35760000
31;26406;5;0;2;ESTRADA;;RUA ESTRADA;0;SN     ;44 26 21.8760 W;19 33 54.4740 S;FORTUNA DE MINAS;3;35760000
31;26406;5;0;2;ESTRADA;;RUA ESTRADA;0;SN     ;44 26 21.8760 W;19 33 54.4740 S;FORTUNA DE MINAS;6;35760000
31;26406;5;0;2;ESTRADA;;CORREGO DAS PACAS;0;SN     ;44 29 36.1380 W;19 36 19.3080 S;FORTUNA DE MINAS;1;35760000
31;26406;5;0;2;ESTRADA;;CORREGO DAS PACAS;0;SN     ;44 29 36.1380 W;19 36 19.3080 S;FORTUNA DE MINAS;3;35760000
31;26406;5;0;2;ESTRADA;;CORREGO DAS PACAS;0;SN     ;44 29 57.3960 W;19 36 45.5760 S;FORTUNA DE MINAS;1;35760000
31;26406;5;0;2;ESTRADA;;CORREGO DAS PACAS;0;SN     ;44 29 57.3960 W;19 36 45.5760 S;FORTUNA DE MINAS;3;35760000
31;26406;5;0;2;ESTRADA;;CORREGO DAS PACAS;0;SN     ;44 30 22.6200 W;19 36 33.6600 S;FORTUNA DE MINAS;1;35760000
31;26406;5;0;2;ESTRADA;;CORREGO DAS PACAS;0;SN     ;44 31 4.3740 W;19 35 47.3580 S;FORTUNA DE MINAS;1;35760000
31;26406;5;0;2;ESTRADA;;CORREGO DAS PACAS;0;SN     ;44 31 4.3740 W;19 35 47.3580 S;FORTUNA DE MINAS;3;35760000
31;26406;5;0;2;ESTRADA;;CORREGO DAS PACAS;0;SN     ;44 31 4.2840 W;19 35 47.3460 S;FORTUNA DE MINAS;1;35760000
31;26406;5;0;2;ESTRADA;;CORREGO DAS PACAS;0;SN     ;44 32 15.8400 W;19 35 34.8780 S;FORTUNA DE MINAS;1;35760000
31;26406;5;0;2;ESTRADA;;CORREGO DAS PACAS;0;SN     ;44 32 15.8400 W;19 35 34.8780 S;FORTUNA DE MINAS;3;35760000
31;26406;5;0;2;ESTRADA;;CORREGO DAS PACAS;0;SN     ;44 32 15.8820 W;19 35 34.8660 S;FORTUNA DE MINAS;1;35760000
31;26406;5;0;2;PRACA;SENHORA;FATIMA;0;SN     ;44 27 57.7380 W;19 38 1.3860 S;TRES BARRAS;1;35760000
31;26406;5;0;2;PRACA;SENHORA;FATIMA;0;SN     ;44 27 57.6960 W;19 38 1.4400 S;TRES BARRAS;1;35760000
31;26406;5;0;2;PRACA;SENHORA;FATIMA;0;SN     ;44 27 57.8400 W;19 38 2.1420 S;TRES BARRAS;1;35760000
31;26406;5;0;2;PRACA;SENHORA;FATIMA;0;SN     ;44 27 53.2320 W;19 38 1.2180 S;TRES BARRAS;1;35760000
31;26406;5;0;2;PRACA;SENHORA;FATIMA;0;SN     ;44 27 53.1900 W;19 38 1.0800 S;TRES BARRAS;1;35760000
31;26406;5;0;2;PRACA;SENHORA;FATIMA;42;;44 28 5.1600 W;19 38 8.5680 S;TRES BARRAS;1;35760000
31;26406;5;0;2;PRACA;SENHORA;FATIMA;0;SN     ;44 28 2.3520 W;19 38 6.1560 S;TRES BARRAS;1;35760000
31;26406;5;0;2;PRACA;SENHORA;FATIMA;0;SN     ;44 28 2.3520 W;19 38 6.1560 S;TRES BARRAS;6;35760000
31;26406;5;0;2;PRACA;SENHORA;FATIMA;0;SN     ;44 27 35.0400 W;19 37 47.8320 S;TRES BARRAS;1;35760000
31;26406;5;0;2;PRACA;SENHORA;FATIMA;0;SN     ;44 27 35.0400 W;19 37 47.8320 S;TRES BARRAS;6;35760000
31;26406;5;0;2;PRACA;SENHORA;FATIMA;0;SN     ;44 27 46.2360 W;19 37 57.3540 S;TRES BARRAS;1;35760000
31;26406;5;0;2;PRACA;SENHORA;FATIMA;0;SN     ;44 28 3.7500 W;19 38 7.8600 S;TRES BARRAS;6;35760000
31;26406;5;0;2;PRACA;SENHORA;FATIMA;0;SN     ;44 28 1.5900 W;19 38 9.1740 S;TRES BARRAS;4;35760000
31;26406;5;0;2;PRACA;SENHORA;FATIMA;0;SN     ;44 28 3.6360 W;19 38 11.3880 S;TRES BARRAS;6;35760000
31;26406;5;0;2;PRACA;SENHORA;FATIMA;0;SN     ;44 28 1.8900 W;19 38 9.4080 S;TRES BARRAS;5;35760000
31;26406;5;0;2;PRACA;SENHORA;FATIMA;0;SN     ;44 28 1.1880 W;19 38 9.7860 S;TRES BARRAS;1;35760000
31;26406;5;0;2;PRACA;SENHORA;FATIMA;18;;44 28 0.7740 W;19 38 9.8760 S;TRES BARRAS;1;35760000
31;26406;5;0;2;PRACA;SENHORA;FATIMA;30;;44 28 0.0780 W;19 38 9.7140 S;TRES BARRAS;1;35760000
31;26406;5;0;2;PRACA;SENHORA;FATIMA;36;;44 27 59.0580 W;19 38 10.5420 S;TRES BARRAS;1;35760000
31;26406;5;0;2;PRACA;SENHORA;FATIMA;22;;44 28 1.2180 W;19 38 12.4500 S;TRES BARRAS;6;35760000
31;26406;5;0;2;PRACA;SENHORA;FATIMA;0;SN     ;44 28 4.0140 W;19 38 8.1480 S;TRES BARRAS;1;35760000
31;26406;5;0;2;PRACA;SENHORA;FATIMA;0;SN     ;44 28 4.2180 W;19 38 7.7520 S;TRES BARRAS;1;35760000
31;26406;5;0;2;PRACA;SENHORA;FATIMA;0;SN     ;44 28 4.0080 W;19 38 8.0100 S;TRES BARRAS;1;35760000
31;26406;5;0;2;PRACA;SENHORA;FATIMA;0;SN     ;44 28 5.3220 W;19 37 59.9460 S;TRES BARRAS;1;35760000
31;26406;5;0;2;ESTRADA;;DE TRES BARRAS;0;SN     ;44 28 2.2920 W;19 38 13.0260 S;TRES BARRAS;1;35760000
31;26406;5;0;2;ESTRADA;;DE TRES BARRAS;0;SN     ;44 27 36.4800 W;19 34 58.2780 S;TRES BARRAS;1;35760000
31;26406;5;0;2;ESTRADA;;DE TRES BARRAS;0;SN     ;44 27 40.3320 W;19 35 9.0060 S;TRES BARRAS;1;35760000
31;26406;5;0;2;ESTRADA;;DE TRES BARRAS;0;SN     ;44 27 47.3760 W;19 35 37.1160 S;TRES BARRAS;1;35760000
31;26406;5;0;2;ESTRADA;;DE TRES BARRAS;0;SN     ;44 27 49.9260 W;19 35 54.4200 S;TRES BARRAS;1;35760000
31;26406;5;0;2;ESTRADA;;DE TRES BARRAS;0;SN     ;44 27 33.0240 W;19 35 45.0840 S;TRES BARRAS;1;35760000
31;26406;5;0;2;ESTRADA;;DE TRES BARRAS;0;SN     ;44 27 33.0240 W;19 35 45.0840 S;TRES BARRAS;3;35760000
31;26406;5;0;2;ESTRADA;;DE TRES BARRAS;0;SN     ;44 27 32.7900 W;19 35 44.6940 S;TRES BARRAS;1;35760000
31;26406;5;0;2;ESTRADA;;DE TRES BARRAS;0;SN     ;44 28 35.4960 W;19 36 52.0620 S;TRES BARRAS;1;35760000
31;26406;5;0;2;ESTRADA;;DE TRES BARRAS;0;SN     ;44 28 35.4960 W;19 36 52.0620 S;TRES BARRAS;3;35760000
31;26406;5;0;2;ESTRADA;;DE TRES BARRAS;0;SN     ;44 28 23.3400 W;19 37 26.1840 S;TRES BARRAS;7;35760000
31;26406;5;0;2;ESTRADA;;DE TRES BARRAS;0;SN     ;44 28 45.5880 W;19 37 3.3300 S;TRES BARRAS;1;35760000
31;26406;5;0;2;ESTRADA;;DE TRES BARRAS;0;SN     ;44 28 39.4080 W;19 36 25.3560 S;TRES BARRAS;1;35760000
31;26406;5;0;2;ESTRADA;;DE TRES BARRAS;0;SN     ;44 28 31.2480 W;19 36 2.6160 S;TRES BARRAS;1;35760000
31;26406;5;0;2;ESTRADA;;FORTUNA DE CIMA;0;SN     ;44 27 7.9860 W;19 34 37.6800 S;FORTUNA DE MINAS;1;35760000
31;26406;5;0;2;ESTRADA;;FORTUNA DE CIMA;0;SN     ;44 27 7.9860 W;19 34 37.6800 S;FORTUNA DE MINAS;3;35760000
31;26406;5;0;2;ESTRADA;;FORTUNA DE CIMA;0;SN     ;44 27 8.1360 W;19 34 37.4700 S;FORTUNA DE MINAS;1;35760000
31;26406;5;0;2;ESTRADA;;FORTUNA DE CIMA;0;SN     ;44 27 7.9500 W;19 34 37.2720 S;FORTUNA DE MINAS;7;35760000
31;26406;5;0;2;ESTRADA;;FORTUNA DE CIMA;0;SN     ;44 27 10.4160 W;19 34 36.5820 S;FORTUNA DE MINAS;7;35760000
31;26406;5;0;2;ESTRADA;;FORTUNA DE CIMA;0;SN     ;44 27 8.2140 W;19 34 37.5000 S;FORTUNA DE MINAS;6;35760000
31;26406;5;0;2;ESTRADA;;FORTUNA DE CIMA;0;SN     ;44 27 14.3640 W;19 34 31.0860 S;FORTUNA DE MINAS;1;35760000
31;26406;5;0;2;ESTRADA;;FORTUNA DE CIMA;0;SN     ;44 27 14.7180 W;19 34 30.6420 S;FORTUNA DE MINAS;1;35760000
31;26406;5;0;2;ESTRADA;;FORTUNA DE CIMA;0;SN     ;44 27 16.5780 W;19 34 27.9360 S;FORTUNA DE MINAS;1;35760000
31;26406;5;0;2;RODOVIA;;238;0;SN     ;44 32 22.6800 W;19 32 54.0000 S;FORTUNA DE MINAS;1;35760000
31;26406;5;0;2;RODOVIA;;238;0;SN     ;44 32 22.8720 W;19 32 54.0420 S;FORTUNA DE MINAS;1;35760000
31;26406;5;0;2;RODOVIA;;238;0;SN     ;44 32 22.8600 W;19 32 54.1140 S;FORTUNA DE MINAS;1;35760000
31;26406;5;0;2;RODOVIA;;238;0;SN     ;44 32 22.8600 W;19 32 54.1140 S;FORTUNA DE MINAS;6;35760000
31;26406;5;0;2;RODOVIA;;238;0;SN     ;44 32 42.3720 W;19 33 15.7260 S;FORTUNA DE MINAS;1;35760000
31;26406;5;0;2;RODOVIA;;238;0;SN     ;44 33 22.6680 W;19 33 8.0580 S;FORTUNA DE MINAS;1;35760000
31;26406;5;0;2;RODOVIA;;238;0;SN     ;44 33 23.8440 W;19 33 7.1580 S;FORTUNA DE MINAS;1;35760000
31;26406;5;0;2;RODOVIA;;238;0;SN     ;44 33 24.3540 W;19 33 0.5280 S;FORTUNA DE MINAS;1;35760000
31;26406;5;0;2;RODOVIA;;238;0;SN     ;44 33 24.1500 W;19 33 0.2880 S;FORTUNA DE MINAS;1;35760000
31;26406;5;0;2;RODOVIA;;238;0;SN     ;44 33 31.3440 W;19 32 58.7400 S;FORTUNA DE MINAS;1;35760000
31;26406;5;0;2;RODOVIA;;238;0;SN     ;44 33 31.3440 W;19 32 58.7400 S;FORTUNA DE MINAS;3;35760000
31;26406;5;0;2;RODOVIA;;238;0;SN     ;44 33 37.4520 W;19 34 1.1400 S;FORTUNA DE MINAS;1;35760000
31;26406;5;0;2;RODOVIA;;238;0;SN     ;44 33 37.4520 W;19 34 1.1400 S;FORTUNA DE MINAS;3;35760000
31;26406;5;0;2;RODOVIA;;238;0;SN     ;44 33 37.4520 W;19 34 1.0260 S;FORTUNA DE MINAS;1;35760000
31;26406;5;0;2;ESTRADA;;CORREGO DE AREIA;0;SN     ;44 32 0.3540 W;19 32 51.8460 S;FORTUNA DE MINAS;1;35760000
31;26406;5;0;2;ESTRADA;;CORREGO DE AREIA;0;SN     ;44 32 0.7980 W;19 32 51.9000 S;FORTUNA DE MINAS;1;35760000
31;26406;5;0;2;ESTRADA;;PEIXE BRAVO;0;SN     ;44 30 33.1020 W;19 35 20.0280 S;FORTUNA DE MINAS;1;35760000
31;26406;5;0;2;ESTRADA;;DE TRES BARRAS;0;SN     ;44 28 29.7900 W;19 37 39.0900 S;TRES BARRAS;1;35760000
31;26406;5;0;2;ESTRADA;;DE TRES BARRAS;0;SN     ;44 28 29.7900 W;19 37 39.0900 S;TRES BARRAS;3;35760000
31;26406;5;0;2;ESTRADA;;DE TRES BARRAS;0;SN     ;44 28 30.8760 W;19 37 33.4380 S;TRES BARRAS;1;35760000
31;26406;5;0;2;ESTRADA;;DE TRES BARRAS;0;SN     ;44 28 51.6180 W;19 37 23.4180 S;TRES BARRAS;1;35760000
31;26406;5;0;2;ESTRADA;;DE TRES BARRAS;0;SN     ;44 27 36.3840 W;19 35 38.8260 S;TRES BARRAS;1;35760000
31;26406;5;0;2;ESTRADA;;DE TRES BARRAS;0;SN     ;44 28 22.7580 W;19 37 40.8060 S;TRES BARRAS;1;35760000
31;26406;5;0;2;ESTRADA;;DE TRES BARRAS;0;SN     ;44 28 22.7580 W;19 37 40.8060 S;TRES BARRAS;6;35760000
31;26406;5;0;2;ESTRADA;;DE TRES BARRAS;0;SN     ;44 28 27.8640 W;19 37 53.6580 S;TRES BARRAS;1;35760000
31;26406;5;0;2;ESTRADA;;DE TRES BARRAS;0;SN     ;44 28 27.8640 W;19 37 53.6580 S;TRES BARRAS;3;35760000
31;26406;5;0;2;ESTRADA;;DE TRES BARRAS;0;SN     ;44 28 28.8180 W;19 37 55.2060 S;TRES BARRAS;1;35760000
31;26406;5;0;2;ESTRADA;;DE TRES BARRAS;0;SN     ;44 28 26.5980 W;19 37 52.3440 S;TRES BARRAS;1;35760000
31;26406;5;0;2;ESTRADA;;DE TRES BARRAS;0;SN     ;44 28 10.2780 W;19 37 58.1640 S;TRES BARRAS;1;35760000
31;26406;5;0;2;ESTRADA;;DE TRES BARRAS;0;SN     ;44 28 10.3320 W;19 37 58.2120 S;TRES BARRAS;1;35760000
31;26406;5;0;2;ESTRADA;;DE TRES BARRAS;0;SN     ;44 28 11.6220 W;19 37 56.6700 S;TRES BARRAS;1;35760000
31;26406;5;0;2;ESTRADA;;DE TRES BARRAS;0;SN     ;44 28 9.4020 W;19 38 7.1880 S;TRES BARRAS;7;35760000
31;26406;5;0;2;ESTRADA;;DE TRES BARRAS;0;SN     ;44 28 8.9160 W;19 38 6.9060 S;TRES BARRAS;1;35760000
31;26406;5;0;2;ESTRADA;;DE TRES BARRAS;0;SN     ;44 28 9.0600 W;19 38 6.8940 S;TRES BARRAS;1;35760000
31;26406;5;0;2;ESTRADA;;DE TRES BARRAS;12;;44 28 4.9500 W;19 38 8.0520 S;TRES BARRAS;1;35760000
31;26406;5;0;2;ESTRADA;;DE TRES BARRAS;0;SN     ;44 28 4.9980 W;19 38 8.1120 S;TRES BARRAS;6;35760000
31;26406;5;0;2;ESTRADA;;DE TRES BARRAS;0;SN     ;44 29 10.7880 W;19 37 10.6740 S;TRES BARRAS;1;35760000
31;26406;5;0;2;ESTRADA;;DE TRES BARRAS;0;SN     ;44 29 10.7880 W;19 37 10.6740 S;TRES BARRAS;3;35760000
31;26406;5;0;2;ESTRADA;;DE TRES BARRAS;0;SN     ;44 27 10.9440 W;19 37 0.2400 S;TRES BARRAS;1;35760000
31;26406;5;0;2;ESTRADA;;DE TRES BARRAS;0;SN     ;44 27 10.9440 W;19 37 0.2400 S;TRES BARRAS;3;35760000
31;26406;5;0;2;ESTRADA;;DE TRES BARRAS;0;SN     ;44 27 4.0680 W;19 36 58.1220 S;TRES BARRAS;1;35760000
31;26406;5;0;2;ESTRADA;;DE TRES BARRAS;0;SN     ;44 27 4.3080 W;19 36 57.7560 S;TRES BARRAS;1;35760000
31;26406;5;0;2;RUA;;BELMIRO ALVES TEIXEIRA;47;;44 27 23.4000 W;19 34 23.8920 S;FORTUNA DE BAIXO;1;35760000
31;26406;5;0;2;RUA;;BELMIRO ALVES TEIXEIRA;37;;44 27 10.3260 W;19 34 28.8240 S;FORTUNA DE BAIXO;1;35760000
31;26406;5;0;2;RUA;;BELMIRO ALVES TEIXEIRA;57;;44 27 24.2880 W;19 34 24.0600 S;FORTUNA DE BAIXO;1;35760000
31;26406;5;0;2;RUA;;BELMIRO ALVES TEIXEIRA;67;;44 27 23.8620 W;19 34 24.0060 S;FORTUNA DE BAIXO;1;35760000
31;26406;5;0;2;RUA;;BELMIRO ALVES TEIXEIRA;87;;44 27 25.0980 W;19 34 23.6400 S;FORTUNA DE BAIXO;1;35760000
31;26406;5;0;2;RUA;;BELMIRO ALVES TEIXEIRA;97;;44 27 25.0260 W;19 34 24.0660 S;FORTUNA DE BAIXO;1;35760000
31;26406;5;0;2;RUA;;BELMIRO ALVES TEIXEIRA;107;;44 27 25.9980 W;19 34 24.1980 S;FORTUNA DE BAIXO;1;35760000
31;26406;5;0;2;RUA;;BELMIRO ALVES TEIXEIRA;147;;44 27 27.4020 W;19 34 24.4860 S;FORTUNA DE BAIXO;1;35760000
31;26406;5;0;2;SITIO;;SANTA CLARA;0;SN     ;44 32 31.6140 W;19 31 15.6120 S;BEIRA CORREGO;1;35760000
31;26406;5;0;2;SITIO;;SANTA CLARA;0;SN     ;44 32 31.7160 W;19 31 15.6300 S;BEIRA CORREGO;1;35760000
31;26406;5;0;2;SITIO;;SANTA CLARA;0;SN     ;44 32 31.7100 W;19 31 15.6720 S;BEIRA CORREGO;1;35760000
31;26406;5;0;2;FAZENDA;;LAGOINHA;0;SN     ;44 33 51.4020 W;19 29 54.3960 S;BEIRA CORREGO;1;35760000
31;26406;5;0;2;FAZENDA;;LAGOINHA;0;SN     ;44 33 51.3240 W;19 29 54.5460 S;BEIRA CORREGO;1;35760000
31;26406;5;0;2;ESTRADA;;CORREGO DAS PACAS;0;SN     ;44 32 16.5600 W;19 35 33.8760 S;FORTUNA DE MINAS;1;35760000
31;26406;5;0;2;ESTRADA;;CORREGO DAS PACAS;0;SN     ;44 33 25.5900 W;19 36 7.0740 S;FORTUNA DE MINAS;1;35760000
31;26406;5;0;2;ESTRADA;;CORREGO DAS PACAS;0;SN     ;44 33 25.5900 W;19 36 7.0740 S;FORTUNA DE MINAS;3;35760000
31;26406;5;0;2;ESTRADA;;CORREGO DAS PACAS;0;SN     ;44 33 24.7980 W;19 36 7.3740 S;FORTUNA DE MINAS;1;35760000
31;26406;5;0;2;ESTRADA;;CORREGO DAS PACAS;0;SN     ;44 33 24.8160 W;19 36 7.0680 S;FORTUNA DE MINAS;1;35760000
31;26406;5;0;2;ESTRADA;;CORREGO DAS PACAS;0;SN     ;44 31 21.8220 W;19 35 54.7440 S;FORTUNA DE MINAS;1;35760000
31;26406;5;0;2;ESTRADA;;CORREGO DAS PACAS;0;SN     ;44 31 21.7500 W;19 35 54.9900 S;FORTUNA DE MINAS;3;35760000
31;26406;5;0;2;ESTRADA;;CORREGO DAS PACAS;0;SN     ;44 31 21.7260 W;19 35 55.0380 S;FORTUNA DE MINAS;1;35760000
31;26406;5;0;2;ESTRADA;;CORREGO DAS PACAS;0;SN     ;44 31 2.5920 W;19 35 47.4720 S;FORTUNA DE MINAS;1;35760000
31;26406;5;0;2;DESVIO;;FAZENDA VELHA TRES BARRAS;0;SN     ;44 28 43.8900 W;19 37 34.8060 S;TRES BARRAS;1;35760000
31;26406;5;0;2;DESVIO;;FAZENDA VELHA TRES BARRAS;0;SN     ;44 28 40.2600 W;19 37 33.8100 S;TRES BARRAS;1;35760000
31;26406;5;0;2;DESVIO;;FAZENDA VELHA TRES BARRAS;0;SN     ;44 28 40.5540 W;19 37 33.4500 S;TRES BARRAS;1;35760000
31;26406;5;0;2;DESVIO;;FAZENDA VELHA TRES BARRAS;0;SN     ;44 28 47.6220 W;19 37 29.6280 S;TRES BARRAS;1;35760000
31;26406;5;0;2;DESVIO;;FAZENDA VELHA TRES BARRAS;0;SN     ;44 28 47.5200 W;19 37 29.5320 S;TRES BARRAS;1;35760000
31;26406;5;0;2;DESVIO;;FAZENDA VELHA TRES BARRAS;0;SN     ;44 28 48.8220 W;19 37 30.7140 S;TRES BARRAS;1;35760000
31;26406;5;0;2;DESVIO;;FAZENDA VELHA TRES BARRAS;0;SN     ;44 28 50.1600 W;19 37 29.9340 S;TRES BARRAS;1;35760000
31;26406;5;0;2;PRACA;SENHORA;FATIMA;0;SN     ;44 28 4.4220 W;19 38 5.1300 S;TRES BARRAS;7;35760000
31;26406;5;0;2;PRACA;SENHORA;FATIMA;0;SN     ;44 28 4.4100 W;19 38 5.0820 S;TRES BARRAS;1;35760000
31;26406;5;0;2;PRACA;SENHORA;FATIMA;0;SN     ;44 28 4.7820 W;19 38 4.6440 S;TRES BARRAS;7;35760000
31;26406;5;0;2;PRACA;SENHORA;FATIMA;38;;44 28 3.5700 W;19 38 8.8500 S;TRES BARRAS;1;35760000
31;26406;5;0;2;PRACA;SENHORA;FATIMA;38;;44 28 3.5700 W;19 38 8.8500 S;TRES BARRAS;6;35760000
31;26406;5;0;2;PRACA;SENHORA;FATIMA;34;;44 28 2.4000 W;19 38 11.5800 S;TRES BARRAS;1;35760000
31;26406;5;0;2;PRACA;SENHORA;FATIMA;0;SN     ;44 28 2.6760 W;19 38 10.6740 S;TRES BARRAS;1;35760000
31;26406;5;0;2;PRACA;SENHORA;FATIMA;0;SN     ;44 28 3.4320 W;19 38 9.5220 S;TRES BARRAS;1;35760000
31;26406;5;0;2;PRACA;SENHORA;FATIMA;0;SN     ;44 27 58.1460 W;19 38 4.6560 S;TRES BARRAS;1;35760000
31;26406;5;0;2;PRACA;SENHORA;FATIMA;0;SN     ;44 27 56.6280 W;19 38 5.4480 S;TRES BARRAS;1;35760000
31;26406;5;0;2;FAZENDA;;QUEIMADO;0;SN     ;44 31 35.7000 W;19 28 29.6220 S;QUEIMADO;3;35760000
31;26406;5;0;2;FAZENDA;;QUEIMADO;0;SN     ;44 31 49.0200 W;19 28 44.2200 S;QUEIMADO;1;35760000
31;26406;5;0;2;FAZENDA;;QUEIMADO;0;SN     ;44 31 35.7540 W;19 28 29.5860 S;QUEIMADO;1;35760000
31;26406;5;0;2;FAZENDA;;QUEIMADO;0;SN     ;44 31 28.1580 W;19 28 41.9340 S;QUEIMADO;1;35760000
31;26406;5;0;2;FAZENDA;;REPRESA;0;SN     ;44 31 12.7080 W;19 29 5.5800 S;PROXIMO A QUEIMADO;1;35760000
31;26406;5;0;2;FAZENDA;;REPRESA;0;SN     ;44 31 12.7080 W;19 29 5.5800 S;PROXIMO A QUEIMADO;3;35760000
31;26406;5;0;2;FAZENDA;;RAIMUNDO;0;SN     ;44 31 2.8080 W;19 29 9.6720 S;QUEIMADO;1;35760000
31;26406;5;0;2;FAZENDA;;RAIMUNDO;0;SN     ;44 31 2.8080 W;19 29 9.6720 S;QUEIMADO;3;35760000
31;26406;5;0;2;FAZENDA;;RAIMUNDO;0;SN     ;44 31 3.1440 W;19 29 9.5280 S;QUEIMADO;1;35760000
31;26406;5;0;2;ESTRADA;;SEM DENOMINACAO 1;0;SN     ;44 32 59.0160 W;19 25 52.6980 S;TAQUARA;1;35760000
31;26406;5;0;2;ESTRADA;;SEM DENOMINACAO 1;0;SN     ;44 32 58.8060 W;19 25 52.5360 S;TAQUARA;1;35760000
31;26406;5;0;2;ESTRADA;;SEM DENOMINACAO 1;0;SN     ;44 32 58.8060 W;19 25 52.5360 S;TAQUARA;3;35760000
31;26406;5;0;2;ESTRADA;;SEM DENOMINACAO 1;0;SN     ;44 32 54.8880 W;19 25 52.0800 S;TAQUARA;1;35760000
31;26406;5;0;2;ESTRADA;;SEM DENOMINACAO 1;0;SN     ;44 32 49.0740 W;19 25 43.1280 S;TAQUARA;1;35760000
31;26406;5;0;2;ESTRADA;;SEM DENOMINACAO 1;0;SN     ;44 32 46.1760 W;19 26 30.2100 S;TAQUARA;1;35760000
31;26406;5;0;2;ESTRADA;;SEM DENOMINACAO 1;0;SN     ;44 32 46.1760 W;19 26 30.2100 S;TAQUARA;3;35760000
31;26406;5;0;2;FAZENDA;;MASSACARA;0;SN     ;44 33 41.3520 W;19 27 33.0360 S;BEIRA CORREGO;1;35760000
31;26406;5;0;2;FAZENDA;;MASSACARA;0;SN     ;44 33 41.3520 W;19 27 33.0360 S;BEIRA CORREGO;3;35760000
31;26406;5;0;2;FAZENDA;;MASSACARA;0;SN     ;44 33 41.2680 W;19 27 33.0300 S;BEIRA CORREGO;1;35760000
31;26406;5;0;2;ESTRADA;;NAO NOMEADA;0;SN     ;44 33 17.5980 W;19 28 14.8560 S;VAQUEJADOR;1;35760000
31;26406;5;0;2;ESTRADA;;NAO NOMEADA;0;SN     ;44 33 17.5980 W;19 28 14.8560 S;VAQUEJADOR;3;35760000
31;26406;5;0;2;ESTRADA;;NAO NOMEADA;0;SN     ;44 32 47.8020 W;19 27 57.3420 S;VAQUEJADOR;1;35760000
31;26406;5;0;2;ESTRADA;;NAO NOMEADA;0;SN     ;44 32 47.8020 W;19 27 57.3420 S;VAQUEJADOR;3;35760000
31;26406;5;0;2;ESTRADA;;NAO NOMEADA;0;SN     ;44 32 48.4080 W;19 27 57.4560 S;VAQUEJADOR;1;35760000
31;26406;5;0;2;ESTRADA;;NAO NOMEADA;0;SN     ;44 33 12.5820 W;19 28 4.8360 S;VAQUEJADOR;1;35760000
31;26406;5;0;2;ESTRADA;;NAO NOMEADA;0;SN     ;44 33 12.5820 W;19 28 4.8360 S;VAQUEJADOR;3;35760000
31;26406;5;0;2;ESTRADA;;NAO NOMEADA;0;SN     ;44 33 12.6660 W;19 28 5.8260 S;VAQUEJADOR;1;35760000
31;26406;5;0;2;ESTRADA;;NAO NOMEADA;0;SN     ;44 33 8.9519 W;19 28 38.6100 S;VAQUEJADOR;1;35760000
31;26406;5;0;2;ESTRADA;;NAO NOMEADA;0;SN     ;44 33 8.9580 W;19 28 38.6400 S;VAQUEJADOR;1;35760000
31;26406;5;0;2;ESTRADA;;NAO NOMEADA;0;SN     ;44 33 8.9519 W;19 28 38.6100 S;VAQUEJADOR;3;35760000
31;26406;5;0;2;ESTRADA;;NAO NOMEADA;0;SN     ;44 33 7.7580 W;19 28 38.3520 S;VAQUEJADOR;1;35760000
31;26406;5;0;2;ESTRADA;;NAO NOMEADA;0;SN     ;44 33 2.0040 W;19 28 35.4240 S;VAQUEJADOR;1;35760000
31;26406;5;0;2;ESTRADA;;NAO NOMEADA;0;SN     ;44 33 18.2160 W;19 29 1.6740 S;VAQUEJADOR;1;35760000
31;26406;5;0;2;ESTRADA;;NAO NOMEADA;0;SN     ;44 33 18.2160 W;19 29 1.6740 S;VAQUEJADOR;3;35760000
31;26406;5;0;2;ESTRADA;;NAO NOMEADA;0;SN     ;44 33 18.2160 W;19 29 1.6740 S;VAQUEJADOR;6;35760000
31;26406;5;0;2;ESTRADA;;NAO NOMEADA;0;SN     ;44 33 17.4660 W;19 29 2.4240 S;VAQUEJADOR;1;35760000
31;26406;5;0;2;SITIO;;DO TININHO;0;SN     ;44 33 21.0060 W;19 28 26.5380 S;BEIRA CORREGO;1;35760000
31;26406;5;0;2;SITIO;;DO TININHO;0;SN     ;44 33 21.0060 W;19 28 26.5380 S;BEIRA CORREGO;3;35760000
31;26406;5;0;2;ESTRADA;;DE TRES BARRAS;0;SN     ;44 29 7.4160 W;19 36 59.4900 S;TRES BARRAS;1;35760000
31;26406;5;0;2;ESTRADA;;DE TRES BARRAS;0;SN     ;44 29 7.4160 W;19 36 59.4900 S;TRES BARRAS;3;35760000
31;26406;5;0;2;ESTRADA;;DE TRES BARRAS;0;SN     ;44 28 49.6980 W;19 37 8.7540 S;TRES BARRAS;1;35760000
31;26406;5;0;2;ESTRADA;;DE TRES BARRAS;0;SN     ;44 29 2.8320 W;19 37 31.2000 S;TRES BARRAS;1;35760000
31;26406;5;0;2;ESTRADA;;DE TRES BARRAS;0;SN     ;44 29 2.8620 W;19 37 31.0020 S;TRES BARRAS;1;35760000
31;26406;5;0;2;ESTRADA;;DE TRES BARRAS;0;SN     ;44 29 2.8800 W;19 37 30.7860 S;TRES BARRAS;1;35760000
31;26406;5;0;2;ESTRADA;;DE TRES BARRAS;0;SN     ;44 29 34.8660 W;19 37 36.4080 S;TRES BARRAS;1;35760000
31;26406;5;0;2;ESTRADA;;DE TRES BARRAS;0;SN     ;44 29 34.8660 W;19 37 36.4080 S;TRES BARRAS;3;35760000
31;26406;5;0;2;ESTRADA;;DE TRES BARRAS;0;SN     ;44 29 34.9980 W;19 37 36.7140 S;TRES BARRAS;1;35760000
31;26406;5;0;2;ESTRADA;;DE TRES BARRAS;0;SN     ;44 29 34.9200 W;19 37 36.9600 S;TRES BARRAS;1;35760000
31;26406;5;0;2;ESTRADA;;DE TRES BARRAS;0;SN     ;44 29 2.5680 W;19 37 38.4240 S;TRES BARRAS;1;35760000
31;26406;5;0;2;ESTRADA;;DE TRES BARRAS;0;SN     ;44 29 2.5680 W;19 37 38.4240 S;TRES BARRAS;3;35760000
31;26406;5;0;2;ESTRADA;;DE TRES BARRAS;0;SN     ;44 29 2.4060 W;19 37 38.5320 S;TRES BARRAS;1;35760000
31;26406;5;0;2;ESTRADA;;DE TRES BARRAS;0;SN     ;44 29 2.7660 W;19 37 42.4740 S;TRES BARRAS;1;35760000
31;26406;5;0;2;ESTRADA;;DE TRES BARRAS;0;SN     ;44 29 9.7860 W;19 37 39.8940 S;TRES BARRAS;1;35760000
31;26406;5;0;2;ESTRADA;;DE TRES BARRAS;0;SN     ;44 29 9.7860 W;19 37 39.8940 S;TRES BARRAS;3;35760000
31;26406;5;0;2;ESTRADA;;DE TRES BARRAS;0;SN     ;44 29 9.9360 W;19 37 39.7920 S;TRES BARRAS;1;35760000
31;26406;5;0;2;ESTRADA;;DE TRES BARRAS;0;SN     ;44 29 21.3360 W;19 37 41.7120 S;TRES BARRAS;1;35760000
31;26406;5;0;2;ESTRADA;;DE TRES BARRAS;0;SN     ;44 29 18.7440 W;19 37 37.8000 S;TRES BARRAS;1;35760000
31;26406;5;0;2;ESTRADA;;DE TRES BARRAS;0;SN     ;44 27 51.7920 W;19 37 34.3920 S;TRES BARRAS;1;35760000
31;26406;5;0;2;ESTRADA;;DE TRES BARRAS;0;SN     ;44 27 51.7920 W;19 37 34.3920 S;TRES BARRAS;3;35760000
31;26406;5;0;2;ESTRADA;;DE TRES BARRAS;0;SN     ;44 27 51.8160 W;19 37 34.1700 S;TRES BARRAS;1;35760000
31;26406;5;0;2;ESTRADA;;DE TRES BARRAS;0;SN     ;44 28 30.0060 W;19 38 9.3540 S;TRES BARRAS;1;35760000
31;26406;5;0;2;ESTRADA;;DE TRES BARRAS;0;SN     ;44 28 30.7320 W;19 37 51.6540 S;TRES BARRAS;1;35760000
31;26406;5;0;2;ESTRADA;;DE TRES BARRAS;0;SN     ;44 28 30.7320 W;19 37 51.6540 S;TRES BARRAS;3;35760000
31;26406;5;0;2;ESTRADA;;DE TRES BARRAS;0;SN     ;44 28 29.6940 W;19 37 38.9760 S;TRES BARRAS;7;35760000
31;26406;5;0;2;ESTRADA;;SEM DENOMINACAO;0;SN     ;44 32 22.2000 W;19 30 24.0660 S;RETIRO DOS MOREIRAS;1;35760000
31;26406;5;0;2;ESTRADA;;SEM DENOMINACAO;0;SN     ;44 32 42.1140 W;19 30 57.2700 S;RETIRO DOS MOREIRAS;1;35760000
31;26406;5;0;2;ESTRADA;;SEM DENOMINACAO;0;SN     ;44 32 42.1140 W;19 30 57.2700 S;RETIRO DOS MOREIRAS;3;35760000
31;26406;5;0;2;ESTRADA;;SEM DENOMINACAO;0;SN     ;44 32 57.9480 W;19 30 49.6680 S;RETIRO DOS MOREIRAS;1;35760000
31;26406;5;0;2;ESTRADA;;SEM DENOMINACAO;0;SN     ;44 32 57.9480 W;19 30 49.6680 S;RETIRO DOS MOREIRAS;3;35760000
31;26406;5;0;2;ESTRADA;;SEM DENOMINACAO;0;SN     ;44 32 42.4140 W;19 30 23.9340 S;RETIRO DOS MOREIRAS;1;35760000
31;26406;5;0;2;ESTRADA;;SEM DENOMINACAO;0;SN     ;44 32 42.4140 W;19 30 23.9340 S;RETIRO DOS MOREIRAS;3;35760000
31;26406;5;0;2;ESTRADA;;SEM DENOMINACAO;0;SN     ;44 31 57.6120 W;19 30 19.0560 S;RETIRO DOS MOREIRAS;1;35760000
31;26406;5;0;2;ESTRADA;;SEM DENOMINACAO;0;SN     ;44 31 57.6060 W;19 30 19.0140 S;RETIRO DOS MOREIRAS;1;35760000
31;26406;5;0;2;ESTRADA;;SEM DENOMINACAO;0;SN     ;44 31 54.7140 W;19 30 19.7100 S;RETIRO DOS MOREIRAS;1;35760000
31;26406;5;0;2;ESTRADA;;SEM DENOMINACAO;0;SN     ;44 31 48.4320 W;19 30 28.7040 S;RETIRO DOS MOREIRAS;1;35760000
31;26406;5;0;2;ESTRADA;;SEM DENOMINACAO;0;SN     ;44 31 52.0620 W;19 30 38.0700 S;RETIRO DOS MOREIRAS;1;35760000
31;26406;5;0;2;ESTRADA;;SEM DENOMINACAO;0;SN     ;44 31 52.0200 W;19 30 38.1660 S;RETIRO DOS MOREIRAS;1;35760000
31;26406;5;0;2;ESTRADA;;SEM DENOMINACAO;0;SN     ;44 32 35.3700 W;19 31 4.6740 S;RETIRO DOS MOREIRAS;1;35760000
31;26406;5;0;2;ESTRADA;;SEM DENOMINACAO;0;SN     ;44 32 23.8860 W;19 30 52.1880 S;RETIRO DOS MOREIRAS;1;35760000
31;26406;5;0;2;ESTRADA;;SEM DENOMINACAO;0;SN     ;44 32 23.8860 W;19 30 53.9340 S;RETIRO DOS MOREIRAS;1;35760000
31;26406;5;0;2;ESTRADA;;SEM DENOMINACAO;0;SN     ;44 32 23.6340 W;19 30 52.7580 S;RETIRO DOS MOREIRAS;1;35760000
31;26406;5;0;2;ESTRADA;;SEM DENOMINACAO;0;SN     ;44 32 22.5420 W;19 30 54.0240 S;RETIRO DOS MOREIRAS;1;35760000
31;26406;5;0;2;ESTRADA;;SEM DENOMINACAO;0;SN     ;44 32 22.8240 W;19 30 53.8800 S;RETIRO DOS MOREIRAS;1;35760000
31;26406;5;0;2;ESTRADA;;SEM DENOMINACAO;0;SN     ;44 32 19.7040 W;19 30 31.6680 S;RETIRO DOS MOREIRAS;1;35760000
31;26406;5;0;2;ESTRADA;;SEM DENOMINACAO;0;SN     ;44 32 19.7040 W;19 30 31.6680 S;RETIRO DOS MOREIRAS;3;35760000
31;26406;5;0;2;ESTRADA;;SEM DENOMINACAO;500;;44 32 20.8680 W;19 30 48.6780 S;RETIRO DOS MOREIRAS;6;35760000
31;26406;5;0;2;ESTRADA;;SEM DENOMINACAO;0;SN     ;44 32 22.1460 W;19 30 1.5840 S;RETIRO DOS MOREIRAS;1;35760000
31;26406;5;0;2;ESTRADA;;SEM DENOMINACAO;0;SN     ;44 32 22.1460 W;19 30 1.5840 S;RETIRO DOS MOREIRAS;3;35760000
31;26406;5;0;2;ESTRADA;;SEM DENOMINACAO;0;SN     ;44 32 22.0260 W;19 30 9.9840 S;RETIRO DOS MOREIRAS;1;35760000
31;26406;5;0;2;ESTRADA;;SEM DENOMINACAO;0;SN     ;44 32 15.5940 W;19 30 13.3440 S;RETIRO DOS MOREIRAS;1;35760000
31;26406;5;0;2;ESTRADA;;SEM DENOMINACAO;0;SN     ;44 32 19.4220 W;19 30 39.9660 S;RETIRO DOS MOREIRAS;1;35760000
31;26406;5;0;2;ESTRADA;;SEM DENOMINACAO;0;SN     ;44 32 19.9140 W;19 30 43.9920 S;RETIRO DOS MOREIRAS;1;35760000
31;26406;5;0;2;ESTRADA;;SEM DENOMINACAO;0;SN     ;44 32 27.9120 W;19 31 3.9000 S;RETIRO DOS MOREIRAS;1;35760000
31;26406;5;0;2;ESTRADA;;SEM DENOMINACAO;0;SN     ;44 32 27.7800 W;19 31 4.0680 S;RETIRO DOS MOREIRAS;1;35760000
31;26406;5;0;2;ESTRADA;;SEM DENOMINACAO;0;SN     ;44 32 37.5120 W;19 30 8.3820 S;RETIRO DOS MOREIRAS;1;35760000
31;26406;5;0;2;ESTRADA;;SEM DENOMINACAO;0;SN     ;44 32 37.5120 W;19 30 8.3820 S;RETIRO DOS MOREIRAS;3;35760000
31;26406;5;0;2;FAZENDA;;ABIDALA;0;SN     ;44 32 49.2420 W;19 29 29.1360 S;VAQUEJADOR;1;35760000
31;26406;5;0;2;FAZENDA;;ABIDALA;0;SN     ;44 32 49.4100 W;19 29 29.1060 S;VAQUEJADOR;1;35760000
31;26406;5;0;2;FAZENDA;;ABIDALA;0;SN     ;44 32 54.4920 W;19 29 28.5180 S;VAQUEJADOR;1;35760000
31;26406;5;0;2;FAZENDA;;ABIDALA;0;SN     ;44 32 54.4920 W;19 29 28.5180 S;VAQUEJADOR;3;35760000
31;26406;5;0;2;SITIO;;DONA LIDIA;30;;44 32 54.4740 W;19 29 24.7140 S;BEIRA CORREGO;1;35760000
31;26406;5;0;2;SITIO;;DONA LIDIA;12;;44 32 54.5220 W;19 29 24.7440 S;BEIRA CORREGO;1;35760000
31;26406;5;0;2;FAZENDA;;LAGOINHA;0;SN     ;44 33 50.2020 W;19 29 54.8160 S;BEIRA CORREGO;1;35760000
31;26406;5;0;2;FAZENDA;;LAGOINHA;0;SN     ;44 33 57.0600 W;19 30 1.5180 S;BEIRA CORREGO;1;35760000
31;26406;5;0;2;FAZENDA;;LAGOINHA;0;SN     ;44 33 57.0600 W;19 30 1.5180 S;BEIRA CORREGO;3;35760000
31;26406;5;0;2;FAZENDA;;LAGOINHA;0;SN     ;44 33 57.0600 W;19 30 1.5180 S;BEIRA CORREGO;6;35760000
31;26406;5;0;2;FAZENDA;;LAGOINHA;0;SN     ;44 34 2.6700 W;19 31 3.2700 S;BEIRA CORREGO;1;35760000
31;26406;5;0;2;FAZENDA;;LAGOINHA;0;SN     ;44 34 2.6700 W;19 31 3.2700 S;BEIRA CORREGO;3;35760000
31;26406;5;0;2;FAZENDA;;LAGOINHA;0;SN     ;44 33 47.2800 W;19 30 38.9100 S;BEIRA CORREGO;1;35760000
31;26406;5;0;2;FAZENDA;;CENTRAL;0;SN     ;44 31 47.8680 W;19 32 4.7160 S;BEIRA CORREGO;1;35760000
31;26406;5;0;2;FAZENDA;;CENTRAL;0;SN     ;44 31 47.8680 W;19 32 4.7160 S;BEIRA CORREGO;3;35760000
31;26406;5;0;2;FAZENDA;;CENTRAL;0;SN     ;44 31 47.5200 W;19 32 3.7020 S;BEIRA CORREGO;1;35760000
31;26406;5;0;2;FAZENDA;;CENTRAL;0;SN     ;44 31 47.8140 W;19 32 4.5780 S;BEIRA CORREGO;1;35760000
31;26406;5;0;2;FAZENDA;;CENTRAL;0;SN     ;44 31 48.3840 W;19 31 46.9680 S;BEIRA CORREGO;1;35760000
31;26406;5;0;2;FAZENDA;;CENTRAL;0;SN     ;44 31 48.3840 W;19 31 46.9680 S;BEIRA CORREGO;6;35760000
31;26406;5;0;2;SITIO;;SAO GERALDO;0;SN     ;44 32 35.3940 W;19 28 40.1040 S;BEIRA CORREGO;1;35760000
31;26406;5;0;2;SITIO;;SAO GERALDO;0;SN     ;44 32 36.3780 W;19 28 41.2200 S;BEIRA CORREGO;1;35760000
31;26406;5;0;2;SITIO;;SAO GERALDO;0;SN     ;44 32 36.0840 W;19 28 41.0100 S;BEIRA CORREGO;1;35760000
31;26406;5;0;2;ESTRADA;;NAO REGISTRADA;0;SN     ;44 32 36.9240 W;19 28 22.9620 S;LAVES;1;35760000
31;26406;5;0;2;ESTRADA;;NAO REGISTRADA;0;SN     ;44 32 36.7380 W;19 28 22.5900 S;LAVES;1;35760000
31;26406;5;0;2;ESTRADA;;NAO REGISTRADA;0;SN     ;44 32 36.6420 W;19 28 17.1300 S;LAVES;1;35760000
31;26406;5;0;2;ESTRADA;;NAO REGISTRADA;0;SN     ;44 32 36.6120 W;19 28 17.0400 S;LAVES;1;35760000
31;26406;5;0;2;ESTRADA;;NAO REGISTRADA;0;SN     ;44 32 39.6780 W;19 28 19.3380 S;LAVES;1;35760000
31;26406;5;0;2;ESTRADA;;NAO REGISTRADA;0;SN     ;44 32 36.8760 W;19 28 28.8000 S;LAVES;1;35760000
31;26406;5;0;2;ESTRADA;;NAO REGISTRADA;0;SN     ;44 32 32.0520 W;19 28 23.7060 S;LAVES;1;35760000
31;26406;5;0;2;FAZENDA;;SUCUPIRA;0;SN     ;44 32 12.9360 W;19 27 55.8600 S;DIVISA COM QUEIMADO;1;35760000
31;26406;5;0;2;FAZENDA;;SUCUPIRA;0;SN     ;44 32 12.9360 W;19 27 55.8600 S;DIVISA COM QUEIMADO;3;35760000
31;26406;5;0;2;FAZENDA;;QUEIMADO;0;SN     ;44 31 35.7000 W;19 28 29.6220 S;QUEIMADO;1;35760000
31;26406;5;0;2;ESTRADA;;PEIXE BRAVO;0;SN     ;44 30 35.4000 W;19 35 15.2880 S;FORTUNA DE MINAS;1;35760000
31;26406;5;0;2;ESTRADA;;PEIXE BRAVO;0;SN     ;44 30 35.4000 W;19 35 15.2880 S;FORTUNA DE MINAS;3;35760000
31;26406;5;0;2;ESTRADA;;PEIXE BRAVO;0;SN     ;44 30 41.2500 W;19 35 7.8120 S;FORTUNA DE MINAS;1;35760000
31;26406;5;0;2;ESTRADA;;PEIXE BRAVO;0;SN     ;44 30 41.2500 W;19 35 7.8120 S;FORTUNA DE MINAS;3;35760000
31;26406;5;0;2;POVOADO;;VARZEA DOS TOCOS;0;SN     ;44 29 45.3360 W;19 33 48.5820 S;VARZEA DOS TOCOS;1;35760000
31;26406;5;0;2;POVOADO;;VARZEA DOS TOCOS;0;SN     ;44 29 45.4020 W;19 33 48.6840 S;VARZEA DOS TOCOS;1;35760000
31;26406;5;0;2;POVOADO;;VARZEA DOS TOCOS;0;SN     ;44 29 45.5760 W;19 33 49.3620 S;VARZEA DOS TOCOS;1;35760000
31;26406;5;0;2;POVOADO;;VARZEA DOS TOCOS;0;SN     ;44 29 45.2880 W;19 33 49.4160 S;VARZEA DOS TOCOS;6;35760000
31;26406;5;0;2;POVOADO;;VARZEA DOS TOCOS;0;SN     ;44 29 51.8580 W;19 33 51.8040 S;VARZEA DOS TOCOS;1;35760000
31;26406;5;0;2;POVOADO;;VARZEA DOS TOCOS;0;SN     ;44 29 55.0500 W;19 33 56.6940 S;VARZEA DOS TOCOS;6;35760000
31;26406;5;0;2;POVOADO;;VARZEA DOS TOCOS;0;SN     ;44 29 58.9080 W;19 33 47.9280 S;VARZEA DOS TOCOS;1;35760000
31;26406;5;0;2;POVOADO;;VARZEA DOS TOCOS;0;SN     ;44 29 58.7040 W;19 33 47.7900 S;VARZEA DOS TOCOS;1;35760000
31;26406;5;0;2;POVOADO;;VARZEA DOS TOCOS;0;SN     ;44 29 59.5680 W;19 33 49.0920 S;VARZEA DOS TOCOS;6;35760000
31;26406;5;0;2;ESTRADA;;TRES BARRAS;0;SN     ;44 27 4.6140 W;19 34 3.0960 S;ESTRADA TRES BARRAS;1;35760000
31;26406;5;0;2;ESTRADA;;TRES BARRAS;0;SN     ;44 27 20.3820 W;19 34 14.7600 S;ESTRADA TRES BARRAS;1;35760000
31;26406;5;0;2;ESTRADA;;TRES BARRAS;0;SN     ;44 27 21.7200 W;19 34 15.4500 S;ESTRADA TRES BARRAS;1;35760000
31;26406;5;0;2;ESTRADA;;TRES BARRAS;0;SN     ;44 27 33.9840 W;19 34 39.5340 S;ESTRADA TRES BARRAS;1;35760000
31;26406;5;0;2;ESTRADA;;TRES BARRAS;0;SN     ;44 27 33.9600 W;19 34 39.6480 S;ESTRADA TRES BARRAS;3;35760000
31;26406;5;0;2;ESTRADA;;TRES BARRAS;0;SN     ;44 27 47.9580 W;19 34 52.8720 S;ESTRADA TRES BARRAS;1;35760000
31;26406;5;0;2;ESTRADA;;TRES BARRAS;0;SN     ;44 27 47.7000 W;19 34 52.7400 S;ESTRADA TRES BARRAS;3;35760000
31;26406;5;0;2;ESTRADA;;TRES BARRAS;0;SN     ;44 27 44.7720 W;19 34 49.3260 S;ESTRADA TRES BARRAS;3;35760000
31;26406;5;0;2;ESTRADA;;TRES BARRAS;0;SN     ;44 27 43.6740 W;19 35 15.8700 S;ESTRADA TRES BARRAS;1;35760000
31;26406;5;0;2;ESTRADA;;TRES BARRAS;0;SN     ;44 27 43.0020 W;19 35 15.0660 S;ESTRADA TRES BARRAS;1;35760000
31;26406;5;0;2;ESTRADA;;TRES BARRAS;0;SN     ;44 27 44.0880 W;19 35 22.3500 S;ESTRADA TRES BARRAS;1;35760000
31;26406;5;0;2;ESTRADA;;TRES BARRAS;0;SN     ;44 27 44.0880 W;19 35 22.3500 S;ESTRADA TRES BARRAS;3;35760000
31;26406;5;0;2;ESTRADA;;TRES BARRAS;0;SN     ;44 27 45.4620 W;19 35 23.3940 S;ESTRADA TRES BARRAS;1;35760000
31;26406;5;0;2;ESTRADA;;TRES BARRAS;0;SN     ;44 27 45.4620 W;19 35 23.3940 S;ESTRADA TRES BARRAS;3;35760000
31;26406;5;0;2;ESTRADA;;TRES BARRAS;0;SN     ;44 27 34.1460 W;19 34 44.7060 S;ESTRADA TRES BARRAS;1;35760000
31;26406;5;0;2;ESTRADA;;TRES BARRAS;0;SN     ;44 29 15.5340 W;19 35 27.1140 S;ESTRADA TRES BARRAS;1;35760000
31;26406;5;0;2;ESTRADA;;TRES BARRAS;0;SN     ;44 29 15.5340 W;19 35 27.1140 S;ESTRADA TRES BARRAS;3;35760000
31;26406;5;0;2;ESTRADA;;TRES BARRAS;0;SN     ;44 30 48.3300 W;19 32 36.4020 S;ESTRADA TRES BARRAS;1;35760000
31;26406;5;0;2;ESTRADA;;TRES BARRAS;0;SN     ;44 30 48.3300 W;19 32 36.4020 S;ESTRADA TRES BARRAS;6;35760000
31;26406;5;0;2;RUA;;CAPAO QUEIMADO;0;SN     ;44 28 12.2100 W;19 33 8.8260 S;SITIO;1;35760000
31;26406;5;0;2;RUA;;CAPAO QUEIMADO;0;SN     ;44 28 12.3480 W;19 33 8.8260 S;SITIO;1;35760000
31;26406;5;0;2;RUA;;CAPAO QUEIMADO;0;SN     ;44 28 30.0420 W;19 33 2.1540 S;SITIO;1;35760000
31;26406;5;0;2;RUA;;CAPAO QUEIMADO;0;SN     ;44 28 22.2540 W;19 33 13.0260 S;SITIO;3;35760000
31;26406;5;0;2;RUA;;CAPAO QUEIMADO;0;SN     ;44 27 52.8360 W;19 33 19.0920 S;SITIO;3;35760000
31;26406;5;0;2;RUA;;AMORAS;0;SN     ;44 27 7.1580 W;19 33 3.9720 S;ESTRADA P CAHOEIRA;1;35760000
31;26406;5;0;2;ESTRADA;;SEM NOMEACAO;0;SN     ;44 34 19.2240 W;19 28 10.9860 S;ASSOBIO;1;35760000
31;26406;5;0;2;ESTRADA;;SEM NOMEACAO;0;SN     ;44 34 19.2240 W;19 28 10.9860 S;ASSOBIO;3;35760000
31;26406;5;0;2;ESTRADA;;SEM NOMEACAO;0;SN     ;44 34 19.9920 W;19 28 11.0580 S;ASSOBIO;1;35760000
31;26406;5;0;2;ESTRADA;;SEM NOMEACAO;0;SN     ;44 34 18.2880 W;19 28 11.0460 S;ASSOBIO;1;35760000
31;26406;5;0;2;ESTRADA;;SEM NOMEACAO;0;SN     ;44 34 18.2880 W;19 28 11.0460 S;ASSOBIO;3;35760000
31;26406;5;0;2;ESTRADA;;SEM NOMEACAO;0;SN     ;44 34 1.9800 W;19 28 33.8280 S;ASSOBIO;1;35760000
31;26406;5;0;2;ESTRADA;;SEM NOMEACAO;0;SN     ;44 34 1.9800 W;19 28 33.8280 S;ASSOBIO;3;35760000
31;26406;5;0;2;ESTRADA;;SEM NOMEACAO;0;SN     ;44 34 11.8800 W;19 28 32.1960 S;ASSOBIO;1;35760000
31;26406;5;0;2;ESTRADA;;SEM NOMEACAO;0;SN     ;44 34 11.8800 W;19 28 32.1960 S;ASSOBIO;3;35760000
31;26406;5;0;2;ESTRADA;;SEM NOMEACAO;0;SN     ;44 34 12.1740 W;19 28 32.1420 S;ASSOBIO;1;35760000
31;26406;5;0;2;ESTRADA;;SEM NOMEACAO;0;SN     ;44 34 4.3260 W;19 28 34.0920 S;ASSOBIO;1;35760000
31;26406;5;0;2;ESTRADA;;SEM NOMEACAO;0;SN     ;44 34 7.0980 W;19 28 0.1320 S;ASSOBIO;1;35760000
31;26406;5;0;2;ESTRADA;;SEM NOMEACAO;0;SN     ;44 34 7.0980 W;19 28 0.1320 S;ASSOBIO;3;35760000
31;26406;5;0;2;ESTRADA;;SEM NOMEACAO;0;SN     ;44 34 6.6840 W;19 28 0.1680 S;ASSOBIO;1;35760000
31;26406;5;0;2;FAZENDA;;CAVINHA;0;SN     ;44 32 1.4460 W;19 31 18.9000 S;BEIRA  CORREGO;1;35760000
31;26406;5;0;2;FAZENDA;;CAVINHA;0;SN     ;44 32 1.4460 W;19 31 18.9000 S;BEIRA  CORREGO;3;35760000
31;26406;5;0;2;FAZENDA;;CAVINHA;0;SN     ;44 31 34.8900 W;19 31 11.0280 S;BEIRA  CORREGO;1;35760000
31;26406;5;0;2;FAZENDA;;CAVINHA;0;SN     ;44 31 34.8900 W;19 31 11.0280 S;BEIRA  CORREGO;3;35760000
31;26406;5;0;2;ESTRADA;;SEM DENOMINACAO;0;SN     ;44 32 22.2180 W;19 30 13.4880 S;RETIRO DOS MOREIRAS;1;35760000
31;26406;5;0;2;ESTRADA;;SEM DENOMINACAO;0;SN     ;44 32 22.7160 W;19 30 13.2120 S;RETIRO DOS MOREIRAS;1;35760000
31;26406;5;0;2;ESTRADA;;SEM DENOMINACAO;0;SN     ;44 32 24.2820 W;19 30 13.4160 S;RETIRO DOS MOREIRAS;1;35760000
31;26406;5;0;2;ESTRADA;;SEM DENOMINACAO;0;SN     ;44 32 26.5380 W;19 30 12.0300 S;RETIRO DOS MOREIRAS;1;35760000
31;26406;5;0;2;ESTRADA;;SEM DENOMINACAO;0;SN     ;44 32 20.7840 W;19 30 48.9360 S;RETIRO DOS MOREIRAS;6;35760000
31;26406;5;0;2;ESTRADA;;SEM DENOMINACAO;0;SN     ;44 32 20.7660 W;19 30 48.9360 S;RETIRO DOS MOREIRAS;1;35760000
31;26406;5;0;2;ESTRADA;;SEM DENOMINACAO;0;SN     ;44 32 20.7660 W;19 30 48.9360 S;RETIRO DOS MOREIRAS;3;35760000
31;26406;5;0;2;ESTRADA;;SEM DENOMINACAO;0;SN     ;44 32 26.3520 W;19 30 16.7640 S;RETIRO DOS MOREIRAS;1;35760000
31;26406;5;0;2;RUA;;AREAO;0;SN     ;44 27 34.2060 W;19 33 28.3080 S;CAMPO VERDE;3;35760000
31;26406;5;0;2;RUA;;AREAO;0;SN     ;44 27 34.3200 W;19 33 28.1580 S;CAMPO VERDE;1;35760000
31;26406;5;0;2;RUA;;AREAO;0;SN     ;44 27 37.1460 W;19 33 26.0280 S;CAMPO VERDE;1;35760000
31;26406;5;0;2;RUA;;AREAO;0;SN     ;44 27 38.4360 W;19 33 25.0920 S;CAMPO VERDE;1;35760000
31;26406;5;0;2;POVOADO;;CORREGO DE AREIA;0;SN     ;44 27 21.4560 W;19 33 35.8260 S;FORTUNA DE MINAS;1;35760000
31;26406;5;0;2;POVOADO;;CORREGO DE AREIA;0;SN     ;44 27 22.7280 W;19 33 34.0020 S;FORTUNA DE MINAS;1;35760000
31;26406;5;0;2;POVOADO;;CORREGO DE AREIA;0;SN     ;44 27 9.9780 W;19 33 33.8220 S;FORTUNA DE MINAS;1;35760000
31;26406;5;0;2;POVOADO;;CORREGO DE AREIA;0;SN     ;44 27 5.6280 W;19 33 35.3280 S;FORTUNA DE MINAS;1;35760000
31;26406;5;0;2;POVOADO;;CORREGO DE AREIA;0;SN     ;44 27 5.5980 W;19 33 26.8680 S;FORTUNA DE MINAS;1;35760000
31;26406;5;0;2;POVOADO;;CORREGO DE AREIA;0;SN     ;44 27 23.0760 W;19 33 47.2140 S;FORTUNA DE MINAS;3;35760000
31;26406;5;0;2;POVOADO;;CORREGO DE AREIA;0;SN     ;44 27 24.5340 W;19 33 48.5700 S;FORTUNA DE MINAS;1;35760000
31;26406;5;0;2;POVOADO;;CORREGO DE AREIA;0;SN     ;44 27 32.4900 W;19 34 6.2940 S;FORTUNA DE MINAS;1;35760000
31;26406;5;0;2;POVOADO;;CORREGO DE AREIA;0;SN     ;44 27 33.4140 W;19 34 6.8160 S;FORTUNA DE MINAS;1;35760000
31;26406;5;0;2;POVOADO;;CORREGO DE AREIA;0;SN     ;44 27 32.7960 W;19 34 6.0600 S;FORTUNA DE MINAS;1;35760000
31;26406;5;0;2;POVOADO;;CORREGO DE AREIA;0;SN     ;44 27 33.3780 W;19 34 8.2980 S;FORTUNA DE MINAS;1;35760000
31;26406;5;0;2;POVOADO;;CORREGO DE AREIA;0;SN     ;44 27 33.1800 W;19 34 8.0220 S;FORTUNA DE MINAS;1;35760000
31;26406;5;0;2;POVOADO;;CORREGO DE AREIA;0;SN     ;44 27 36.8520 W;19 34 6.5760 S;FORTUNA DE MINAS;1;35760000
31;26406;5;0;2;POVOADO;;CORREGO DE AREIA;0;SN     ;44 27 37.5720 W;19 34 7.4400 S;FORTUNA DE MINAS;1;35760000
31;26406;5;0;2;POVOADO;;CORREGO DE AREIA;0;SN     ;44 27 38.7300 W;19 34 9.2820 S;FORTUNA DE MINAS;3;35760000
31;26406;5;0;2;POVOADO;;CORREGO DE AREIA;0;SN     ;44 27 39.1260 W;19 34 11.1420 S;FORTUNA DE MINAS;1;35760000
31;26406;5;0;2;POVOADO;;CORREGO DE AREIA;0;SN     ;44 27 44.1600 W;19 34 12.3660 S;FORTUNA DE MINAS;3;35760000
31;26406;5;0;2;POVOADO;;CORREGO DE AREIA;0;SN     ;44 27 46.4760 W;19 34 11.4180 S;FORTUNA DE MINAS;1;35760000
31;26406;5;0;2;POVOADO;;CORREGO DE AREIA;0;SN     ;44 27 32.8680 W;19 34 0.5040 S;FORTUNA DE MINAS;1;35760000
31;26406;5;0;2;POVOADO;;CORREGO DE AREIA;0;SN     ;44 27 47.1840 W;19 34 11.0820 S;FORTUNA DE MINAS;1;35760000
31;26406;5;0;2;POVOADO;;CORREGO DE AREIA;0;SN     ;44 27 49.2480 W;19 34 10.9680 S;FORTUNA DE MINAS;1;35760000
31;26406;5;0;2;POVOADO;;CORREGO DE AREIA;0;SN     ;44 27 55.9680 W;19 34 12.3840 S;FORTUNA DE MINAS;1;35760000
31;26406;5;0;2;POVOADO;;CORREGO DE AREIA;0;SN     ;44 27 56.0280 W;19 34 13.4220 S;FORTUNA DE MINAS;3;35760000
31;26406;5;0;2;POVOADO;;CORREGO DE AREIA;0;SN     ;44 28 8.7780 W;19 34 10.0920 S;FORTUNA DE MINAS;3;35760000
31;26406;5;0;2;POVOADO;;CORREGO DE AREIA;0;SN     ;44 28 8.6580 W;19 34 9.9660 S;FORTUNA DE MINAS;3;35760000
31;26406;5;0;2;POVOADO;;CORREGO DE AREIA;0;SN     ;44 28 40.1220 W;19 34 1.8900 S;FORTUNA DE MINAS;1;35760000
31;26406;5;0;2;POVOADO;;CORREGO DE AREIA;0;SN     ;44 28 39.7380 W;19 34 1.9500 S;FORTUNA DE MINAS;1;35760000
31;26406;5;0;2;POVOADO;;CORREGO DE AREIA;0;SN     ;44 28 41.7780 W;19 34 3.9720 S;FORTUNA DE MINAS;1;35760000
31;26406;5;0;2;POVOADO;;CORREGO DE AREIA;0;SN     ;44 28 31.3800 W;19 34 2.3100 S;FORTUNA DE MINAS;3;35760000
31;26406;5;0;2;POVOADO;;CORREGO DE AREIA;0;SN     ;44 27 48.5040 W;19 34 11.3460 S;FORTUNA DE MINAS;1;35760000
31;26406;5;0;2;POVOADO;;CORREGO DE AREIA;0;SN     ;44 28 44.2080 W;19 33 51.5400 S;FORTUNA DE MINAS;1;35760000
31;26406;5;0;2;POVOADO;;CORREGO DE AREIA;0;SN     ;44 28 44.3400 W;19 33 51.5580 S;FORTUNA DE MINAS;3;35760000
31;26406;5;0;2;POVOADO;;CORREGO DE AREIA;0;SN     ;44 28 48.2640 W;19 33 55.6560 S;FORTUNA DE MINAS;1;35760000
31;26406;5;0;2;POVOADO;;CORREGO DE AREIA;0;SN     ;44 28 52.6980 W;19 33 58.6140 S;FORTUNA DE MINAS;3;35760000
31;26406;5;0;2;SITIO;;DO WILIAN;0;SN     ;44 32 53.4060 W;19 29 6.2880 S;BEIRA CORREGO;1;35760000
31;26406;5;0;2;SITIO;;DO WILIAN;0;SN     ;44 32 53.3280 W;19 29 7.1880 S;BEIRA CORREGO;1;35760000
31;26406;5;0;2;SITIO;;SINVAL VIEIRA;50;;44 26 38.3940 W;19 33 42.5460 S;BEIRA CORREGO;1;35760000
31;26406;5;0;2;SITIO;;DA BAIXADA;0;SN     ;44 32 15.1200 W;19 28 43.1340 S;BEIRA CORREGO;1;35760000
31;26406;5;0;2;SITIO;;DA BAIXADA;0;SN     ;44 32 10.8900 W;19 28 43.2420 S;BEIRA CORREGO;1;35760000
31;26406;5;0;2;SITIO;;DA BAIXADA;0;SN     ;44 32 8.1420 W;19 28 45.9120 S;BEIRA CORREGO;1;35760000
31;26406;5;0;2;COMUNIDADE;;BEIRA CORREGO;83;;44 32 44.9100 W;19 29 0.0720 S;BEIRA CORREGO;6;35760000
31;26406;5;0;2;COMUNIDADE;;BEIRA CORREGO;26;;44 32 44.8500 W;19 29 0.2700 S;BEIRA CORREGO;1;35760000
31;26406;5;0;2;COMUNIDADE;;BEIRA CORREGO;53;;44 32 42.4680 W;19 28 59.8380 S;BEIRA CORREGO;6;35760000
31;26406;5;0;2;COMUNIDADE;;BEIRA CORREGO;41;;44 32 46.7820 W;19 28 59.7600 S;BEIRA CORREGO;1;35760000
31;26406;5;0;2;COMUNIDADE;;BEIRA CORREGO;53;;44 32 42.4680 W;19 28 59.8380 S;BEIRA CORREGO;1;35760000
31;26406;5;0;2;COMUNIDADE;;BEIRA CORREGO;101;;44 32 44.6400 W;19 28 55.9620 S;BEIRA CORREGO;1;35760000
31;26406;5;0;2;COMUNIDADE;;BEIRA CORREGO;74;;44 32 44.5500 W;19 28 56.7360 S;BEIRA CORREGO;1;35760000
31;26406;5;0;2;COMUNIDADE;;BEIRA CORREGO;40;;44 32 47.7180 W;19 28 57.5580 S;BEIRA CORREGO;1;35760000
31;26406;5;0;2;COMUNIDADE;;BEIRA CORREGO;83;;44 32 44.9100 W;19 29 0.0720 S;BEIRA CORREGO;1;35760000
31;26406;5;0;2;COMUNIDADE;;BEIRA CORREGO;76;;44 32 44.8560 W;19 28 57.2100 S;BEIRA CORREGO;1;35760000
31;26406;5;0;2;COMUNIDADE;;BEIRA CORREGO;39;;44 32 47.8920 W;19 28 49.9860 S;BEIRA CORREGO;1;35760000
31;26406;5;0;2;COMUNIDADE;;BEIRA CORREGO;0;SN     ;44 32 50.6640 W;19 29 0.4200 S;BEIRA CORREGO;1;35760000
31;26406;5;0;2;COMUNIDADE;;BEIRA CORREGO;71;;44 32 45.3900 W;19 28 56.7420 S;BEIRA CORREGO;1;35760000
31;26406;5;0;2;COMUNIDADE;;BEIRA CORREGO;0;SN     ;44 32 47.6880 W;19 29 36.0360 S;BEIRA CORREGO;1;35760000
31;26406;5;0;2;COMUNIDADE;;BEIRA CORREGO;0;SN     ;44 32 47.8500 W;19 29 36.2100 S;BEIRA CORREGO;1;35760000
31;26406;5;0;2;COMUNIDADE;;BEIRA CORREGO;0;SN     ;44 32 48.1140 W;19 29 36.4500 S;BEIRA CORREGO;1;35760000
31;26406;5;0;2;COMUNIDADE;;BEIRA CORREGO;0;SN     ;44 32 45.3540 W;19 29 0.3720 S;BEIRA CORREGO;1;35760000
31;26406;5;0;2;COMUNIDADE;;BEIRA CORREGO;0;SN     ;44 32 45.1140 W;19 29 0.4680 S;BEIRA CORREGO;1;35760000
31;26406;5;0;2;COMUNIDADE;;BEIRA CORREGO;0;SN     ;44 32 45.6420 W;19 28 59.6460 S;BEIRA CORREGO;1;35760000
31;26406;5;0;2;ESTRADA;;PEIXE BRAVO;0;SN     ;44 30 35.1840 W;19 35 15.4620 S;FORTUNA DE MINAS;1;35760000
31;26406;5;0;2;POVOADO;;CORREGO DE AREIA;0;SN     ;44 31 20.2920 W;19 33 35.8020 S;FORTUNA DE MINAS;5;35760000
31;26406;5;0;2;POVOADO;;CORREGO DE AREIA;0;SN     ;44 31 20.2140 W;19 33 35.5440 S;FORTUNA DE MINAS;1;35760000
31;26406;5;0;2;POVOADO;;CORREGO DE AREIA;0;SN     ;44 31 20.2200 W;19 33 35.2380 S;FORTUNA DE MINAS;1;35760000
31;26406;5;0;2;POVOADO;;CORREGO DE AREIA;0;SN     ;44 31 19.4880 W;19 33 37.2900 S;FORTUNA DE MINAS;1;35760000
31;26406;5;0;2;POVOADO;;CORREGO DE AREIA;0;SN     ;44 31 19.4880 W;19 33 37.2900 S;FORTUNA DE MINAS;3;35760000
31;26406;5;0;2;POVOADO;;CORREGO DE AREIA;444;SUCAM  ;44 31 19.5480 W;19 33 37.3320 S;FORTUNA DE MINAS;1;35760000
31;26406;5;0;2;POVOADO;;CORREGO DE AREIA;473;SUCAM  ;44 31 22.8600 W;19 33 44.7900 S;FORTUNA DE MINAS;1;35760000
31;26406;5;0;2;POVOADO;;CORREGO DE AREIA;0;SN     ;44 31 22.9140 W;19 33 44.7300 S;FORTUNA DE MINAS;3;35760000
31;26406;5;0;2;POVOADO;;CORREGO DE AREIA;132;KM     ;44 31 25.1340 W;19 33 38.6580 S;FORTUNA DE MINAS;1;35760000
31;26406;5;0;2;POVOADO;;CORREGO DE AREIA;117;KM     ;44 31 28.2780 W;19 33 37.2360 S;FORTUNA DE MINAS;1;35760000
31;26406;5;0;2;POVOADO;;CORREGO DE AREIA;215;KM     ;44 31 28.8000 W;19 33 40.9500 S;FORTUNA DE MINAS;1;35760000
31;26406;5;0;2;POVOADO;;CORREGO DE AREIA;117;SUCAM  ;44 31 30.2100 W;19 33 43.5360 S;FORTUNA DE MINAS;3;35760000
31;26406;5;0;2;POVOADO;;CORREGO DE AREIA;0;SN     ;44 31 1.1280 W;19 34 4.0500 S;FORTUNA DE MINAS;1;35760000
31;26406;5;0;2;POVOADO;;CORREGO DE AREIA;0;SN     ;44 31 1.4100 W;19 34 3.9239 S;FORTUNA DE MINAS;3;35760000
31;26406;5;0;2;POVOADO;;CORREGO DE AREIA;0;SN     ;44 30 59.9340 W;19 34 12.9360 S;FORTUNA DE MINAS;1;35760000
31;26406;5;0;2;POVOADO;;CORREGO DE AREIA;0;SN     ;44 31 6.1680 W;19 34 19.1760 S;FORTUNA DE MINAS;1;35760000
31;26406;5;0;2;POVOADO;;CORREGO DE AREIA;0;SN     ;44 31 7.4940 W;19 34 19.5060 S;FORTUNA DE MINAS;1;35760000
31;26406;5;0;2;POVOADO;;CORREGO DE AREIA;0;SN     ;44 31 3.1200 W;19 34 15.8280 S;FORTUNA DE MINAS;7;35760000
31;26406;5;0;2;POVOADO;;CORREGO DE AREIA;0;SN     ;44 31 42.7680 W;19 33 18.4380 S;FORTUNA DE MINAS;1;35760000
31;26406;5;0;2;POVOADO;;CORREGO DE AREIA;0;SN     ;44 31 42.6780 W;19 33 18.4920 S;FORTUNA DE MINAS;1;35760000
31;26406;5;0;2;POVOADO;;CORREGO DE AREIA;0;SN     ;44 31 43.4880 W;19 33 24.6060 S;FORTUNA DE MINAS;1;35760000
31;26406;5;0;2;POVOADO;;CORREGO DE AREIA;0;SN     ;44 31 43.5300 W;19 33 24.6240 S;FORTUNA DE MINAS;1;35760000
31;26406;5;0;2;POVOADO;;CORREGO DE AREIA;0;SN     ;44 31 31.4520 W;19 33 32.0820 S;FORTUNA DE MINAS;1;35760000
31;26406;5;0;2;POVOADO;;CORREGO DE AREIA;0;SN     ;44 31 31.5000 W;19 33 32.0460 S;FORTUNA DE MINAS;1;35760000
31;26406;5;0;2;POVOADO;;CORREGO DE AREIA;500;;44 31 26.3640 W;19 33 27.4560 S;FORTUNA DE MINAS;1;35760000
31;26406;5;0;2;POVOADO;;CORREGO DE AREIA;0;SN     ;44 31 26.7360 W;19 33 29.0940 S;FORTUNA DE MINAS;1;35760000
31;26406;5;0;2;POVOADO;;CORREGO DE AREIA;0;SN     ;44 31 26.4300 W;19 33 29.2560 S;FORTUNA DE MINAS;1;35760000
31;26406;5;0;2;POVOADO;;CORREGO DE AREIA;0;SN     ;44 31 26.4300 W;19 33 29.2560 S;FORTUNA DE MINAS;3;35760000
31;26406;5;0;2;POVOADO;;CORREGO DE AREIA;0;SN     ;44 31 27.4200 W;19 33 29.9160 S;FORTUNA DE MINAS;1;35760000
31;26406;5;0;2;POVOADO;;CORREGO DE AREIA;0;SN     ;44 31 27.2340 W;19 33 29.8860 S;FORTUNA DE MINAS;1;35760000
31;26406;5;0;2;POVOADO;;CORREGO DE AREIA;298;SMS    ;44 31 26.8680 W;19 33 34.2120 S;FORTUNA DE MINAS;1;35760000
31;26406;5;0;2;POVOADO;;CORREGO DE AREIA;315;SMS    ;44 31 29.4840 W;19 33 46.9800 S;FORTUNA DE MINAS;1;35760000
31;26406;5;0;2;POVOADO;;CORREGO DE AREIA;365;SMS    ;44 31 29.9160 W;19 33 47.2020 S;FORTUNA DE MINAS;1;35760000
31;26406;5;0;2;POVOADO;;CORREGO DE AREIA;0;SN     ;44 31 29.8200 W;19 33 47.1360 S;FORTUNA DE MINAS;1;35760000
31;26406;5;0;2;POVOADO;;CORREGO DE AREIA;0;SN     ;44 31 29.9700 W;19 33 47.2440 S;FORTUNA DE MINAS;1;35760000
31;26406;5;0;2;POVOADO;;CORREGO DE AREIA;0;SN     ;44 31 31.7400 W;19 33 46.2060 S;FORTUNA DE MINAS;1;35760000
31;26406;5;0;2;POVOADO;;CORREGO DE AREIA;80;SMS    ;44 31 26.9100 W;19 33 38.6640 S;FORTUNA DE MINAS;1;35760000
31;26406;5;0;2;POVOADO;;CORREGO DE AREIA;0;SN     ;44 31 32.5080 W;19 33 37.7940 S;FORTUNA DE MINAS;1;35760000
31;26406;5;0;2;ESTRADA;;MG 238;10;KM     ;44 27 20.2140 W;19 33 16.5360 S;SITIO;1;35760000
31;26406;5;0;2;ESTRADA;;MG 238;0;SN     ;44 27 16.1040 W;19 33 15.3420 S;SITIO;1;35760000
31;26406;5;0;2;RUA;;JOSE MARCAL;501;KM     ;44 26 49.9800 W;19 33 14.1780 S;K3;1;35760000
31;26406;5;0;2;RUA;;JOSE MARCAL;501;KM     ;44 26 49.8360 W;19 33 14.2740 S;K3;1;35760000
31;26406;5;0;2;RUA;;JOSE MARCAL;0;SN     ;44 26 49.0020 W;19 33 16.3800 S;K3;7;35760000
31;26406;5;0;2;RUA;;JOSE MARCAL;250;KM     ;44 26 48.2220 W;19 33 19.2360 S;K3;1;35760000
31;26406;5;0;2;RUA;;JOSE MARCAL;230;KM     ;44 26 48.2220 W;19 33 21.0180 S;K3;1;35760000
31;26406;5;0;2;ESTRADA;;ACESSO MG238;0;SN     ;44 27 0.4800 W;19 33 21.7440 S;SAINDO PARA CAHOEIRA;1;35760000
31;26406;5;0;2;RUA;;PITEIRAS;420;KM     ;44 26 46.4220 W;19 33 11.8740 S;ESTRADA SEM ASFALTO SL;3;35760000
31;26406;5;0;2;RUA;;PITEIRAS;420;KM     ;44 26 46.4640 W;19 33 11.9220 S;ESTRADA SEM ASFALTO SL;1;35760000
31;26406;5;0;2;RUA;;PITEIRAS;0;SN     ;44 26 46.4580 W;19 33 12.7440 S;ESTRADA SEM ASFALTO SL;1;35760000
31;26406;5;0;2;RUA;;PITEIRAS;420;KM     ;44 26 46.4220 W;19 33 11.8740 S;ESTRADA SEM ASFALTO SL;1;35760000
31;26406;5;0;2;RUA;;CHACARAS;0;SN     ;44 26 37.9260 W;19 33 19.8060 S;CHEGADA DE FORTUNA;1;35760000
31;26406;5;0;2;RUA;;CHACARAS;0;SN     ;44 26 39.1920 W;19 33 20.4420 S;CHEGADA DE FORTUNA;3;35760000
31;26406;5;0;2;RUA;;CHACARAS;0;SN     ;44 26 42.1140 W;19 33 18.4380 S;CHEGADA DE FORTUNA;1;35760000
31;26406;5;0;2;RUA;;CHACARAS;7;KM     ;44 26 42.3000 W;19 33 18.5040 S;CHEGADA DE FORTUNA;1;35760000
31;26406;5;0;2;RUA;;CHACARAS;3;KM     ;44 26 42.2340 W;19 33 18.5760 S;CHEGADA DE FORTUNA;1;35760000
31;26406;5;0;2;RUA;;CHACARAS;0;SN     ;44 26 44.2080 W;19 33 16.5600 S;CHEGADA DE FORTUNA;7;35760000
31;26406;5;0;2;RUA;;AREAO;0;SN     ;44 27 20.3100 W;19 33 34.7400 S;CAMPO VERDE;1;35760000
31;26406;5;0;2;RUA;;AREAO;0;SN     ;44 27 22.5180 W;19 33 36.2220 S;CAMPO VERDE;1;35760000
31;26406;5;0;2;RUA;;AREAO;0;SN     ;44 27 30.1800 W;19 33 35.3400 S;CAMPO VERDE;1;35760000
31;26406;5;0;2;RUA;;AREAO;0;SN     ;44 27 29.7180 W;19 33 31.2000 S;CAMPO VERDE;7;35760000
31;26406;5;0;2;RUA;;AREAO;0;SN     ;44 27 29.7840 W;19 33 31.2360 S;CAMPO VERDE;3;35760000
31;26406;5;0;2;RUA;;AREAO;0;SN     ;44 27 29.5380 W;19 33 31.3380 S;CAMPO VERDE;1;35760000
31;26406;5;0;2;RUA;;AREAO;0;SN     ;44 27 23.3940 W;19 33 34.3860 S;CAMPO VERDE;1;35760000
31;26406;5;0;2;RUA;;AREAO;0;SN     ;44 27 33.0660 W;19 33 29.0940 S;CAMPO VERDE;3;35760000
31;26406;5;0;2;POVOADO;;CORREGO DE AREIA;0;SN     ;44 31 17.7540 W;19 33 27.6720 S;FORTUNA DE MINAS;6;35760000
31;26406;5;0;2;POVOADO;;CORREGO DE AREIA;0;SN     ;44 31 24.1380 W;19 33 38.7780 S;FORTUNA DE MINAS;1;35760000
31;26406;5;0;2;POVOADO;;CORREGO DE AREIA;0;SN     ;44 31 46.4520 W;19 33 16.3620 S;FORTUNA DE MINAS;1;35760000
31;26406;5;0;2;POVOADO;;CORREGO DE AREIA;0;SN     ;44 31 47.5980 W;19 32 51.6960 S;FORTUNA DE MINAS;1;35760000
31;26406;5;0;2;POVOADO;;CORREGO DE AREIA;0;SN     ;44 31 47.5980 W;19 32 51.6960 S;FORTUNA DE MINAS;3;35760000
31;26406;5;0;2;POVOADO;;CORREGO DE AREIA;0;SN     ;44 31 47.5020 W;19 32 51.7980 S;FORTUNA DE MINAS;1;35760000
31;26406;5;0;2;POVOADO;;CORREGO DE AREIA;0;SN     ;44 30 38.3580 W;19 33 12.6900 S;FORTUNA DE MINAS;1;35760000
31;26406;5;0;2;POVOADO;;CORREGO DE AREIA;0;SN     ;44 30 40.7160 W;19 33 11.8500 S;FORTUNA DE MINAS;1;35760000
31;26406;5;0;2;POVOADO;;CORREGO DE AREIA;0;SN     ;44 30 40.7160 W;19 33 11.8500 S;FORTUNA DE MINAS;3;35760000
31;26406;5;0;2;POVOADO;;CORREGO DE AREIA;0;SN     ;44 30 46.9800 W;19 32 38.3580 S;FORTUNA DE MINAS;1;35760000
31;26406;5;0;2;POVOADO;;CORREGO DE AREIA;0;SN     ;44 30 46.9800 W;19 32 38.3580 S;FORTUNA DE MINAS;3;35760000
31;26406;5;0;2;POVOADO;;CORREGO DE AREIA;0;SN     ;44 30 52.4040 W;19 32 39.0960 S;FORTUNA DE MINAS;1;35760000
31;26406;5;0;2;POVOADO;;CORREGO DE AREIA;0;SN     ;44 30 48.1680 W;19 32 36.3000 S;FORTUNA DE MINAS;1;35760000
31;26406;5;0;2;POVOADO;;CORREGO DE AREIA;500;;44 31 26.3640 W;19 33 27.4560 S;FORTUNA DE MINAS;3;35760000
31;26406;5;0;2;SITIO;;AMORAS;12;KM     ;44 27 0.3600 W;19 33 1.3320 S;KM;1;35760000
31;26406;5;0;2;SITIO;;AMORAS;20;KM     ;44 27 0.4200 W;19 33 1.3740 S;KM;1;35760000
31;26406;5;0;2;SITIO;;AMORAS;20;KM     ;44 27 2.1720 W;19 33 0.6780 S;KM;1;35760000
31;26406;5;0;2;SITIO;;AMORAS;0;KM     ;44 26 50.6820 W;19 33 13.8360 S;KM;1;35760000
31;26406;5;0;2;SITIO;;AMORAS;0;KM     ;44 27 1.9320 W;19 32 44.0940 S;KM;3;35760000
31;26406;5;0;2;SITIO;;AMORAS;2;KM     ;44 27 3.9420 W;19 32 52.3500 S;KM;1;35760000
31;26406;5;0;2;SITIO;;AMORAS;0;SN     ;44 27 4.7280 W;19 33 1.3740 S;KM;1;35760000
31;26406;5;0;2;SITIO;;CASA NOVA;0;SN     ;44 31 12.1440 W;19 32 59.0340 S;CASA NOVA;1;35760000
31;26406;5;0;2;SITIO;;CASA NOVA;0;SN     ;44 31 12.6600 W;19 33 1.5660 S;CASA NOVA;1;35760000
31;26406;5;0;2;SITIO;;CASA NOVA;0;SN     ;44 31 13.5480 W;19 33 1.6440 S;CASA NOVA;1;35760000
31;26406;5;0;2;SITIO;;CASA NOVA;0;SN     ;44 31 10.2360 W;19 32 56.8020 S;CASA NOVA;1;35760000
31;26406;5;0;2;SITIO;;CASA NOVA;0;SN     ;44 31 14.5320 W;19 32 54.5340 S;CASA NOVA;1;35760000
31;26406;5;0;2;SITIO;;CASA NOVA;0;SN     ;44 31 17.3880 W;19 32 48.8760 S;CASA NOVA;1;35760000
31;26406;5;0;2;SITIO;;CASA NOVA;0;SN     ;44 31 13.9620 W;19 32 49.4940 S;CASA NOVA;1;35760000
31;26406;5;0;2;SITIO;;CASA NOVA;0;SN     ;44 31 14.0220 W;19 32 49.6380 S;CASA NOVA;1;35760000
31;26406;5;0;2;SITIO;;CASA NOVA;0;SN     ;44 31 21.8220 W;19 33 2.9940 S;CASA NOVA;1;35760000
31;26406;5;0;2;SITIO;;CASA NOVA;0;SN     ;44 31 21.8220 W;19 33 2.9940 S;CASA NOVA;3;35760000
31;26406;5;0;2;SITIO;;CASA NOVA;0;SN     ;44 31 28.1400 W;19 32 53.7540 S;CASA NOVA;1;35760000
31;26406;5;0;2;SITIO;;CASA NOVA;0;SN     ;44 31 28.1400 W;19 32 53.7540 S;CASA NOVA;3;35760000
31;26406;5;0;2;SITIO;;CASA NOVA;0;SN     ;44 31 30.9420 W;19 32 54.0120 S;CASA NOVA;3;35760000
31;26406;5;0;2;SITIO;;CASA NOVA;0;SN     ;44 31 53.4840 W;19 32 43.8240 S;CASA NOVA;1;35760000
31;26406;5;0;2;SITIO;;CASA NOVA;0;SN     ;44 31 24.4080 W;19 33 4.7040 S;CASA NOVA;1;35760000
31;26406;5;0;2;SITIO;;CASA NOVA;0;SN     ;44 31 40.2240 W;19 32 52.0140 S;CASA NOVA;1;35760000
31;26406;5;0;2;SITIO;;CASA NOVA;0;SN     ;44 31 40.5840 W;19 32 51.9000 S;CASA NOVA;1;35760000
31;26406;5;0;2;POVOADO;;CORREGO DE AREIA;0;SN     ;44 28 52.9440 W;19 33 59.8980 S;FORTUNA DE MINAS;3;35760000
31;26406;5;0;2;POVOADO;;CORREGO DE AREIA;0;SN     ;44 28 58.2780 W;19 33 48.9240 S;FORTUNA DE MINAS;1;35760000
31;26406;5;0;2;POVOADO;;CORREGO DE AREIA;0;SN     ;44 29 10.7760 W;19 33 47.7180 S;FORTUNA DE MINAS;1;35760000
31;26406;5;0;2;POVOADO;;CORREGO DE AREIA;0;SN     ;44 29 26.2980 W;19 33 47.6760 S;FORTUNA DE MINAS;3;35760000
31;26406;5;0;2;POVOADO;;CORREGO DE AREIA;0;SN     ;44 29 26.2140 W;19 33 47.5920 S;FORTUNA DE MINAS;1;35760000
31;26406;5;0;2;POVOADO;;CORREGO DE AREIA;0;SN     ;44 29 26.0220 W;19 33 47.4300 S;FORTUNA DE MINAS;1;35760000
31;26406;5;0;2;POVOADO;;CORREGO DE AREIA;0;SN     ;44 29 47.9340 W;19 34 20.5200 S;FORTUNA DE MINAS;1;35760000
31;26406;5;0;2;POVOADO;;CORREGO DE AREIA;0;SN     ;44 29 47.9340 W;19 34 20.5200 S;FORTUNA DE MINAS;3;35760000
31;26406;5;0;2;POVOADO;;CORREGO DE AREIA;0;SN     ;44 29 47.6280 W;19 34 20.5980 S;FORTUNA DE MINAS;3;35760000
31;26406;5;0;2;POVOADO;;CORREGO DE AREIA;0;SN     ;44 29 59.2020 W;19 34 55.9620 S;FORTUNA DE MINAS;3;35760000
31;26406;5;0;2;POVOADO;;CORREGO DE AREIA;0;SN     ;44 29 59.2020 W;19 34 55.9620 S;FORTUNA DE MINAS;1;35760000
31;26406;5;0;2;POVOADO;;CORREGO DE AREIA;0;SN     ;44 30 5.3340 W;19 34 40.6740 S;FORTUNA DE MINAS;6;35760000
31;26406;5;0;2;POVOADO;;CORREGO DE AREIA;0;SN     ;44 29 55.1040 W;19 34 4.8060 S;FORTUNA DE MINAS;1;35760000
31;26406;5;0;2;POVOADO;;CORREGO DE AREIA;0;SN     ;44 29 43.3980 W;19 33 56.8560 S;FORTUNA DE MINAS;3;35760000
31;26406;5;0;2;POVOADO;;CORREGO DE AREIA;0;SN     ;44 27 12.2040 W;19 33 37.1160 S;FORTUNA DE MINAS;1;35760000
31;26406;5;0;2;POVOADO;;CORREGO DE AREIA;0;SN     ;44 30 45.4500 W;19 33 11.8500 S;FORTUNA DE MINAS;1;35760000
31;26406;5;0;2;POVOADO;;CORREGO DE AREIA;0;SN     ;44 31 3.6660 W;19 33 11.6700 S;FORTUNA DE MINAS;1;35760000
31;26406;5;0;2;POVOADO;;CORREGO DE AREIA;0;SN     ;44 31 6.9900 W;19 33 17.8860 S;FORTUNA DE MINAS;1;35760000
31;26406;5;0;2;POVOADO;;CORREGO DE AREIA;0;SN     ;44 31 6.9900 W;19 33 17.8860 S;FORTUNA DE MINAS;3;35760000
31;26406;5;0;2;POVOADO;;CORREGO DE AREIA;0;SN     ;44 31 7.1040 W;19 33 17.9039 S;FORTUNA DE MINAS;3;35760000
31;26406;5;0;2;POVOADO;;CORREGO DE AREIA;0;SN     ;44 31 20.5260 W;19 33 27.8280 S;FORTUNA DE MINAS;1;35760000
31;26406;5;0;2;POVOADO;;CORREGO DE AREIA;34;SUCAM  ;44 31 20.3040 W;19 33 28.8300 S;FORTUNA DE MINAS;1;35760000
31;26406;5;0;2;POVOADO;;CORREGO DE AREIA;82;SUCAM  ;44 31 21.8700 W;19 33 31.3800 S;FORTUNA DE MINAS;1;35760000
31;26406;5;0;2;POVOADO;;CORREGO DE AREIA;0;SN     ;44 31 21.2100 W;19 33 30.8280 S;FORTUNA DE MINAS;3;35760000
31;26406;5;0;2;POVOADO;;CORREGO DE AREIA;0;SN     ;44 31 19.6560 W;19 33 33.4080 S;FORTUNA DE MINAS;6;35760000
31;26406;5;0;2;POVOADO;;CORREGO DE AREIA;0;SN     ;44 31 20.6760 W;19 33 35.0640 S;FORTUNA DE MINAS;3;35760000
