COD_UF;COD_MUN;COD_DISTRITO;COD_SUBDISTR;SITUACAO;TIPO;TITULO;NOME;NUMERO_VAL;NUMERO_MOD;LONGITUDE;LATITUDE;LOCALIDADE;ESPECIE;CEP
31;26000;5;0;2;AVENIDA;;PRINCIPAL;0;SN     ;44 24 50.4300 W;19 52 52.5780 S;CEDAF;1;35690000
31;26000;5;0;2;AVENIDA;;PRINCIPAL;47;FNS    ;44 24 49.8840 W;19 52 40.0320 S;CEDAF;6;35690000
31;26000;5;0;2;AVENIDA;;PRINCIPAL;0;SN     ;44 24 49.8780 W;19 52 40.1400 S;CEDAF;6;35690000
31;26000;5;0;2;AVENIDA;;PRINCIPAL;0;SN     ;44 24 50.9760 W;19 52 38.4720 S;CEDAF;3;35690000
31;26000;5;0;2;AVENIDA;;PRINCIPAL;0;SN     ;44 24 50.6220 W;19 52 39.6240 S;CEDAF;6;35690000
31;26000;5;0;2;AVENIDA;;PRINCIPAL;0;SN     ;44 24 51.5400 W;19 52 37.2900 S;CEDAF;6;35690000
31;26000;5;0;2;AVENIDA;;PRINCIPAL;0;SN     ;44 24 53.6220 W;19 52 34.6440 S;CEDAF;6;35690000
31;26000;5;0;2;AVENIDA;;PRINCIPAL;0;SN     ;44 24 51.4320 W;19 52 52.1460 S;CEDAF;6;35690000
31;26000;5;0;2;AVENIDA;;PRINCIPAL;0;SN     ;44 24 51.4260 W;19 52 52.4400 S;CEDAF;6;35690000
31;26000;5;0;2;AVENIDA;;PRINCIPAL;0;SN     ;44 24 51.2700 W;19 52 52.5120 S;CEDAF;6;35690000
31;26000;5;0;2;AVENIDA;;PRINCIPAL;0;SN     ;44 24 51.4740 W;19 52 52.7940 S;CEDAF;6;35690000
31;26000;5;0;2;AVENIDA;;PRINCIPAL;0;SN     ;44 24 57.3480 W;19 53 2.5200 S;CEDAF;6;35690000
31;26000;5;0;2;AVENIDA;;PRINCIPAL;0;SN     ;44 24 53.0340 W;19 53 10.8300 S;CEDAF;6;35690000
31;26000;5;0;2;AVENIDA;;PRINCIPAL;0;SN     ;44 24 49.4640 W;19 53 13.3800 S;CEDAF;1;35690000
31;26000;5;0;2;AVENIDA;;PRINCIPAL;0;SN     ;44 24 50.7960 W;19 53 15.9900 S;CEDAF;3;35690000
31;26000;5;0;2;AVENIDA;;PRINCIPAL;0;SN     ;44 24 50.6700 W;19 53 16.0800 S;CEDAF;1;35690000
31;26000;5;0;2;ESTRADA;;DE ACESSO A BARRAGEM;0;SN     ;44 23 53.6580 W;19 51 14.6700 S;BARRAGEM;1;35690000
31;26000;5;0;2;ESTRADA;;DE ACESSO A BARRAGEM;0;SN     ;44 23 53.4660 W;19 51 14.5020 S;BARRAGEM;1;35690000
31;26000;5;0;2;ESTRADA;;DE ACESSO A BARRAGEM;0;SN     ;44 23 0.9780 W;19 51 5.2920 S;BARRAGEM;1;35690000
31;26000;5;0;2;ESTRADA;;DE ACESSO A BARRAGEM;0;SN     ;44 23 0.9780 W;19 51 5.2920 S;BARRAGEM;3;35690000
31;26000;5;0;2;ESTRADA;;DE ACESSO A BARRAGEM;0;SN     ;44 23 0.6780 W;19 51 5.0220 S;BARRAGEM;1;35690000
31;26000;5;0;2;ESTRADA;;DE ACESSO A BARRAGEM;0;SN     ;44 23 1.4460 W;19 51 4.4220 S;BARRAGEM;1;35690000
31;26000;5;0;2;ESTRADA;;DE ACESSO A BARRAGEM;0;SN     ;44 24 49.3620 W;19 52 7.2540 S;BARRAGEM;1;35690000
31;26000;5;0;2;ESTRADA;;DE ACESSO A BARRAGEM;0;SN     ;44 24 26.9940 W;19 51 7.1820 S;BARRAGEM;1;35690000
31;26000;5;0;2;ESTRADA;;DE ACESSO A BARRAGEM;0;SN     ;44 24 28.1580 W;19 51 5.4840 S;BARRAGEM;1;35690000
31;26000;5;0;2;ESTRADA;;DE ACESSO A BARRAGEM;0;SN     ;44 24 22.8660 W;19 51 11.0280 S;BARRAGEM;1;35690000
31;26000;5;0;2;ESTRADA;;DE ACESSO A BARRAGEM;0;SN     ;44 24 26.1300 W;19 51 8.2080 S;BARRAGEM;1;35690000
31;26000;5;0;2;ESTRADA;;DE ACESSO A BARRAGEM;0;SN     ;44 24 26.1300 W;19 51 8.2080 S;BARRAGEM;3;35690000
31;26000;5;0;2;ESTRADA;;DE ACESSO A BARRAGEM;0;SN     ;44 24 4.2060 W;19 50 9.5520 S;BARRAGEM;1;35690000
31;26000;5;0;2;ESTRADA;;DE ACESSO A BARRAGEM;0;SN     ;44 24 10.6920 W;19 50 3.5940 S;BARRAGEM;1;35690000
31;26000;5;0;2;ESTRADA;;DE ACESSO A BARRAGEM;0;SN     ;44 24 12.0540 W;19 51 17.0700 S;BARRAGEM;1;35690000
31;26000;5;0;2;ESTRADA;;DE ACESSO A BARRAGEM;0;SN     ;44 23 51.8580 W;19 50 42.2700 S;BARRAGEM;1;35690000
31;26000;5;0;2;ESTRADA;;DE ACESSO A BARRAGEM;0;SN     ;44 23 15.8400 W;19 51 50.4180 S;BARRAGEM;1;35690000
31;26000;5;0;2;ESTRADA;;DE ACESSO A BARRAGEM;0;SN     ;44 24 10.6500 W;19 50 3.5880 S;BARRAGEM;1;35690000
31;26000;5;0;2;ESTRADA;;DE ACESSO A BARRAGEM;0;SN     ;44 23 58.0860 W;19 51 20.5620 S;BARRAGEM;1;35690000
31;26000;5;0;2;ESTRADA;;DE ACESSO A BARRAGEM;0;SN     ;44 24 55.9080 W;19 52 25.3620 S;BARRAGEM;1;35690000
31;26000;5;0;2;ESTRADA;;DE ACESSO A BARRAGEM;0;SN     ;44 23 57.2460 W;19 50 8.1480 S;BARRAGEM;1;35690000
31;26000;5;0;2;ESTRADA;;DE ACESSO A BARRAGEM;0;SN     ;44 23 59.6100 W;19 50 10.8060 S;BARRAGEM;1;35690000
31;26000;5;0;2;ESTRADA;;DE ACESSO A BARRAGEM;0;SN     ;44 24 0.1980 W;19 50 10.4880 S;BARRAGEM;1;35690000
31;26000;5;0;2;ESTRADA;;DE ACESSO A BARRAGEM;0;SN     ;44 23 59.9640 W;19 50 10.2960 S;BARRAGEM;1;35690000
31;26000;5;0;2;ESTRADA;;DE ACESSO A BARRAGEM;0;SN     ;44 23 58.9800 W;19 50 9.3000 S;BARRAGEM;1;35690000
31;26000;5;0;2;ESTRADA;;DE ACESSO A BARRAGEM;0;SN     ;44 23 57.4380 W;19 50 8.2380 S;BARRAGEM;1;35690000
31;26000;5;0;2;ESTRADA;;DE ACESSO A BARRAGEM;0;SN     ;44 23 57.1020 W;19 50 7.6800 S;BARRAGEM;1;35690000
31;26000;5;0;2;ESTRADA;;DE ACESSO A BARRAGEM;0;SN     ;44 23 56.9220 W;19 50 6.5700 S;BARRAGEM;1;35690000
31;26000;5;0;2;ESTRADA;;DE ACESSO A BARRAGEM;0;SN     ;44 23 56.0700 W;19 50 6.5280 S;BARRAGEM;1;35690000
31;26000;5;0;2;ESTRADA;;DE ACESSO A BARRAGEM;0;SN     ;44 23 56.4780 W;19 50 6.5940 S;BARRAGEM;1;35690000
31;26000;5;0;2;ESTRADA;;DE ACESSO A BARRAGEM;0;SN     ;44 23 55.6080 W;19 50 6.5640 S;BARRAGEM;1;35690000
31;26000;5;0;2;ESTRADA;;DE ACESSO A BARRAGEM;0;SN     ;44 23 55.7100 W;19 50 6.5460 S;BARRAGEM;7;35690000
31;26000;5;0;2;ESTRADA;;DE ACESSO A BARRAGEM;0;SN     ;44 23 55.4220 W;19 50 6.1440 S;BARRAGEM;1;35690000
31;26000;5;0;2;ESTRADA;;DE ACESSO A BARRAGEM;0;SN     ;44 23 53.4480 W;19 50 4.5660 S;BARRAGEM;1;35690000
31;26000;5;0;2;ESTRADA;;DE ACESSO A BARRAGEM;0;SN     ;44 23 52.9260 W;19 50 3.6660 S;BARRAGEM;1;35690000
31;26000;5;0;2;ESTRADA;;DE ACESSO A BARRAGEM;0;SN     ;44 23 52.7520 W;19 50 2.9340 S;BARRAGEM;1;35690000
31;26000;5;0;2;ESTRADA;;DE ACESSO A BARRAGEM;0;SN     ;44 23 52.7580 W;19 50 2.8800 S;BARRAGEM;1;35690000
31;26000;5;0;2;ESTRADA;;DE ACESSO A BARRAGEM;0;SN     ;44 23 49.2000 W;19 50 0.5280 S;BARRAGEM;1;35690000
31;26000;5;0;2;ESTRADA;;DE ACESSO A BARRAGEM;0;SN     ;44 24 38.8560 W;19 51 28.5420 S;BARRAGEM;6;35690000
31;26000;5;0;2;ESTRADA;;DE ACESSO A BARRAGEM;0;SN     ;44 24 26.1300 W;19 51 8.2080 S;BARRAGEM;1;35690000
31;26000;5;0;2;AVENIDA;;PRINCIPAL;0;SN     ;44 24 53.1780 W;19 52 34.7580 S;CEDAF;1;35690000
31;26000;5;0;2;AVENIDA;;PRINCIPAL;0;SN     ;44 24 44.5140 W;19 52 52.3140 S;CEDAF;1;35690000
31;26000;5;0;2;AVENIDA;;PRINCIPAL;0;SN     ;44 25 34.0380 W;19 53 2.1960 S;CEDAF;6;35690000
31;26000;5;0;2;AVENIDA;;PRINCIPAL;0;SN     ;44 25 8.5260 W;19 52 59.5800 S;CEDAF;6;35690000
31;26000;5;0;2;AVENIDA;;PRINCIPAL;0;SN     ;44 25 12.0600 W;19 52 52.4160 S;CEDAF;5;35690000
31;26000;5;0;2;AVENIDA;;PRINCIPAL;0;SN     ;44 25 15.6000 W;19 52 56.9520 S;CEDAF;1;35690000
31;26000;5;0;2;AVENIDA;;PRINCIPAL;0;SN     ;44 25 15.6900 W;19 52 57.0240 S;CEDAF;6;35690000
31;26000;5;0;2;AVENIDA;;PRINCIPAL;0;SN     ;44 25 15.4560 W;19 52 56.0100 S;CEDAF;6;35690000
31;26000;5;0;2;AVENIDA;;PRINCIPAL;0;SN     ;44 25 2.1120 W;19 52 59.2380 S;CEDAF;6;35690000
31;26000;5;0;2;AVENIDA;;PRINCIPAL;0;SN     ;44 25 2.1120 W;19 52 59.2080 S;CEDAF;6;35690000
31;26000;5;0;2;AVENIDA;;PRINCIPAL;0;SN     ;44 25 2.1660 W;19 52 59.2200 S;CEDAF;6;35690000
31;26000;5;0;2;AVENIDA;;PRINCIPAL;0;SN     ;44 25 5.2740 W;19 52 59.4720 S;CEDAF;2;35690000
31;26000;5;0;2;AVENIDA;;PRINCIPAL;0;SN     ;44 25 4.9140 W;19 53 0.3720 S;CEDAF;4;35690000
31;26000;5;0;2;AVENIDA;;PRINCIPAL;0;SN     ;44 25 4.6140 W;19 53 0.5940 S;CEDAF;6;35690000
31;26000;5;0;2;AVENIDA;;PRINCIPAL;0;SN     ;44 25 5.2440 W;19 53 2.0640 S;CEDAF;4;35690000
31;26000;5;0;2;AVENIDA;;PRINCIPAL;0;SN     ;44 24 57.0060 W;19 53 2.1780 S;CEDAF;6;35690000
31;26000;5;0;2;AVENIDA;;PRINCIPAL;0;SN     ;44 24 56.6100 W;19 53 1.9920 S;CEDAF;6;35690000
31;26000;5;0;2;AVENIDA;;PRINCIPAL;0;SN     ;44 24 56.4960 W;19 53 1.4759 S;CEDAF;6;35690000
31;26000;5;0;2;AVENIDA;;PRINCIPAL;0;SN     ;44 24 51.1800 W;19 53 4.6560 S;CEDAF;6;35690000
31;26000;5;0;2;AVENIDA;;PRINCIPAL;0;SN     ;44 24 51.0120 W;19 53 0.2760 S;CEDAF;6;35690000
31;26000;5;0;2;AVENIDA;;PRINCIPAL;0;SN     ;44 24 50.7120 W;19 52 55.0440 S;CEDAF;6;35690000
31;26000;5;0;2;AVENIDA;;PRINCIPAL;0;SN     ;44 24 50.7120 W;19 52 55.0440 S;CEDAF;3;35690000
31;26000;5;0;2;AVENIDA;;PRINCIPAL;0;SN     ;44 24 50.3700 W;19 52 54.9840 S;CEDAF;4;35690000
31;26000;5;0;2;AVENIDA;;PRINCIPAL;0;SN     ;44 24 49.9620 W;19 52 54.5340 S;CEDAF;6;35690000
31;26000;5;0;2;ESTRADA;;ACESSO AO SITIO ALEGRE;0;SN     ;44 23 29.5800 W;19 51 59.4900 S;TIJUQUEIRO;3;35690000
31;26000;5;0;2;ESTRADA;;ACESSO AO SITIO ALEGRE;0;SN     ;44 23 29.3640 W;19 51 59.8080 S;TIJUQUEIRO;1;35690000
31;26000;5;0;2;ESTRADA;;ACESSO AO SITIO ALEGRE;0;SN     ;44 23 39.4200 W;19 51 54.1140 S;TIJUQUEIRO;1;35690000
31;26000;5;0;2;ESTRADA;;ACESSO AO SITIO ALEGRE;0;SN     ;44 23 50.7120 W;19 51 45.2280 S;TIJUQUEIRO;1;35690000
31;26000;5;0;2;ESTRADA;;ACESSO AO SITIO ALEGRE;0;SN     ;44 24 0.9960 W;19 51 16.0620 S;TIJUQUEIRO;1;35690000
31;26000;5;0;2;ESTRADA;;ACESSO AO SITIO ALEGRE;0;SN     ;44 24 0.9960 W;19 51 16.0620 S;TIJUQUEIRO;3;35690000
31;26000;5;0;2;ESTRADA;;ACESSO AO TIJUQUEIRO;0;SN     ;44 22 57.8880 W;19 52 40.5120 S;TIJUQUEIRO;1;35690000
31;26000;5;0;2;ESTRADA;;ACESSO AO TIJUQUEIRO;0;SN     ;44 22 57.8880 W;19 52 40.5120 S;TIJUQUEIRO;3;35690000
31;26000;5;0;2;ESTRADA;;ACESSO AO TIJUQUEIRO;0;SN     ;44 22 54.4980 W;19 52 51.2220 S;TIJUQUEIRO;1;35690000
31;26000;5;0;2;ESTRADA;;ACESSO AO TIJUQUEIRO;0;SN     ;44 22 54.5100 W;19 52 51.2580 S;TIJUQUEIRO;1;35690000
31;26000;5;0;2;ESTRADA;;ACESSO AO TIJUQUEIRO;0;SN     ;44 22 54.1320 W;19 52 52.3200 S;TIJUQUEIRO;1;35690000
31;26000;5;0;2;ESTRADA;;ACESSO AO TIJUQUEIRO;0;SN     ;44 22 57.2280 W;19 52 51.3840 S;TIJUQUEIRO;1;35690000
31;26000;5;0;2;ESTRADA;;ACESSO AO TIJUQUEIRO;0;SN     ;44 22 57.2280 W;19 52 51.3840 S;TIJUQUEIRO;3;35690000
31;26000;5;0;2;ESTRADA;;ACESSO AO TIJUQUEIRO;0;SN     ;44 23 1.3920 W;19 51 41.3820 S;TIJUQUEIRO;3;35690000
31;26000;5;0;2;ESTRADA;;ACESSO AO TIJUQUEIRO;0;SN     ;44 22 57.0720 W;19 51 58.9200 S;TIJUQUEIRO;1;35690000
31;26000;5;0;2;ESTRADA;;ACESSO AO TIJUQUEIRO;0;SN     ;44 23 19.9560 W;19 52 17.6340 S;TIJUQUEIRO;1;35690000
31;26000;5;0;2;ESTRADA;;ACESSO AO TIJUQUEIRO;0;SN     ;44 23 19.9560 W;19 52 17.6340 S;TIJUQUEIRO;3;35690000
31;26000;5;0;2;ESTRADA;;ACESSO AO TIJUQUEIRO;0;SN     ;44 23 1.8000 W;19 52 28.1640 S;TIJUQUEIRO;1;35690000
31;26000;5;0;2;ESTRADA;;ACESSO AO TIJUQUEIRO;0;SN     ;44 23 35.0880 W;19 51 34.7280 S;TIJUQUEIRO;1;35690000
31;26000;5;0;2;ESTRADA;;ACESSO AO TIJUQUEIRO;0;SN     ;44 23 35.0880 W;19 51 34.7280 S;TIJUQUEIRO;3;35690000
31;26000;5;0;2;ESTRADA;;ACESSO AO TIJUQUEIRO;0;SN     ;44 23 16.3980 W;19 52 51.8220 S;TIJUQUEIRO;1;35690000
31;26000;5;0;2;ESTRADA;;ACESSO AO TIJUQUEIRO;0;SN     ;44 23 17.2260 W;19 52 50.7180 S;TIJUQUEIRO;1;35690000
31;26000;5;0;2;ESTRADA;;ACESSO AO TIJUQUEIRO;0;SN     ;44 23 17.4540 W;19 52 51.1200 S;TIJUQUEIRO;1;35690000
31;26000;5;0;2;ESTRADA;;ACESSO AO TIJUQUEIRO;0;SN     ;44 23 28.5900 W;19 52 54.5580 S;TIJUQUEIRO;1;35690000
31;26000;5;0;2;ESTRADA;;ACESSO AO TIJUQUEIRO;0;SN     ;44 23 21.9000 W;19 53 1.0140 S;TIJUQUEIRO;1;35690000
31;26000;5;0;2;ESTRADA;;ACESSO AO TIJUQUEIRO;0;SN     ;44 23 21.6960 W;19 53 2.8500 S;TIJUQUEIRO;1;35690000
31;26000;5;0;2;ESTRADA;;ACESSO AO TIJUQUEIRO;0;SN     ;44 23 21.6960 W;19 53 2.8500 S;TIJUQUEIRO;3;35690000
31;26000;5;0;2;ESTRADA;;ACESSO AO TIJUQUEIRO;0;SN     ;44 23 23.7900 W;19 53 5.5560 S;TIJUQUEIRO;1;35690000
31;26000;5;0;2;ESTRADA;;ACESSO AO TIJUQUEIRO;0;SN     ;44 23 17.3160 W;19 52 51.0120 S;TIJUQUEIRO;1;35690000
31;26000;5;0;2;ESTRADA;;ACESSO AO TIJUQUEIRO;0;SN     ;44 23 17.0520 W;19 52 50.8320 S;TIJUQUEIRO;1;35690000
31;26000;5;0;2;ESTRADA;;ACESSO AO TIJUQUEIRO;0;SN     ;44 23 16.9980 W;19 52 50.8800 S;TIJUQUEIRO;1;35690000
31;26000;5;0;2;ESTRADA;;ACESSO AO TIJUQUEIRO;0;SN     ;44 23 22.4940 W;19 52 35.2620 S;TIJUQUEIRO;1;35690000
31;26000;5;0;2;ESTRADA;;ACESSO AO TIJUQUEIRO;0;SN     ;44 23 23.3580 W;19 53 4.6920 S;TIJUQUEIRO;1;35690000
31;26000;5;0;2;ESTRADA;;ACESSO AO TIJUQUEIRO;0;SN     ;44 23 23.3580 W;19 53 4.6920 S;TIJUQUEIRO;3;35690000
31;26000;5;0;2;ESTRADA;;ACESSO AO TIJUQUEIRO;0;SN     ;44 23 23.3580 W;19 53 4.6920 S;TIJUQUEIRO;1;35690000
31;26000;5;0;2;ESTRADA;;ACESSO AO TIJUQUEIRO;0;SN     ;44 23 16.0260 W;19 51 50.5680 S;TIJUQUEIRO;1;35690000
31;26000;5;0;2;ESTRADA;;ACESSO AO TIJUQUEIRO;0;SN     ;44 23 15.8460 W;19 51 50.3700 S;TIJUQUEIRO;1;35690000
31;26000;5;0;2;ESTRADA;;ACESSO AO TIJUQUEIRO;0;SN     ;44 23 15.8400 W;19 51 50.4180 S;TIJUQUEIRO;1;35690000
31;26000;5;0;2;ESTRADA;;ACESSO AO TIJUQUEIRO;0;SN     ;44 22 57.1380 W;19 51 58.9560 S;TIJUQUEIRO;1;35690000
31;26000;5;0;2;ESTRADA;;DE ACESSO A BARRAGEM;0;SN     ;44 24 26.1300 W;19 51 8.2080 S;BARRAGEM;3;35690000
31;26000;5;0;2;ESTRADA;;DE ACESSO A BARRAGEM;0;SN     ;44 24 30.8520 W;19 51 6.8340 S;BARRAGEM;1;35690000
31;26000;5;0;2;ESTRADA;;DE ACESSO A BARRAGEM;0;SN     ;44 24 12.0420 W;19 51 16.9440 S;BARRAGEM;6;35690000
31;26000;5;0;2;ESTRADA;;DE ACESSO A BARRAGEM;0;SN     ;44 24 10.6800 W;19 51 20.6640 S;BARRAGEM;1;35690000
31;26000;5;0;2;ESTRADA;;DE ACESSO A BARRAGEM;0;SN     ;44 24 9.7800 W;19 51 15.5700 S;BARRAGEM;1;35690000
31;26000;5;0;2;ESTRADA;;DE ACESSO A BARRAGEM;0;SN     ;44 24 11.5140 W;19 51 13.0800 S;BARRAGEM;1;35690000
31;26000;5;0;2;ESTRADA;;DE ACESSO A BARRAGEM;0;SN     ;44 24 1.5660 W;19 51 13.7700 S;BARRAGEM;1;35690000
31;26000;5;0;2;ESTRADA;;DE ACESSO A BARRAGEM;0;SN     ;44 24 4.1160 W;19 50 9.5880 S;BARRAGEM;6;35690000
31;26000;5;0;2;ESTRADA;;DE ACESSO A BARRAGEM;0;SN     ;44 24 3.9780 W;19 50 9.5580 S;BARRAGEM;7;35690000
31;26000;5;0;2;ESTRADA;;DE ACESSO A BARRAGEM;0;SN     ;44 23 58.0980 W;19 50 16.7940 S;BARRAGEM;1;35690000
31;26000;5;0;2;ESTRADA;;DE ACESSO A BARRAGEM;0;SN     ;44 23 58.0980 W;19 50 16.7940 S;BARRAGEM;3;35690000
31;26000;5;0;2;ESTRADA;;DE ACESSO A BARRAGEM;0;SN     ;44 23 58.8300 W;19 50 24.1920 S;BARRAGEM;1;35690000
31;26000;5;0;2;ESTRADA;;DE ACESSO A BARRAGEM;0;SN     ;44 23 58.8300 W;19 50 24.1920 S;BARRAGEM;3;35690000
31;26000;5;0;2;ESTRADA;;DE ACESSO A BARRAGEM;0;SN     ;44 23 40.2960 W;19 50 16.0380 S;BARRAGEM;1;35690000
31;26000;5;0;2;ESTRADA;;DE ACESSO A BARRAGEM;0;SN     ;44 23 40.3080 W;19 50 16.0080 S;BARRAGEM;1;35690000
31;26000;5;0;2;ESTRADA;;DE ACESSO A BARRAGEM;0;SN     ;44 23 41.4000 W;19 50 15.3180 S;BARRAGEM;1;35690000
31;26000;5;0;2;ESTRADA;;DE ACESSO A BARRAGEM;0;SN     ;44 23 41.4000 W;19 50 15.3180 S;BARRAGEM;3;35690000
31;26000;5;0;2;ESTRADA;;DE ACESSO A BARRAGEM;0;SN     ;44 23 40.7760 W;19 50 13.7400 S;BARRAGEM;1;35690000
31;26000;5;0;2;ESTRADA;;DE ACESSO A BARRAGEM;0;SN     ;44 23 41.2020 W;19 50 13.6260 S;BARRAGEM;1;35690000
31;26000;5;0;2;ESTRADA;;DE ACESSO A BARRAGEM;0;SN     ;44 23 41.2020 W;19 50 13.6260 S;BARRAGEM;6;35690000
31;26000;5;0;2;ESTRADA;;DE ACESSO A BARRAGEM;0;SN     ;44 23 55.0800 W;19 50 31.4940 S;BARRAGEM;1;35690000
31;26000;5;0;2;ESTRADA;;DE ACESSO A BARRAGEM;0;SN     ;44 24 2.0400 W;19 51 0.6300 S;BARRAGEM;1;35690000
31;26000;5;0;2;ESTRADA;;DE ACESSO A BARRAGEM;0;SN     ;44 24 2.0820 W;19 51 0.6000 S;BARRAGEM;1;35690000
31;26000;5;0;2;ESTRADA;;DE ACESSO A BARRAGEM;0;SN     ;44 24 10.8420 W;19 51 20.8680 S;BARRAGEM;1;35690000
31;26000;5;0;2;ESTRADA;;DE ACESSO A BARRAGEM;0;SN     ;44 24 15.4200 W;19 51 14.9820 S;BARRAGEM;1;35690000
31;26000;5;0;2;ESTRADA;;ACESSO A TAPERA;0;SN     ;44 20 44.8080 W;19 53 32.8260 S;TAPERA;1;35690000
31;26000;5;0;2;ESTRADA;;ACESSO A TAPERA;0;SN     ;44 20 46.6860 W;19 53 29.3640 S;TAPERA;1;35690000
31;26000;5;0;2;ESTRADA;;ACESSO A TAPERA;0;SN     ;44 20 46.6200 W;19 53 29.3220 S;TAPERA;1;35690000
31;26000;5;0;2;ESTRADA;;ACESSO A TAPERA;0;SN     ;44 20 46.4160 W;19 53 31.3320 S;TAPERA;1;35690000
31;26000;5;0;2;ESTRADA;;ACESSO A TAPERA;0;SN     ;44 20 47.0220 W;19 53 32.8620 S;TAPERA;1;35690000
31;26000;5;0;2;ESTRADA;;ACESSO A TAPERA;0;SN     ;44 20 36.6060 W;19 53 47.3040 S;TAPERA;1;35690000
31;26000;5;0;2;ESTRADA;;ACESSO A TAPERA;0;SN     ;44 20 35.7120 W;19 53 45.8280 S;TAPERA;1;35690000
31;26000;5;0;2;ESTRADA;;ACESSO A TAPERA;0;SN     ;44 21 5.7300 W;19 53 22.8240 S;TAPERA;1;35690000
31;26000;5;0;2;ESTRADA;;ACESSO A TAPERA;0;SN     ;44 21 32.3220 W;19 53 41.0460 S;TAPERA;1;35690000
31;26000;5;0;2;ESTRADA;;ACESSO A TAPERA;0;SN     ;44 21 32.3220 W;19 53 41.0460 S;TAPERA;3;35690000
31;26000;5;0;2;ESTRADA;;ACESSO A TAPERA;0;SN     ;44 21 32.4480 W;19 53 41.1120 S;TAPERA;1;35690000
31;26000;5;0;2;ESTRADA;;ACESSO A TAPERA;0;SN     ;44 21 22.2660 W;19 53 49.5720 S;TAPERA;1;35690000
31;26000;5;0;2;ESTRADA;;ACESSO A TAPERA;0;SN     ;44 21 22.1880 W;19 53 49.9860 S;TAPERA;1;35690000
31;26000;5;0;2;ESTRADA;;ACESSO A TAPERA;0;SN     ;44 21 22.2900 W;19 53 50.1900 S;TAPERA;1;35690000
31;26000;5;0;2;ESTRADA;;ACESSO A TAPERA;0;SN     ;44 21 22.2900 W;19 53 50.1900 S;TAPERA;3;35690000
31;26000;5;0;2;ESTRADA;;ACESSO A TAPERA;0;SN     ;44 21 4.2300 W;19 53 56.3640 S;TAPERA;1;35690000
31;26000;5;0;2;ESTRADA;;ACESSO A TAPERA;0;SN     ;44 21 9.3720 W;19 53 54.9360 S;TAPERA;1;35690000
31;26000;5;0;2;ESTRADA;;ACESSO A TAPERA;0;SN     ;44 21 27.3540 W;19 53 57.9900 S;TAPERA;1;35690000
31;26000;5;0;2;ESTRADA;;ACESSO A TAPERA;0;SN     ;44 21 45.4500 W;19 53 54.1680 S;TAPERA;1;35690000
31;26000;5;0;2;ESTRADA;;ACESSO A TAPERA;0;SN     ;44 21 45.4500 W;19 53 54.1680 S;TAPERA;3;35690000
31;26000;5;0;2;ESTRADA;;ACESSO A TAPERA;0;SN     ;44 21 45.6600 W;19 53 54.4980 S;TAPERA;1;35690000
31;26000;5;0;2;ESTRADA;;ACESSO A TAPERA;0;SN     ;44 21 57.0960 W;19 54 1.9560 S;TAPERA;1;35690000
31;26000;5;0;2;ESTRADA;;ACESSO A TAPERA;0;SN     ;44 21 57.1380 W;19 54 1.9260 S;TAPERA;3;35690000
31;26000;5;0;2;ESTRADA;;ACESSO A TAPERA;0;SN     ;44 21 57.3660 W;19 54 1.0200 S;TAPERA;1;35690000
31;26000;5;0;2;ESTRADA;;ACESSO A TAPERA;0;SN     ;44 21 59.8920 W;19 53 53.2860 S;TAPERA;1;35690000
31;26000;5;0;2;ESTRADA;;ACESSO A TAPERA;0;SN     ;44 22 3.7260 W;19 54 6.6840 S;TAPERA;1;35690000
31;26000;5;0;2;ESTRADA;;ACESSO A TAPERA;0;SN     ;44 22 28.0500 W;19 54 47.1480 S;TAPERA;1;35690000
31;26000;5;0;2;ESTRADA;;ACESSO A TAPERA;0;SN     ;44 22 28.1820 W;19 54 46.8780 S;TAPERA;1;35690000
31;26000;5;0;2;ESTRADA;;ACESSO A TAPERA;0;SN     ;44 22 27.6780 W;19 54 44.7240 S;TAPERA;1;35690000
31;26000;5;0;2;ESTRADA;;ACESSO A TAPERA;0;SN     ;44 22 19.3440 W;19 54 40.7940 S;TAPERA;1;35690000
31;26000;5;0;2;ESTRADA;;ACESSO A TAPERA;0;SN     ;44 22 19.5600 W;19 54 40.8060 S;TAPERA;6;35690000
31;26000;5;0;2;ESTRADA;;ACESSO A TAPERA;0;SN     ;44 22 19.4640 W;19 54 40.9920 S;TAPERA;6;35690000
31;26000;5;0;2;ESTRADA;;ACESSO A TAPERA;0;SN     ;44 22 19.2540 W;19 54 40.9080 S;TAPERA;1;35690000
31;26000;5;0;2;ESTRADA;;ACESSO A TAPERA;0;SN     ;44 22 13.9020 W;19 54 39.5880 S;TAPERA;6;35690000
31;26000;5;0;2;ESTRADA;;ACESSO A TAPERA;0;SN     ;44 22 19.1220 W;19 54 36.7200 S;TAPERA;1;35690000
31;26000;5;0;2;ESTRADA;;ACESSO A TAPERA;0;SN     ;44 22 13.4280 W;19 54 40.3080 S;TAPERA;1;35690000
31;26000;5;0;2;ESTRADA;;ACESSO A TAPERA;0;SN     ;44 22 43.9560 W;19 55 2.2440 S;TAPERA;1;35690000
31;26000;5;0;2;ESTRADA;;ACESSO A TAPERA;0;SN     ;44 22 22.3320 W;19 53 51.9960 S;TAPERA;1;35690000
31;26000;5;0;2;ESTRADA;;ACESSO A TAPERA;0;SN     ;44 22 22.3320 W;19 53 51.9960 S;TAPERA;3;35690000
31;26000;5;0;2;ESTRADA;;ACESSO A TAPERA;0;SN     ;44 22 21.9540 W;19 53 51.8160 S;TAPERA;7;35690000
31;26000;5;0;2;ESTRADA;;ACESSO A TAPERA;0;SN     ;44 21 54.6960 W;19 53 0.8880 S;TAPERA;1;35690000
31;26000;5;0;2;ESTRADA;;ACESSO A TAPERA;0;SN     ;44 21 54.7200 W;19 53 1.1040 S;TAPERA;1;35690000
31;26000;5;0;2;ESTRADA;;ACESSO A TAPERA;0;SN     ;44 21 54.7200 W;19 53 1.1040 S;TAPERA;3;35690000
31;26000;5;0;2;ESTRADA;;ACESSO A TAPERA;0;SN     ;44 21 44.5680 W;19 52 51.0420 S;TAPERA;1;35690000
31;26000;5;0;2;ESTRADA;;ACESSO A TAPERA;0;SN     ;44 21 44.5980 W;19 52 51.0480 S;TAPERA;1;35690000
31;26000;5;0;2;ESTRADA;;ACESSO A TAPERA;0;SN     ;44 21 45.3660 W;19 52 54.9300 S;TAPERA;3;35690000
31;26000;5;0;2;ESTRADA;;ACESSO A TAPERA;0;SN     ;44 21 55.0020 W;19 53 43.0860 S;TAPERA;1;35690000
31;26000;5;0;2;ESTRADA;;ACESSO A TAPERA;0;SN     ;44 23 27.4920 W;19 53 27.0420 S;TAPERA;1;35690000
31;26000;5;0;2;ESTRADA;;ACESSO A TAPERA;0;SN     ;44 23 53.8680 W;19 53 29.1540 S;TAPERA;1;35690000
31;26000;5;0;2;ESTRADA;;ACESSO A TAPERA;0;SN     ;44 23 53.8680 W;19 53 29.1540 S;TAPERA;3;35690000
31;26000;5;0;2;ESTRADA;;ACESSO A TAPERA;0;SN     ;44 23 50.2920 W;19 53 30.4860 S;TAPERA;1;35690000
31;26000;5;0;2;ESTRADA;;ACESSO A TAPERA;0;SN     ;44 23 52.6440 W;19 53 30.3480 S;TAPERA;1;35690000
31;26000;5;0;2;ESTRADA;;ACESSO A TAPERA;0;SN     ;44 23 49.0980 W;19 53 38.7960 S;TAPERA;1;35690000
31;26000;5;0;2;ESTRADA;;ACESSO A TAPERA;0;SN     ;44 23 45.2040 W;19 53 24.3780 S;TAPERA;1;35690000
31;26000;5;0;2;ESTRADA;;ACESSO A TAPERA;0;SN     ;44 23 45.2040 W;19 53 24.3780 S;TAPERA;3;35690000
31;26000;5;0;2;ESTRADA;;ACESSO A TAPERA;0;SN     ;44 23 45.5460 W;19 53 24.5220 S;TAPERA;1;35690000
31;26000;5;0;2;ESTRADA;;ACESSO A TAPERA;0;SN     ;44 24 19.7280 W;19 53 26.0760 S;TAPERA;1;35690000
31;26000;5;0;2;ESTRADA;;ACESSO A TAPERA;0;SN     ;44 24 23.7180 W;19 53 23.2500 S;TAPERA;7;35690000
31;26000;5;0;2;ESTRADA;;ACESSO A TAPERA;0;SN     ;44 24 39.2100 W;19 53 38.4900 S;TAPERA;1;35690000
31;26000;5;0;2;ESTRADA;;ACESSO A TAPERA;0;SN     ;44 24 23.6400 W;19 53 23.2080 S;TAPERA;1;35690000
31;26000;5;0;2;ESTRADA;;ACESSO AO SITIO ALEGRE;0;SN     ;44 23 25.3200 W;19 52 0.2040 S;TIJUQUEIRO;1;35690000
31;26000;5;0;2;ESTRADA;;ACESSO AO SITIO ALEGRE;0;SN     ;44 23 27.0240 W;19 52 0.2580 S;TIJUQUEIRO;1;35690000
31;26000;5;0;2;ESTRADA;;ACESSO AO SITIO ALEGRE;0;SN     ;44 23 29.5800 W;19 51 59.4900 S;TIJUQUEIRO;1;35690000
31;26000;5;0;2;ESTRADA;;ACESSO AO SITIO ALEGRE;0;SN     ;44 23 29.6580 W;19 51 58.6920 S;TIJUQUEIRO;1;35690000
31;26000;5;0;2;ESTRADA;;ACESSO AO JAPONES;0;SN     ;44 27 25.4940 W;19 54 46.1520 S;CAMARAO;1;35690000
31;26000;5;0;2;ESTRADA;;ACESSO AO JAPONES;0;SN     ;44 27 25.4940 W;19 54 46.1520 S;CAMARAO;3;35690000
31;26000;5;0;2;ESTRADA;;ACESSO AO JAPONES;0;SN     ;44 27 21.2760 W;19 54 58.2780 S;CAMARAO;1;35690000
31;26000;5;0;2;ESTRADA;;ACESSO AO JAPONES;0;SN     ;44 27 21.1140 W;19 54 58.4220 S;CAMARAO;1;35690000
31;26000;5;0;2;ESTRADA;;ACESSO AO JAPONES;0;SN     ;44 27 21.1140 W;19 54 58.4220 S;CAMARAO;3;35690000
31;26000;5;0;2;ESTRADA;;ACESSO AO JAPONES;0;SN     ;44 27 21.1140 W;19 54 58.4220 S;CAMARAO;1;35690000
31;26000;5;0;2;ESTRADA;;ACESSO AO JAPONES;0;SN     ;44 27 6.3480 W;19 54 5.6700 S;CAMARAO;1;35690000
31;26000;5;0;2;ESTRADA;;ACESSO AO JAPONES;0;SN     ;44 27 19.3560 W;19 54 14.1300 S;CAMARAO;1;35690000
31;26000;5;0;2;ESTRADA;;ACESSO AO JAPONES;0;SN     ;44 27 46.9260 W;19 54 8.7480 S;CAMARAO;1;35690000
31;26000;5;0;2;ESTRADA;;ACESSO AO JAPONES;0;SN     ;44 27 46.9260 W;19 54 8.7480 S;CAMARAO;3;35690000
31;26000;5;0;2;ESTRADA;;ACESSO AO JAPONES;0;SN     ;44 27 57.3480 W;19 54 12.5640 S;CAMARAO;1;35690000
31;26000;5;0;2;ESTRADA;;ACESSO AO JAPONES;0;SN     ;44 27 57.3480 W;19 54 12.5640 S;CAMARAO;1;35690000
31;26000;5;0;2;ESTRADA;;ACESSO AO JAPONES;0;SN     ;44 28 16.8960 W;19 54 28.3380 S;CAMARAO;1;35690000
31;26000;5;0;2;ESTRADA;;ACESSO AO JAPONES;0;SN     ;44 28 16.8960 W;19 54 28.3380 S;CAMARAO;3;35690000
31;26000;5;0;2;ESTRADA;;ACESSO AO JAPONES;0;SN     ;44 28 37.8900 W;19 54 34.4940 S;CAMARAO;1;35690000
31;26000;5;0;2;ESTRADA;;ACESSO AO JAPONES;0;SN     ;44 28 37.9260 W;19 54 34.5300 S;CAMARAO;1;35690000
31;26000;5;0;2;ESTRADA;;ACESSO AO JAPONES;0;SN     ;44 28 37.9260 W;19 54 34.5300 S;CAMARAO;3;35690000
31;26000;5;0;2;ESTRADA;;ACESSO AO JAPONES;0;SN     ;44 28 37.7220 W;19 54 31.9020 S;CAMARAO;1;35690000
31;26000;5;0;2;ESTRADA;;ACESSO AO JAPONES;0;SN     ;44 28 56.1660 W;19 54 41.6040 S;CAMARAO;1;35690000
31;26000;5;0;2;ESTRADA;;ACESSO AO JAPONES;0;SN     ;44 28 56.3040 W;19 54 41.6520 S;CAMARAO;1;35690000
31;26000;5;0;2;ESTRADA;;ACESSO AO JAPONES;0;SN     ;44 28 54.5880 W;19 54 45.5100 S;CAMARAO;1;35690000
31;26000;5;0;2;ESTRADA;;ACESSO AO JAPONES;0;SN     ;44 28 54.8820 W;19 54 46.3860 S;CAMARAO;1;35690000
31;26000;5;0;2;ESTRADA;;ACESSO AO JAPONES;0;SN     ;44 28 55.4700 W;19 54 47.2080 S;CAMARAO;1;35690000
31;26000;5;0;2;ESTRADA;;ACESSO AO JAPONES;0;SN     ;44 27 27.2700 W;19 54 39.6960 S;CAMARAO;1;35690000
31;26000;5;0;2;ESTRADA;;ACESSO AO JAPONES;0;SN     ;44 27 24.3900 W;19 54 59.7420 S;CAMARAO;1;35690000
31;26000;5;0;2;ESTRADA;;ACESSO A FAZENDA VELHA;0;SN     ;44 25 52.1280 W;19 54 20.9520 S;FAZENDA VELHA;1;35690000
31;26000;5;0;2;ESTRADA;;ACESSO A FAZENDA VELHA;0;SN     ;44 25 52.1280 W;19 54 20.9520 S;FAZENDA VELHA;3;35690000
31;26000;5;0;2;ESTRADA;;ACESSO A FAZENDA VELHA;0;SN     ;44 25 51.1860 W;19 54 18.7680 S;FAZENDA VELHA;1;35690000
31;26000;5;0;2;ESTRADA;;ACESSO A FAZENDA VELHA;0;SN     ;44 26 4.6320 W;19 54 33.5340 S;FAZENDA VELHA;1;35690000
31;26000;5;0;2;ESTRADA;;ACESSO A FAZENDA VELHA;0;SN     ;44 26 4.6320 W;19 54 33.5340 S;FAZENDA VELHA;3;35690000
31;26000;5;0;2;ESTRADA;;ACESSO A FAZENDA VELHA;0;SN     ;44 26 14.2560 W;19 54 45.1680 S;FAZENDA VELHA;1;35690000
31;26000;5;0;2;ESTRADA;;ACESSO A FAZENDA VELHA;0;SN     ;44 26 13.6620 W;19 54 43.9560 S;FAZENDA VELHA;1;35690000
31;26000;5;0;2;ESTRADA;;ACESSO A FAZENDA VELHA;0;SN     ;44 26 13.6620 W;19 54 43.9560 S;FAZENDA VELHA;3;35690000
31;26000;5;0;2;ESTRADA;;ACESSO A FAZENDA VELHA;0;SN     ;44 26 18.8220 W;19 54 44.9100 S;FAZENDA VELHA;1;35690000
31;26000;5;0;2;ESTRADA;;ACESSO A FAZENDA VELHA;0;SN     ;44 25 58.1040 W;19 54 49.9380 S;FAZENDA VELHA;1;35690000
31;26000;5;0;2;ESTRADA;;ACESSO A FAZENDA VELHA;0;SN     ;44 25 58.1040 W;19 54 49.9380 S;FAZENDA VELHA;3;35690000
31;26000;5;0;2;ESTRADA;;ACESSO A FAZENDA VELHA;0;SN     ;44 25 50.3820 W;19 54 51.0120 S;FAZENDA VELHA;1;35690000
31;26000;5;0;2;ESTRADA;;ACESSO A FAZENDA VELHA;0;SN     ;44 25 42.1560 W;19 54 13.6860 S;FAZENDA VELHA;1;35690000
31;26000;5;0;2;ESTRADA;;ACESSO A FAZENDA VELHA;0;SN     ;44 25 42.1260 W;19 54 13.7580 S;FAZENDA VELHA;1;35690000
31;26000;5;0;2;ESTRADA;;ACESSO A FAZENDA VELHA;0;SN     ;44 25 42.1260 W;19 54 13.7580 S;FAZENDA VELHA;3;35690000
31;26000;5;0;2;ESTRADA;;ACESSO A FAZENDA VELHA;0;SN     ;44 25 43.6560 W;19 54 9.3780 S;FAZENDA VELHA;1;35690000
31;26000;5;0;2;ESTRADA;;ACESSO A FAZENDA VELHA;0;SN     ;44 25 43.6560 W;19 54 9.3780 S;FAZENDA VELHA;3;35690000
31;26000;5;0;2;ESTRADA;;ACESSO A FAZENDA VELHA;0;SN     ;44 26 3.9780 W;19 54 33.7020 S;FAZENDA VELHA;1;35690000
31;26000;5;0;2;ESTRADA;;ACESSO A FAZENDA VELHA;0;SN     ;44 26 3.9780 W;19 54 33.7020 S;FAZENDA VELHA;1;35690000
31;26000;5;0;2;ESTRADA;;ACESSO A FAZENDA VELHA;0;SN     ;44 26 3.9780 W;19 54 33.7020 S;FAZENDA VELHA;3;35690000
31;26000;5;0;2;ESTRADA;;ACESSO A FAZENDA VELHA;0;SN     ;44 24 56.9580 W;19 53 43.4520 S;FAZENDA VELHA;1;35690000
31;26000;5;0;2;FAZENDA;;TRES MARIAS;3;QBV    ;44 24 16.8840 W;19 55 4.8420 S;VALE DA LUA;1;35690000
31;26000;5;0;2;ESTRADA;;ACESSO A TAPERA;0;SN     ;44 22 55.6500 W;19 53 40.4520 S;TAPERA;1;35690000
31;26000;5;0;2;ESTRADA;;ACESSO A TAPERA;0;SN     ;44 22 55.6620 W;19 53 40.4400 S;TAPERA;1;35690000
31;26000;5;0;2;ESTRADA;;ACESSO A TAPERA;0;SN     ;44 22 55.1520 W;19 53 40.3560 S;TAPERA;1;35690000
31;26000;5;0;2;ESTRADA;;ACESSO A TAPERA;0;SN     ;44 22 55.1520 W;19 53 40.3560 S;TAPERA;3;35690000
31;26000;5;0;2;ESTRADA;;ACESSO A TAPERA;0;SN     ;44 22 54.2700 W;19 53 41.0940 S;TAPERA;1;35690000
31;26000;5;0;2;ESTRADA;;ACESSO A TAPERA;0;SN     ;44 22 54.2700 W;19 53 41.0940 S;TAPERA;3;35690000
31;26000;5;0;2;ESTRADA;;ACESSO A TAPERA;0;SN     ;44 22 25.7040 W;19 53 46.0260 S;TAPERA;1;35690000
31;26000;5;0;2;ESTRADA;;ACESSO A TAPERA;0;SN     ;44 22 25.5960 W;19 53 45.9300 S;TAPERA;1;35690000
31;26000;5;0;2;ESTRADA;;ACESSO A TAPERA;0;SN     ;44 22 25.3980 W;19 53 45.4260 S;TAPERA;1;35690000
31;26000;5;0;2;ESTRADA;;ACESSO A TAPERA;0;SN     ;44 22 23.8560 W;19 53 45.6360 S;TAPERA;1;35690000
31;26000;5;0;2;ESTRADA;;ACESSO A TAPERA;0;SN     ;44 20 37.2420 W;19 52 31.6620 S;TAPERA;1;35690000
31;26000;5;0;2;ESTRADA;;ACESSO A TAPERA;0;SN     ;44 20 37.2420 W;19 52 31.6620 S;TAPERA;3;35690000
31;26000;5;0;2;ESTRADA;;ACESSO A TAPERA;0;SN     ;44 20 37.2240 W;19 52 31.7220 S;TAPERA;1;35690000
31;26000;5;0;2;ESTRADA;;ACESSO A TAPERA;0;SN     ;44 21 2.4420 W;19 53 9.5400 S;TAPERA;1;35690000
31;26000;5;0;2;ESTRADA;;ACESSO A TAPERA;0;SN     ;44 21 2.8200 W;19 53 9.6360 S;TAPERA;1;35690000
31;26000;5;0;2;ESTRADA;;ACESSO A TAPERA;0;SN     ;44 20 44.4120 W;19 53 32.4300 S;TAPERA;1;35690000
31;26000;5;0;2;ESTRADA;;ACESSO A TAPERA;0;SN     ;44 20 44.4120 W;19 53 32.4300 S;TAPERA;3;35690000
31;26000;5;0;2;ESTRADA;;DA RUA DO SANTA MARGARIDA;0;SN     ;44 25 35.1420 W;19 50 19.9140 S;FACAO;1;35690000
31;26000;5;0;2;ESTRADA;;DA RUA DO SANTA MARGARIDA;0;SN     ;44 25 29.0100 W;19 50 16.3500 S;FACAO;1;35690000
31;26000;5;0;2;ESTRADA;;DA RUA DO SANTA MARGARIDA;0;SN     ;44 25 26.5440 W;19 49 58.3500 S;FACAO;1;35690000
31;26000;5;0;2;ESTRADA;;DA RUA DO SANTA MARGARIDA;0;SN     ;44 25 26.5560 W;19 49 58.4220 S;FACAO;1;35690000
31;26000;5;0;2;ESTRADA;;DA RUA DO SANTA MARGARIDA;0;SN     ;44 25 26.5440 W;19 49 58.3500 S;FACAO;3;35690000
31;26000;5;0;2;ESTRADA;;DA RUA DO SANTA MARGARIDA;0;SN     ;44 25 27.5160 W;19 50 16.0860 S;FACAO;1;35690000
31;26000;5;0;2;ESTRADA;;DA RUA DO SANTA MARGARIDA;0;SN     ;44 25 12.3480 W;19 50 13.2780 S;FACAO;1;35690000
31;26000;5;0;2;ESTRADA;;DA RUA DO SANTA MARGARIDA;0;SN     ;44 25 39.1920 W;19 50 36.7860 S;FACAO;1;35690000
31;26000;5;0;2;ESTRADA;;DA RUA DO SANTA MARGARIDA;0;SN     ;44 25 40.2000 W;19 50 30.7320 S;FACAO;1;35690000
31;26000;5;0;2;SITIO;;PROXIMO AO SANTA MARGARIDA;0;SN     ;44 25 35.1480 W;19 50 47.8440 S;FACAO;1;3569000
31;26000;5;0;2;SITIO;SANTA;MARGARIDA;0;SN     ;44 25 29.7240 W;19 50 50.2920 S;FACAO;1;35690000
31;26000;5;0;2;SITIO;SANTA;MARGARIDA;0;SN     ;44 25 29.7360 W;19 50 50.2560 S;FACAO;1;35690000
31;26000;5;0;2;SITIO;;PROXIMO AO FAZENDA COQUEIROS;0;SN     ;44 25 24.8400 W;19 50 45.0480 S;FACAO;1;35690000
31;26000;5;0;2;FAZENDA;;COQUEIRO;0;SN     ;44 25 7.5420 W;19 50 52.2600 S;FAZENDA COQUEIRO;1;35690000
31;26000;5;0;2;FAZENDA;;COQUEIRO;0;SN     ;44 25 7.5060 W;19 50 52.3380 S;FAZENDA COQUEIRO;1;35690000
31;26000;5;0;2;FAZENDA;;COQUEIRO;0;SN     ;44 24 57.5280 W;19 50 43.0020 S;FAZENDA COQUEIRO;1;35690000
31;26000;5;0;2;FAZENDA;;COQUEIRO;0;SN     ;44 24 57.5280 W;19 50 43.0020 S;FAZENDA COQUEIRO;3;35690000
31;26000;5;0;2;FAZENDA;;FAZENDINHA;0;SN     ;44 24 51.4080 W;19 52 2.0520 S;FAZENDINHA;1;35690000
31;26000;5;0;2;FAZENDA;;FAZENDINHA;0;SN     ;44 24 57.6240 W;19 52 14.9340 S;FAZENDINHA;1;35690000
31;26000;5;0;2;AVENIDA;;DOS PROFESSORES;3;FNS    ;44 25 5.7600 W;19 52 41.7660 S;RIBEIRAO DO OURO;1;35369000
31;26000;5;0;2;AVENIDA;;DOS PROFESSORES;5;FNS    ;44 25 5.0700 W;19 52 40.6260 S;RIBEIRAO DO OURO;1;35369000
31;26000;5;0;2;AVENIDA;;DOS PROFESSORES;16;;44 25 5.2800 W;19 52 39.7980 S;RIBEIRAO DO OURO;1;35369000
31;26000;5;0;2;AVENIDA;;DOS PROFESSORES;8;FNS    ;44 25 3.7620 W;19 52 38.9760 S;RIBEIRAO DO OURO;1;35369000
31;26000;5;0;2;AVENIDA;;DOS PROFESSORES;9;FNS    ;44 25 4.0560 W;19 52 38.8320 S;RIBEIRAO DO OURO;1;35369000
31;26000;5;0;2;AVENIDA;;DOS PROFESSORES;10;FNS    ;44 25 3.2940 W;19 52 39.1740 S;RIBEIRAO DO OURO;1;35369000
31;26000;5;0;2;AVENIDA;;DOS PROFESSORES;7;FNS    ;44 25 4.3620 W;19 52 39.1980 S;RIBEIRAO DO OURO;1;35369000
31;26000;5;0;2;AVENIDA;;DOS PROFESSORES;4;FNS    ;44 25 5.3340 W;19 52 41.2320 S;RIBEIRAO DO OURO;1;35369000
31;26000;5;0;2;AVENIDA;;DOS PROFESSORES;11;FNS    ;44 25 1.9740 W;19 52 36.7980 S;RIBEIRAO DO OURO;1;35369000
31;26000;5;0;2;AVENIDA;;DOS PROFESSORES;2;FNS    ;44 25 2.4719 W;19 52 37.7460 S;RIBEIRAO DO OURO;1;35369000
31;26000;5;0;2;ESTRADA;;ACESSO FACAO;0;SN     ;44 25 7.8180 W;19 50 3.3240 S;FACAO;1;35690000
31;26000;5;0;2;RODOVIA;;DERCI ALVES RIBEIRO;0;SN     ;44 23 36.7140 W;19 54 44.9220 S;CAPAO;1;35690000
31;26000;5;0;2;RODOVIA;;DERCI ALVES RIBEIRO;0;SN     ;44 23 36.7140 W;19 54 44.9220 S;CAPAO;3;35690000
31;26000;5;0;2;RODOVIA;;DERCI ALVES RIBEIRO;0;SN     ;44 24 18.3660 W;19 53 50.1060 S;CAPAO;1;35690000
31;26000;5;0;2;RODOVIA;;DERCI ALVES RIBEIRO;0;SN     ;44 24 18.2700 W;19 53 50.3400 S;CAPAO;1;35690000
31;26000;5;0;2;RODOVIA;;DERCI ALVES RIBEIRO;0;SN     ;44 24 18.2700 W;19 53 50.3400 S;CAPAO;3;35690000
31;26000;5;0;2;ESTRADA;;ACESSO AO CAPAO;0;SN     ;44 24 31.9380 W;19 54 18.1260 S;CAPAO;1;35690000
31;26000;5;0;2;ESTRADA;;ACESSO AO CAPAO;0;SN     ;44 24 36.6840 W;19 54 36.7980 S;CAPAO;1;35690000
31;26000;5;0;2;ESTRADA;;ACESSO AO CAPAO;0;SN     ;44 24 45.5520 W;19 54 30.7260 S;CAPAO;1;35690000
31;26000;5;0;2;ESTRADA;;ACESSO AO CAPAO;0;SN     ;44 24 45.5520 W;19 54 30.7260 S;CAPAO;3;35690000
31;26000;5;0;2;ESTRADA;;ACESSO AO CAPAO;0;SN     ;44 24 45.1440 W;19 54 30.6600 S;CAPAO;1;35690000
31;26000;5;0;2;ESTRADA;;ACESSO AO CAPAO;0;SN     ;44 24 45.1440 W;19 54 30.6600 S;CAPAO;3;35690000
31;26000;5;0;2;ESTRADA;;ACESSO AO CAPAO;0;SN     ;44 24 47.5140 W;19 54 45.5520 S;CAPAO;1;35690000
31;26000;5;0;2;ESTRADA;;ACESSO AO CAPAO;0;SN     ;44 24 55.1040 W;19 54 33.8580 S;CAPAO;1;35690000
31;26000;5;0;2;ESTRADA;;ACESSO AO CAPAO;0;SN     ;44 24 28.5300 W;19 54 31.3200 S;CAPAO;1;35690000
31;26000;5;0;2;ESTRADA;;ACESSO AO CAPAO;0;SN     ;44 24 28.5300 W;19 54 31.3200 S;CAPAO;3;35690000
31;26000;5;0;2;ESTRADA;;ACESSO AO CAPAO;0;SN     ;44 24 28.6380 W;19 54 31.1520 S;CAPAO;1;35690000
31;26000;5;0;2;ESTRADA;;ACESSO AO CAPAO;0;SN     ;44 24 23.6280 W;19 54 29.8740 S;CAPAO;1;35690000
31;26000;5;0;2;ESTRADA;;ACESSO AO CAPAO;0;SN     ;44 24 23.6280 W;19 54 29.8740 S;CAPAO;3;35690000
31;26000;5;0;2;ESTRADA;;ACESSO AO CAPAO;0;SN     ;44 24 23.6280 W;19 54 29.8740 S;CAPAO;1;35690000
31;26000;5;0;2;ESTRADA;;ACESSO AO CAPAO;0;SN     ;44 24 23.6280 W;19 54 29.8740 S;CAPAO;3;35690000
31;26000;5;0;2;ESTRADA;;ACESSO AO CAPAO;0;SN     ;44 24 6.3600 W;19 54 22.8660 S;CAPAO;1;35690000
31;26000;5;0;2;ESTRADA;;ACESSO AO CAPAO;0;SN     ;44 24 33.2760 W;19 55 20.6100 S;CAPAO;1;35690000
31;26000;5;0;2;FAZENDA;;SANTA RITA;0;SN     ;44 24 24.9060 W;19 54 15.1440 S;CAPAO;1;35690000
31;26000;5;0;2;FAZENDA;;SANTA RITA;0;SN     ;44 24 24.7860 W;19 54 14.8920 S;CAPAO;6;35690000
31;26000;5;0;2;FAZENDA;;SANTA RITA;0;SN     ;44 24 24.1080 W;19 54 16.0740 S;CAPAO;3;35690000
31;26000;5;0;2;FAZENDA;;SANTA RITA;0;SN     ;44 24 25.3320 W;19 54 16.5240 S;CAPAO;6;35690000
31;26000;5;0;2;FAZENDA;;SANTA RITA;0;SN     ;44 24 24.4020 W;19 54 16.1220 S;CAPAO;6;35690000
31;26000;5;0;2;FAZENDA;;SANTA RITA;0;SN     ;44 24 26.7900 W;19 54 16.1220 S;CAPAO;6;35690000
31;26000;5;0;2;FAZENDA;;SANTA RITA;0;SN     ;44 24 30.9180 W;19 54 18.4260 S;CAPAO;1;35690000
31;26000;5;0;2;FAZENDA;;SANTA RITA;0;SN     ;44 24 31.9380 W;19 54 18.1260 S;CAPAO;1;35690000
31;26000;5;0;2;ESTRADA;;ACESSO AO JAPONES;0;SN     ;44 27 6.3480 W;19 54 5.6700 S;CAMARAO;3;35690000
31;26000;5;0;2;ESTRADA;;ACESSO AO JAPONES;0;SN     ;44 27 19.1640 W;19 54 19.7940 S;CAMARAO;1;35690000
31;26000;5;0;2;ESTRADA;;ACESSO AO JAPONES;0;SN     ;44 27 28.3080 W;19 54 36.9540 S;CAMARAO;1;35690000
31;26000;5;0;2;ESTRADA;;ACESSO AO JAPONES;0;SN     ;44 27 28.3080 W;19 54 36.9540 S;CAMARAO;1;35690000
31;26000;5;0;2;SITIO;;EM FRENTE AO SITIO DO CAO BRAV;0;SN     ;44 27 3.0180 W;19 50 4.5660 S;CATATAU;1;35690000
31;26000;5;0;2;SITIO;;EM FRENTE AO SITIO DO CAO BRAV;0;SN     ;44 27 2.4180 W;19 50 5.2500 S;CATATAU;1;35690000
31;26000;5;0;2;SITIO;;EM FRENTE AO SITIO DO CAO BRAV;0;SN     ;44 27 2.4180 W;19 50 5.2500 S;CATATAU;3;35690000
31;26000;5;0;2;ENTRADA;;PELO LAGO PERTO DA GRANJA;0;SN     ;44 26 55.5540 W;19 50 14.9700 S;CATATAU;1;35690000
31;26000;5;0;2;ENTRADA;;PELO LAGO PERTO DA GRANJA;0;SN     ;44 26 55.5540 W;19 50 14.9700 S;CATATAU;3;35690000
31;26000;5;0;2;ENTRADA;;PELO LAGO PERTO DA GRANJA;0;SN     ;44 26 53.9340 W;19 50 11.7780 S;CATATAU;1;35690000
31;26000;5;0;2;ENTRADA;;PELO LAGO PERTO DA GRANJA;0;SN     ;44 26 53.8140 W;19 50 11.7420 S;CATATAU;1;35690000
31;26000;5;0;2;ENTRADA;;PELO LAGO PERTO DA GRANJA;6;FNS    ;44 26 54.5580 W;19 50 21.0120 S;CATATAU;1;35690000
31;26000;5;0;2;ENTRADA;;PELO LAGO PERTO DA GRANJA;0;SN     ;44 27 3.3000 W;19 50 4.3260 S;CATATAU;1;35690000
31;26000;5;0;2;ESTRADA;;PRINCIPAL DE CATATAU;0;SN     ;44 27 8.2920 W;19 50 35.1360 S;CATATAU;1;35690000
31;26000;5;0;2;ESTRADA;;PRINCIPAL DE CATATAU;0;SN     ;44 27 8.2140 W;19 50 34.9080 S;CATATAU;1;35690000
31;26000;5;0;2;ESTRADA;;PRINCIPAL DE CATATAU;0;SN     ;44 27 8.2140 W;19 50 34.9080 S;CATATAU;3;35690000
31;26000;5;0;2;ESTRADA;;PRINCIPAL DE CATATAU;0;SN     ;44 27 7.9440 W;19 50 34.9860 S;CATATAU;1;35690000
31;26000;5;0;2;ESTRADA;;PRINCIPAL DE CATATAU;0;SN     ;44 27 7.2720 W;19 50 34.6500 S;CATATAU;3;35690000
31;26000;5;0;2;ESTRADA;;PRINCIPAL DE CATATAU;0;SN     ;44 26 57.2160 W;19 50 17.2260 S;CATATAU;1;35690000
31;26000;5;0;2;ESTRADA;;PRINCIPAL DE CATATAU;0;SN     ;44 27 3.4740 W;19 49 53.6160 S;CATATAU;1;35690000
31;26000;5;0;2;ESTRADA;;PRINCIPAL DE CATATAU;0;SN     ;44 27 3.4740 W;19 49 53.6160 S;CATATAU;3;35690000
31;26000;5;0;2;ESTRADA;;PRINCIPAL DE CATATAU;0;SN     ;44 27 3.5160 W;19 49 53.8080 S;CATATAU;1;35690000
31;26000;5;0;2;ESTRADA;;PRINCIPAL DE CATATAU;0;SN     ;44 27 3.5160 W;19 49 53.8080 S;CATATAU;3;35690000
31;26000;5;0;2;ESTRADA;;PRINCIPAL DE CATATAU;0;SN     ;44 27 12.8820 W;19 49 37.5900 S;CATATAU;1;35690000
31;26000;5;0;2;ESTRADA;;PRINCIPAL DE CATATAU;0;SN     ;44 27 12.8760 W;19 49 37.6740 S;CATATAU;1;35690000
31;26000;5;0;2;ESTRADA;;PRINCIPAL DE CATATAU;0;SN     ;44 27 25.4340 W;19 49 30.9060 S;CATATAU;1;35690000
31;26000;5;0;2;ESTRADA;;PRINCIPAL DE CATATAU;0;SN     ;44 27 24.8040 W;19 49 32.8680 S;CATATAU;1;35690000
31;26000;5;0;2;ESTRADA;;PRINCIPAL DE CATATAU;0;SN     ;44 27 8.2920 W;19 49 39.0840 S;CATATAU;1;35690000
31;26000;5;0;2;ESTRADA;;PRINCIPAL DE CATATAU;0;SN     ;44 27 17.9940 W;19 49 27.7680 S;CATATAU;1;35690000
31;26000;5;0;2;ESTRADA;;PRINCIPAL DE CATATAU;0;SN     ;44 27 17.2560 W;19 49 23.9220 S;CATATAU;1;35690000
31;26000;5;0;2;ESTRADA;;PRINCIPAL DE CATATAU;0;SN     ;44 28 23.8800 W;19 50 23.1900 S;CATATAU;1;35690000
31;26000;5;0;2;ESTRADA;;PRINCIPAL DE CATATAU;0;SN     ;44 28 34.5960 W;19 50 18.1200 S;CATATAU;3;35690000
31;26000;5;0;2;ESTRADA;;PRINCIPAL DE CATATAU;0;SN     ;44 28 33.2580 W;19 50 18.6540 S;CATATAU;3;35690000
31;26000;5;0;2;ESTRADA;;PRINCIPAL DE CATATAU;0;SN     ;44 28 37.3740 W;19 50 17.3940 S;CATATAU;3;35690000
31;26000;5;0;2;ESTRADA;;PRINCIPAL DE CATATAU;0;SN     ;44 27 12.8100 W;19 49 37.6200 S;CATATAU;1;35690000
31;26000;5;0;2;ESTRADA;;PRINCIPAL DE CATATAU;0;SN     ;44 26 54.7200 W;19 50 20.5440 S;CATATAU;1;35690000
31;26000;5;0;2;ESTRADA;;PRINCIPAL DE CATATAU;0;SN     ;44 26 54.5880 W;19 51 28.5000 S;CATATAU;1;35690000
31;26000;5;0;2;ESTRADA;;DO SITIO RIBEIRAO DAS LAJES;0;SN     ;44 23 50.3640 W;19 50 13.9200 S;VALENTIM;1;3569000
31;26000;5;0;2;ESTRADA;;DO SITIO RIBEIRAO DAS LAJES;0;SN     ;44 23 54.2520 W;19 50 15.0120 S;VALENTIM;1;3569000
31;26000;5;0;2;ESTRADA;;DO SITIO RIBEIRAO DAS LAJES;0;SN     ;44 23 49.6680 W;19 50 13.9200 S;VALENTIM;1;3569000
31;26000;5;0;2;ESTRADA;;DO SITIO RIBEIRAO DAS LAJES;0;SN     ;44 23 53.0820 W;19 50 14.5380 S;VALENTIM;1;3569000
31;26000;5;0;2;ESTRADA;;DO SITIO RIBEIRAO DAS LAJES;0;SN     ;44 23 54.6720 W;19 50 15.2340 S;VALENTIM;1;3569000
31;26000;5;0;2;ESTRADA;;DO SITIO RIBEIRAO DAS LAJES;0;SN     ;44 23 54.7020 W;19 50 15.1380 S;VALENTIM;1;3569000
31;26000;5;0;2;ESTRADA;;SITIO BOA ESPERANCA;0;SN     ;44 24 17.8380 W;19 50 0.7140 S;VALENTIM;1;35690000
31;26000;5;0;2;ESTRADA;;SITIO BOA ESPERANCA;0;SN     ;44 24 14.5560 W;19 50 0.6780 S;VALENTIM;1;35690000
31;26000;5;0;2;ESTRADA;;DA FAZENDA TERRA DO SOL;0;SN     ;44 24 53.4480 W;19 50 15.6780 S;FACAO;1;35690000
31;26000;5;0;2;ESTRADA;;DA FAZENDA TERRA DO SOL;0;SN     ;44 24 53.4480 W;19 50 15.6780 S;FACAO;3;35690000
31;26000;5;0;2;ESTRADA;;DA FAZENDA TERRA DO SOL;0;SN     ;44 24 53.4000 W;19 50 15.7380 S;FACAO;1;35690000
31;26000;5;0;2;ESTRADA;;DA FAZENDA TERRA DO SOL;0;SN     ;44 24 22.0020 W;19 50 0.4920 S;FACAO;1;35690000
31;26000;5;0;2;ESTRADA;;DA FAZENDA TERRA DO SOL;0;SN     ;44 24 22.4400 W;19 50 0.4680 S;FACAO;1;35690000
31;26000;5;0;2;ESTRADA;;DA FAZENDA TERRA DO SOL;0;SN     ;44 24 22.4640 W;19 50 0.0720 S;FACAO;1;35690000
31;26000;5;0;2;ESTRADA;;DA FAZENDA TERRA DO SOL;0;SN     ;44 24 38.8920 W;19 50 11.4120 S;FACAO;1;35690000
31;26000;5;0;2;FAZENDA;;TILAPIA;0;SN     ;44 25 4.0140 W;19 50 6.7380 S;FACAO;3;35690000
31;26000;5;0;2;FAZENDA;;TILAPIA;0;SN     ;44 25 4.0500 W;19 50 6.7260 S;FACAO;1;35690000
31;26000;5;0;2;FAZENDA;;TILAPIA;0;SN     ;44 25 4.1280 W;19 50 6.4920 S;FACAO;1;35690000
31;26000;5;0;2;FAZENDA;;TILAPIA;0;SN     ;44 25 3.7500 W;19 50 6.6360 S;FACAO;1;35690000
31;26000;5;0;2;FAZENDA;;TILAPIA;0;SN     ;44 24 57.0420 W;19 50 15.8040 S;FACAO;1;35690000
31;26000;5;0;2;ESTRADA;;DO SITIO VALE DOS BAUNILAS;0;SN     ;44 24 59.4720 W;19 50 17.0280 S;FACAO;1;35690000
31;26000;5;0;2;ESTRADA;;DO SITIO VALE DOS BAUNILAS;0;SN     ;44 24 59.4720 W;19 50 17.0280 S;FACAO;3;35690000
31;26000;5;0;2;ESTRADA;;DO SITIO VALE DOS BAUNILAS;0;SN     ;44 25 8.5260 W;19 50 16.3440 S;FACAO;1;35690000
31;26000;5;0;2;FAZENDA;;PARAISO;0;SN     ;44 25 12.2040 W;19 50 13.0560 S;FACAO;1;35969000
31;26000;5;0;2;FAZENDA;;PARAISO;0;SN     ;44 25 12.4440 W;19 50 13.2180 S;FACAO;1;35969000
31;26000;5;0;2;ESTRADA;;DA RUA DO SANTA MARGARIDA;0;SN     ;44 25 36.6900 W;19 50 46.8720 S;FACAO;1;35690000
31;26000;5;0;2;ESTRADA;;DA RUA DO SANTA MARGARIDA;0;SN     ;44 25 38.7420 W;19 50 28.0680 S;FACAO;1;35690000
31;26000;5;0;2;ESTRADA;;DA RUA DO SANTA MARGARIDA;0;SN     ;44 25 49.5120 W;19 50 27.0000 S;FACAO;1;35690000
31;26000;5;0;2;ESTRADA;;DA RUA DO SANTA MARGARIDA;0;SN     ;44 25 49.5120 W;19 50 27.0000 S;FACAO;3;35690000
31;26000;5;0;2;ESTRADA;;DA RUA DO SANTA MARGARIDA;0;SN     ;44 25 39.4980 W;19 50 24.3900 S;FACAO;1;35690000
31;26000;5;0;2;ESTRADA;;DA RUA DO SANTA MARGARIDA;0;SN     ;44 25 35.2200 W;19 50 20.0400 S;FACAO;7;35690000
31;26000;5;0;2;ENTRADA;;DA RODOVIA MG A PRA RIB OURO;0;SN     ;44 27 26.8440 W;19 48 40.4820 S;CATATAU;1;35690000
31;26000;5;0;2;ENTRADA;;DA RODOVIA MG A PRA RIB OURO;0;SN     ;44 27 36.2520 W;19 48 22.0200 S;CATATAU;1;35690000
31;26000;5;0;2;ENTRADA;;DA RODOVIA MG A PRA RIB OURO;0;SN     ;44 27 27.7320 W;19 48 14.4120 S;CATATAU;1;35690000
31;26000;5;0;2;ENTRADA;;DA RODOVIA MG A PRA RIB OURO;0;SN     ;44 27 18.5820 W;19 47 56.9580 S;CATATAU;1;35690000
31;26000;5;0;2;ENTRADA;;DA RODOVIA MG A PRA RIB OURO;0;SN     ;44 27 27.7500 W;19 47 50.9700 S;CATATAU;1;35690000
31;26000;5;0;2;ENTRADA;;DA RODOVIA MG A PRA RIB OURO;0;SN     ;44 27 27.7500 W;19 47 50.9700 S;CATATAU;3;35690000
31;26000;5;0;2;ENTRADA;;DA RODOVIA MG A PRA RIB OURO;0;SN     ;44 27 29.7360 W;19 47 51.5160 S;CATATAU;1;35690000
31;26000;5;0;2;ENTRADA;;DA RODOVIA MG A PRA RIB OURO;0;SN     ;44 27 27.5820 W;19 48 39.6360 S;CATATAU;1;35690000
31;26000;5;0;2;ENTRADA;;DA RODOVIA MG A PRA RIB OURO;0;SN     ;44 27 40.3500 W;19 48 17.9460 S;CATATAU;1;35690000
31;26000;5;0;2;ENTRADA;;DA RODOVIA MG A PRA RIB OURO;0;SN     ;44 27 28.5180 W;19 48 20.4660 S;CATATAU;1;35690000
31;26000;5;0;2;ESTRADA;;MARINHEIRO PARA BOA VISTA;0;SN     ;44 26 18.2220 W;19 49 13.1100 S;BOA VISTA;7;35690000
31;26000;5;0;2;ESTRADA;;MARINHEIRO PARA BOA VISTA;0;SN     ;44 26 18.9660 W;19 49 13.1280 S;BOA VISTA;7;35690000
31;26000;5;0;2;ESTRADA;;MARINHEIRO PARA BOA VISTA;0;SN     ;44 26 19.0020 W;19 49 13.2180 S;BOA VISTA;1;35690000
31;26000;5;0;2;ESTRADA;;MARINHEIRO PARA BOA VISTA;0;SN     ;44 26 19.0020 W;19 49 13.2180 S;BOA VISTA;3;35690000
31;26000;5;0;2;ESTRADA;;MARINHEIRO PARA BOA VISTA;0;SN     ;44 25 53.1360 W;19 48 59.5560 S;BOA VISTA;1;35690000
31;26000;5;0;2;ESTRADA;;MARINHEIRO PARA BOA VISTA;0;SN     ;44 25 53.1060 W;19 48 59.5920 S;BOA VISTA;1;35690000
31;26000;5;0;2;ESTRADA;;MARINHEIRO PARA BOA VISTA;0;SN     ;44 25 42.8640 W;19 48 59.7420 S;BOA VISTA;1;35690000
31;26000;5;0;2;ESTRADA;;MARINHEIRO PARA BOA VISTA;0;SN     ;44 25 42.9000 W;19 49 6.1920 S;BOA VISTA;6;35690000
31;26000;5;0;2;ESTRADA;;MARINHEIRO PARA BOA VISTA;0;SN     ;44 25 32.2440 W;19 48 51.1260 S;BOA VISTA;1;35690000
31;26000;5;0;2;ESTRADA;;MARINHEIRO PARA BOA VISTA;0;SN     ;44 25 31.6380 W;19 48 52.3560 S;BOA VISTA;1;35690000
31;26000;5;0;2;ESTRADA;;MARINHEIRO PARA BOA VISTA;0;SN     ;44 25 26.7000 W;19 48 54.7080 S;BOA VISTA;1;35690000
31;26000;5;0;2;ESTRADA;;MARINHEIRO PARA BOA VISTA;0;SN     ;44 25 20.7720 W;19 48 58.5480 S;BOA VISTA;1;35690000
31;26000;5;0;2;ESTRADA;;MARINHEIRO PARA BOA VISTA;0;SN     ;44 25 24.3360 W;19 48 58.0560 S;BOA VISTA;1;35690000
31;26000;5;0;2;ESTRADA;;MARINHEIRO PARA BOA VISTA;0;SN     ;44 25 27.3900 W;19 49 5.6880 S;BOA VISTA;1;35690000
31;26000;5;0;2;ESTRADA;;MARINHEIRO PARA BOA VISTA;0;SN     ;44 25 22.5360 W;19 48 57.3600 S;BOA VISTA;1;35690000
31;26000;5;0;2;ESTRADA;;MARINHEIRO PARA BOA VISTA;0;SN     ;44 25 22.6380 W;19 48 56.9280 S;BOA VISTA;1;35690000
31;26000;5;0;2;ESTRADA;;MARINHEIRO PARA BOA VISTA;0;SN     ;44 25 22.5420 W;19 48 57.0660 S;BOA VISTA;1;35690000
31;26000;5;0;2;ESTRADA;;MARINHEIRO PARA BOA VISTA;0;SN     ;44 25 26.9760 W;19 48 54.7920 S;BOA VISTA;1;35690000
31;26000;5;0;2;ESTRADA;;MARINHEIRO PARA BOA VISTA;0;SN     ;44 25 28.0320 W;19 48 55.1640 S;BOA VISTA;1;35690000
31;26000;5;0;2;ESTRADA;;DE ENTRADA DE MARINHEIRO;0;SN     ;44 26 27.2040 W;19 49 32.8440 S;MARINHEIRO;1;35690000
31;26000;5;0;2;ESTRADA;;DE ENTRADA DE MARINHEIRO;0;SN     ;44 26 27.2040 W;19 49 32.8440 S;MARINHEIRO;3;35690000
31;26000;5;0;2;ESTRADA;;DE ENTRADA DE MARINHEIRO;0;SN     ;44 26 27.1320 W;19 49 33.5160 S;MARINHEIRO;1;35690000
31;26000;5;0;2;ESTRADA;;DE ENTRADA DE MARINHEIRO;0;SN     ;44 26 21.8760 W;19 49 39.3300 S;MARINHEIRO;1;35690000
31;26000;5;0;2;ESTRADA;;DE ENTRADA DE MARINHEIRO;0;SN     ;44 26 18.4920 W;19 49 26.0580 S;MARINHEIRO;6;35690000
31;26000;5;0;2;ESTRADA;;DE ENTRADA DE MARINHEIRO;0;SN     ;44 26 0.1800 W;19 47 57.3900 S;MARINHEIRO;1;35690000
31;26000;5;0;2;ESTRADA;;FIM DE CATATAU QUASE MARINHEIR;0;SN     ;44 26 35.5920 W;19 49 48.1080 S;CATATAU;1;3569000
31;26000;5;0;2;ESTRADA;;FIM DE CATATAU QUASE MARINHEIR;0;SN     ;44 26 30.4200 W;19 49 48.3240 S;CATATAU;1;3569000
31;26000;5;0;2;ESTRADA;;FIM DE CATATAU QUASE MARINHEIR;0;SN     ;44 26 30.1020 W;19 49 48.2400 S;CATATAU;1;3569000
31;26000;5;0;2;ESTRADA;;FIM DE CATATAU QUASE MARINHEIR;0;SN     ;44 27 29.6100 W;19 49 8.8380 S;CATATAU;1;3569000
31;26000;5;0;2;ESTRADA;;FIM DE CATATAU QUASE MARINHEIR;0;SN     ;44 27 29.8260 W;19 49 9.3300 S;CATATAU;1;3569000
31;26000;5;0;2;ESTRADA;;FIM DE CATATAU QUASE MARINHEIR;0;SN     ;44 27 29.8260 W;19 49 9.3300 S;CATATAU;3;3569000
31;26000;5;0;2;ESTRADA;;FIM DE CATATAU QUASE MARINHEIR;0;SN     ;44 27 29.5680 W;19 49 8.6580 S;CATATAU;1;3569000
31;26000;5;0;2;ESTRADA;;FIM DE CATATAU QUASE MARINHEIR;0;SN     ;44 27 19.7100 W;19 49 11.6040 S;CATATAU;1;3569000
31;26000;5;0;2;ESTRADA;;FIM DE CATATAU QUASE MARINHEIR;0;SN     ;44 27 17.9280 W;19 49 14.5020 S;CATATAU;1;3569000
31;26000;5;0;2;ESTRADA;;FIM DE CATATAU QUASE MARINHEIR;0;SN     ;44 27 17.2980 W;19 49 15.4140 S;CATATAU;1;3569000
31;26000;5;0;2;ESTRADA;;FIM DE CATATAU QUASE MARINHEIR;0;SN     ;44 26 57.2400 W;19 50 1.7040 S;CATATAU;1;3569000
31;26000;5;0;2;ESTRADA;;DE CATATAU SENTIDO BRAUNA;0;SN     ;44 26 59.0520 W;19 49 42.7500 S;CATATAU;1;35690000
31;26000;5;0;2;ESTRADA;;DE CATATAU SENTIDO BRAUNA;0;SN     ;44 26 50.2920 W;19 49 42.8640 S;CATATAU;1;35690000
31;26000;5;0;2;ESTRADA;;DE CATATAU SENTIDO BRAUNA;0;SN     ;44 26 49.4940 W;19 49 42.6720 S;CATATAU;1;35690000
31;26000;5;0;2;ESTRADA;;DE CATATAU SENTIDO BRAUNA;0;SN     ;44 26 48.2280 W;19 49 42.4140 S;CATATAU;1;35690000
31;26000;5;0;2;ESTRADA;;DE CATATAU SENTIDO BRAUNA;0;SN     ;44 26 46.7400 W;19 49 43.0500 S;CATATAU;1;35690000
31;26000;5;0;2;ESTRADA;;DE CATATAU SENTIDO BRAUNA;0;SN     ;44 26 46.5360 W;19 49 42.9720 S;CATATAU;1;35690000
31;26000;5;0;2;ESTRADA;;DE CATATAU SENTIDO BRAUNA;0;SN     ;44 26 37.7100 W;19 49 50.9160 S;CATATAU;1;35690000
31;26000;5;0;2;ESTRADA;;DE CATATAU SENTIDO BRAUNA;0;SN     ;44 26 37.7220 W;19 49 50.9460 S;CATATAU;1;35690000
31;26000;5;0;2;ESTRADA;;DE CATATAU SENTIDO BRAUNA;0;SN     ;44 26 37.6860 W;19 49 50.9460 S;CATATAU;1;35690000
31;26000;5;0;2;ESTRADA;;DE CATATAU SENTIDO BRAUNA;0;SN     ;44 26 37.7460 W;19 49 51.2100 S;CATATAU;1;35690000
31;26000;5;0;2;ESTRADA;;DE CATATAU SENTIDO BRAUNA;0;SN     ;44 26 37.7340 W;19 49 51.3840 S;CATATAU;1;35690000
31;26000;5;0;2;ESTRADA;;DE CATATAU SENTIDO BRAUNA;0;SN     ;44 26 58.9380 W;19 49 42.6840 S;CATATAU;1;35690000
31;26000;5;0;2;ESTRADA;;DE CATATAU SENTIDO BRAUNA;0;SN     ;44 26 36.0600 W;19 49 47.9400 S;CATATAU;1;35690000
31;26000;5;0;2;ESTRADA;;DE CATATAU SENTIDO BRAUNA;0;SN     ;44 26 46.1940 W;19 49 4.0560 S;CATATAU;1;35690000
31;26000;5;0;2;ESTRADA;;DE CATATAU SENTIDO BRAUNA;0;SN     ;44 26 46.8780 W;19 49 2.7900 S;CATATAU;1;35690000
31;26000;5;0;2;ESTRADA;;DE CATATAU SENTIDO BRAUNA;0;SN     ;44 26 43.8540 W;19 48 56.0340 S;CATATAU;1;35690000
31;26000;5;0;2;ESTRADA;;DE CATATAU SENTIDO BRAUNA;0;SN     ;44 26 43.8540 W;19 48 56.0340 S;CATATAU;1;35690000
31;26000;5;0;2;SITIO;;EM FRENTE AO SITIO DO CAO BRAV;0;SN     ;44 27 2.4600 W;19 50 5.3040 S;CATATAU;1;35690000
31;26000;5;0;2;ESTRADA;;DO SITIO DA HORTENCIA;0;SN     ;44 26 53.1840 W;19 47 22.5720 S;RIBEIRAO DO OURO;1;35690000
31;26000;5;0;2;ESTRADA;;DO SITIO DA HORTENCIA;0;SN     ;44 27 0.1740 W;19 47 20.7240 S;RIBEIRAO DO OURO;1;35690000
31;26000;5;0;2;ESTRADA;;DO SITIO DA HORTENCIA;0;SN     ;44 27 1.0560 W;19 47 21.2820 S;RIBEIRAO DO OURO;1;35690000
31;26000;5;0;2;RECANTO;;COQUEIRAL;3;SUCAM  ;44 27 17.9820 W;19 47 41.6520 S;RIBEIRAO DO OURO;1;35690000
31;26000;5;0;2;RECANTO;;COQUEIRAL;0;SN     ;44 27 18.0600 W;19 47 41.6640 S;RIBEIRAO DO OURO;1;35690000
31;26000;5;0;2;RECANTO;;COQUEIRAL;0;SN     ;44 27 14.4600 W;19 47 38.5800 S;RIBEIRAO DO OURO;1;35690000
31;26000;5;0;2;RECANTO;;COQUEIRAL;0;SN     ;44 27 13.4400 W;19 47 37.7940 S;RIBEIRAO DO OURO;1;35690000
31;26000;5;0;2;RECANTO;;COQUEIRAL;0;SN     ;44 27 12.6360 W;19 47 36.7140 S;RIBEIRAO DO OURO;1;35690000
31;26000;5;0;2;FAZENDA;;OURO VERDE;0;SN     ;44 27 40.1820 W;19 47 50.5080 S;RIBEIRAO DO OURO;1;3569000
31;26000;5;0;2;FAZENDA;;OURO VERDE;0;SN     ;44 27 45.3900 W;19 47 44.1780 S;RIBEIRAO DO OURO;1;3569000
31;26000;5;0;2;FAZENDA;;OURO VERDE;0;SN     ;44 27 45.3900 W;19 47 44.1780 S;RIBEIRAO DO OURO;3;3569000
31;26000;5;0;2;FAZENDA;;OURO VERDE;0;SN     ;44 28 54.9780 W;19 49 12.5520 S;RIBEIRAO DO OURO;1;3569000
31;26000;5;0;2;FAZENDA;;OURO VERDE;0;SN     ;44 28 55.0500 W;19 49 12.4020 S;RIBEIRAO DO OURO;1;3569000
31;26000;5;0;2;FAZENDA;;OURO VERDE;0;SN     ;44 28 50.1420 W;19 49 2.2680 S;RIBEIRAO DO OURO;1;3569000
31;26000;5;0;2;FAZENDA;;OURO VERDE;0;SN     ;44 29 0.8700 W;19 48 57.3480 S;RIBEIRAO DO OURO;3;3569000
31;26000;5;0;2;FAZENDA;;OURO VERDE;0;SN     ;44 29 0.8700 W;19 48 57.3480 S;RIBEIRAO DO OURO;1;3569000
31;26000;5;0;2;FAZENDA;;OURO VERDE;3;SUS    ;44 29 0.7020 W;19 48 57.2100 S;RIBEIRAO DO OURO;1;3569000
31;26000;5;0;2;FAZENDA;;OURO VERDE;0;SN     ;44 28 55.5480 W;19 48 51.7260 S;RIBEIRAO DO OURO;1;3569000
31;26000;5;0;2;FAZENDA;;OURO VERDE;0;SN     ;44 28 55.8780 W;19 48 48.6240 S;RIBEIRAO DO OURO;1;3569000
31;26000;5;0;2;FAZENDA;;OURO VERDE;0;SN     ;44 28 55.6740 W;19 48 48.3600 S;RIBEIRAO DO OURO;1;3569000
31;26000;5;0;2;FAZENDA;;OURO VERDE;0;SN     ;44 28 55.5240 W;19 48 44.2260 S;RIBEIRAO DO OURO;1;3569000
31;26000;5;0;2;FAZENDA;;OURO VERDE;0;SN     ;44 28 55.5240 W;19 48 44.2260 S;RIBEIRAO DO OURO;3;3569000
31;26000;5;0;2;ESTRADA;;PRINCIPAL DE PAU GRANDE;0;SN     ;44 25 2.9280 W;19 48 3.3840 S;PAU GRANDE;1;35690000
31;26000;5;0;2;ESTRADA;;PRINCIPAL DE PAU GRANDE;0;SN     ;44 25 2.1540 W;19 48 3.6180 S;PAU GRANDE;1;35690000
31;26000;5;0;2;ESTRADA;;PRINCIPAL DE PAU GRANDE;0;SN     ;44 25 2.0280 W;19 48 3.2820 S;PAU GRANDE;1;35690000
31;26000;5;0;2;ESTRADA;;PRINCIPAL DE PAU GRANDE;0;SN     ;44 25 2.3640 W;19 48 3.4860 S;PAU GRANDE;1;35690000
31;26000;5;0;2;ESTRADA;;PRINCIPAL DE PAU GRANDE;0;SN     ;44 25 2.2440 W;19 48 3.6600 S;PAU GRANDE;1;35690000
31;26000;5;0;2;ESTRADA;;PRINCIPAL DE PAU GRANDE;0;SN     ;44 25 4.1880 W;19 47 51.3660 S;PAU GRANDE;1;35690000
31;26000;5;0;2;ESTRADA;;PRINCIPAL DE PAU GRANDE;0;SN     ;44 25 3.5940 W;19 47 51.0600 S;PAU GRANDE;1;35690000
31;26000;5;0;2;ESTRADA;;PRINCIPAL DE PAU GRANDE;0;SN     ;44 25 18.8640 W;19 48 1.0860 S;PAU GRANDE;1;35690000
31;26000;5;0;2;ESTRADA;;PRINCIPAL DE PAU GRANDE;0;SN     ;44 25 25.9140 W;19 48 6.4740 S;PAU GRANDE;1;35690000
31;26000;5;0;2;ESTRADA;;PRINCIPAL DE PAU GRANDE;0;SN     ;44 25 25.9140 W;19 48 6.4740 S;PAU GRANDE;3;35690000
31;26000;5;0;2;ENTRADA;;DA RODOVIA MG A PRA RIB OURO;0;SN     ;44 28 21.6660 W;19 50 25.5780 S;CATATAU;6;35690000
31;26000;5;0;2;ENTRADA;;DA RODOVIA MG A PRA RIB OURO;0;SN     ;44 28 7.9380 W;19 50 37.6500 S;CATATAU;1;35690000
31;26000;5;0;2;ENTRADA;;DA RODOVIA MG A PRA RIB OURO;0;SN     ;44 28 7.9380 W;19 50 37.6500 S;CATATAU;3;35690000
31;26000;5;0;2;ENTRADA;;DA RODOVIA MG A PRA RIB OURO;0;SN     ;44 28 23.4420 W;19 50 21.7320 S;CATATAU;1;35690000
31;26000;5;0;2;ENTRADA;;DA RODOVIA MG A PRA RIB OURO;0;SN     ;44 28 5.5620 W;19 50 17.1840 S;CATATAU;3;35690000
31;26000;5;0;2;ENTRADA;;DA RODOVIA MG A PRA RIB OURO;0;SN     ;44 28 5.5620 W;19 50 17.1840 S;CATATAU;1;35690000
31;26000;5;0;2;ENTRADA;;DA RODOVIA MG A PRA RIB OURO;0;SN     ;44 27 57.1140 W;19 50 3.0360 S;CATATAU;1;35690000
31;26000;5;0;2;ENTRADA;;DA RODOVIA MG A PRA RIB OURO;0;SN     ;44 27 57.2940 W;19 50 3.3300 S;CATATAU;1;35690000
31;26000;5;0;2;ENTRADA;;DA RODOVIA MG A PRA RIB OURO;0;SN     ;44 27 57.2940 W;19 50 3.3300 S;CATATAU;3;35690000
31;26000;5;0;2;ENTRADA;;DA RODOVIA MG A PRA RIB OURO;0;SN     ;44 27 57.1380 W;19 50 3.2700 S;CATATAU;1;35690000
31;26000;5;0;2;ENTRADA;;DA RODOVIA MG A PRA RIB OURO;0;SN     ;44 27 51.7320 W;19 50 4.6080 S;CATATAU;1;35690000
31;26000;5;0;2;ENTRADA;;DA RODOVIA MG A PRA RIB OURO;0;SN     ;44 27 51.4740 W;19 50 4.4220 S;CATATAU;1;35690000
31;26000;5;0;2;ENTRADA;;DA RODOVIA MG A PRA RIB OURO;0;SN     ;44 27 52.2240 W;19 49 59.2440 S;CATATAU;1;35690000
31;26000;5;0;2;ENTRADA;;DA RODOVIA MG A PRA RIB OURO;0;SN     ;44 27 53.8320 W;19 49 57.6900 S;CATATAU;1;35690000
31;26000;5;0;2;ENTRADA;;DA RODOVIA MG A PRA RIB OURO;0;SN     ;44 27 57.0840 W;19 49 52.1340 S;CATATAU;1;35690000
31;26000;5;0;2;ENTRADA;;DA RODOVIA MG A PRA RIB OURO;0;SN     ;44 27 58.3560 W;19 49 23.3700 S;CATATAU;7;35690000
31;26000;5;0;2;ENTRADA;;DA RODOVIA MG A PRA RIB OURO;0;SN     ;44 27 58.5240 W;19 49 22.7460 S;CATATAU;1;35690000
31;26000;5;0;2;ENTRADA;;DA RODOVIA MG A PRA RIB OURO;0;SN     ;44 27 58.4400 W;19 49 22.6320 S;CATATAU;1;35690000
31;26000;5;0;2;ENTRADA;;DA RODOVIA MG A PRA RIB OURO;0;SN     ;44 27 51.6660 W;19 49 22.7520 S;CATATAU;1;35690000
31;26000;5;0;2;ENTRADA;;DA RODOVIA MG A PRA RIB OURO;0;SN     ;44 27 45.5160 W;19 49 2.0700 S;CATATAU;1;35690000
31;26000;5;0;2;ENTRADA;;DA RODOVIA MG A PRA RIB OURO;0;SN     ;44 27 43.6320 W;19 49 4.6440 S;CATATAU;1;35690000
31;26000;5;0;2;ENTRADA;;DA RODOVIA MG A PRA RIB OURO;0;SN     ;44 27 43.6320 W;19 49 4.6920 S;CATATAU;1;35690000
31;26000;5;0;2;ENTRADA;;DA RODOVIA MG A PRA RIB OURO;0;SN     ;44 27 45.7920 W;19 48 58.8300 S;CATATAU;1;35690000
31;26000;5;0;2;ENTRADA;;DA RODOVIA MG A PRA RIB OURO;0;SN     ;44 27 45.7920 W;19 48 58.8300 S;CATATAU;3;35690000
31;26000;5;0;2;ENTRADA;;DA RODOVIA MG A PRA RIB OURO;0;SN     ;44 27 51.0960 W;19 48 59.4120 S;CATATAU;1;35690000
31;26000;5;0;2;ENTRADA;;DA RODOVIA MG A PRA RIB OURO;0;SN     ;44 28 5.3280 W;19 48 59.4840 S;CATATAU;1;35690000
31;26000;5;0;2;ENTRADA;;DA RODOVIA MG A PRA RIB OURO;0;SN     ;44 28 10.5240 W;19 49 0.4800 S;CATATAU;1;35690000
31;26000;5;0;2;ENTRADA;;DA RODOVIA MG A PRA RIB OURO;0;SN     ;44 28 9.7140 W;19 49 0.4200 S;CATATAU;1;35690000
31;26000;5;0;2;ENTRADA;;DA RODOVIA MG A PRA RIB OURO;0;SN     ;44 28 4.7940 W;19 48 59.5200 S;CATATAU;1;35690000
31;26000;5;0;2;ENTRADA;;DA RODOVIA MG A PRA RIB OURO;0;SN     ;44 27 41.4480 W;19 49 2.3220 S;CATATAU;1;35690000
31;26000;5;0;2;ENTRADA;;DA RODOVIA MG A PRA RIB OURO;0;SN     ;44 27 41.4480 W;19 49 2.3220 S;CATATAU;1;35690000
31;26000;5;0;2;ENTRADA;;DA RODOVIA MG A PRA RIB OURO;0;SN     ;44 27 34.5780 W;19 48 54.3300 S;CATATAU;1;35690000
31;26000;5;0;2;ESTRADA;;PERTO FAZENDA SANTA HELENA;0;SN     ;44 26 36.8880 W;19 47 36.5160 S;RIBEIRAO DO OURO;1;3569000
31;26000;5;0;2;ESTRADA;;PERTO FAZENDA SANTA HELENA;0;SN     ;44 26 40.0860 W;19 47 32.3220 S;RIBEIRAO DO OURO;1;3569000
31;26000;5;0;2;ESTRADA;;PERTO FAZENDA SANTA HELENA;0;SN     ;44 26 40.0860 W;19 47 32.3220 S;RIBEIRAO DO OURO;3;3569000
31;26000;5;0;2;ESTRADA;;PERTO FAZENDA SANTA HELENA;0;SN     ;44 26 35.5800 W;19 47 42.3840 S;RIBEIRAO DO OURO;1;3569000
31;26000;5;0;2;ESTRADA;;PERTO FAZENDA SANTA HELENA;0;SN     ;44 26 48.9900 W;19 47 55.7700 S;RIBEIRAO DO OURO;1;3569000
31;26000;5;0;2;ESTRADA;;PERTO FAZENDA SANTA HELENA;0;SN     ;44 26 41.6400 W;19 48 8.4960 S;RIBEIRAO DO OURO;1;3569000
31;26000;5;0;2;ESTRADA;;DO SITIO GROTA DO MANGUE;0;SN     ;44 25 58.2240 W;19 47 57.8400 S;MARINHEIRO;1;35690000
31;26000;5;0;2;ESTRADA;;DO SITIO GROTA DO MANGUE;0;SN     ;44 25 58.2240 W;19 47 57.8400 S;MARINHEIRO;3;35690000
31;26000;5;0;2;ESTRADA;;DO SITIO GROTA DO MANGUE;0;SN     ;44 26 2.5140 W;19 48 8.9100 S;MARINHEIRO;1;35690000
31;26000;5;0;2;ESTRADA;;DO SITIO GROTA DO MANGUE;0;SN     ;44 26 2.8380 W;19 48 9.0420 S;MARINHEIRO;1;35690000
31;26000;5;0;2;ESTRADA;;DO SITIO GROTA DO MANGUE;0;SN     ;44 25 59.2320 W;19 48 13.4940 S;MARINHEIRO;1;35690000
31;26000;5;0;2;ESTRADA;;DO SITIO GROTA DO MANGUE;0;SN     ;44 25 48.5940 W;19 48 11.0340 S;MARINHEIRO;1;35690000
31;26000;5;0;2;ESTRADA;;DO SITIO GROTA DO MANGUE;0;SN     ;44 25 47.5140 W;19 48 20.5920 S;MARINHEIRO;1;35690000
31;26000;5;0;2;ESTRADA;;DO SITIO GROTA DO MANGUE;0;SN     ;44 25 47.5140 W;19 48 20.5920 S;MARINHEIRO;3;35690000
31;26000;5;0;2;ESTRADA;;DO SITIO GROTA DO MANGUE;0;SN     ;44 25 52.5120 W;19 48 10.9140 S;MARINHEIRO;1;35690000
31;26000;5;0;2;ESTRADA;;DO SITIO GROTA DO MANGUE;0;SN     ;44 26 39.5220 W;19 47 59.8800 S;MARINHEIRO;1;35690000
31;26000;5;0;2;ESTRADA;;DO SITIO GROTA DO MANGUE;0;SN     ;44 26 39.7440 W;19 48 4.1160 S;MARINHEIRO;1;35690000
31;26000;5;0;2;ESTRADA;;DO SITIO GROTA DO MANGUE;0;SN     ;44 26 39.7440 W;19 48 4.1160 S;MARINHEIRO;3;35690000
31;26000;5;0;2;ESTRADA;;DO SITIO GROTA DO MANGUE;0;SN     ;44 26 48.6300 W;19 47 55.6200 S;MARINHEIRO;1;35690000
31;26000;5;0;2;ESTRADA;;DO SITIO GROTA DO MANGUE;0;SN     ;44 26 48.6300 W;19 47 55.6200 S;MARINHEIRO;3;35690000
31;26000;5;0;2;FAZENDA;;CANA RAJADA;0;SN     ;44 26 0.1740 W;19 47 57.3840 S;PAU GRANDE;1;35690000
31;26000;5;0;2;FAZENDA;;PAU GRANDE;0;SN     ;44 25 22.7160 W;19 47 34.9920 S;PAU GRANDE;1;35690000
31;26000;5;0;2;FAZENDA;;PAU GRANDE;0;SN     ;44 25 22.6860 W;19 47 35.4060 S;PAU GRANDE;1;35690000
31;26000;5;0;2;FAZENDA;;PAU GRANDE;0;SN     ;44 25 22.6860 W;19 47 35.4060 S;PAU GRANDE;3;35690000
31;26000;5;0;2;FAZENDA;;PAU GRANDE;0;SN     ;44 25 22.8780 W;19 47 33.5580 S;PAU GRANDE;1;35690000
31;26000;5;0;2;FAZENDA;;PAU GRANDE;0;SN     ;44 25 22.7700 W;19 47 33.4740 S;PAU GRANDE;1;35690000
31;26000;5;0;2;FAZENDA;;LORENA;0;SN     ;44 25 54.8940 W;19 46 55.9920 S;RIBEIRAO DO OURO;1;35690000
31;26000;5;0;2;FAZENDA;;LORENA;0;SN     ;44 25 51.0000 W;19 46 49.9320 S;RIBEIRAO DO OURO;1;35690000
31;26000;5;0;2;FAZENDA;;LORENA;0;SN     ;44 25 50.2920 W;19 46 49.7400 S;RIBEIRAO DO OURO;1;35690000
31;26000;5;0;2;FAZENDA;;LORENA;0;SN     ;44 25 50.2920 W;19 46 49.7400 S;RIBEIRAO DO OURO;3;35690000
31;26000;5;0;2;FAZENDA;SAGRADA;FAMILIA;0;SN     ;44 25 54.5100 W;19 46 56.2020 S;RIBEIRAO DO OURO;1;35690000
31;26000;5;0;2;ESTRADA;;EM DIRECAO A FAZENDA LORENA;0;SN     ;44 26 51.1920 W;19 47 5.7600 S;RIBEIRAO DO OURO;1;35690000
31;26000;5;0;2;ESTRADA;;EM DIRECAO A FAZENDA LORENA;0;SN     ;44 26 41.2260 W;19 47 6.9000 S;RIBEIRAO DO OURO;1;35690000
31;26000;5;0;2;ESTRADA;;EM DIRECAO A FAZENDA LORENA;0;SN     ;44 26 41.2260 W;19 47 6.9000 S;RIBEIRAO DO OURO;3;35690000
31;26000;5;0;2;ESTRADA;;EM DIRECAO A FAZENDA LORENA;0;SN     ;44 26 41.3460 W;19 47 6.8400 S;RIBEIRAO DO OURO;1;35690000
31;26000;5;0;2;ESTRADA;;EM DIRECAO A FAZENDA LORENA;0;SN     ;44 26 41.3460 W;19 47 6.7500 S;RIBEIRAO DO OURO;1;35690000
31;26000;5;0;2;ESTRADA;;EM DIRECAO A FAZENDA LORENA;0;SN     ;44 26 41.6940 W;19 47 2.9280 S;RIBEIRAO DO OURO;1;35690000
31;26000;5;0;2;ESTRADA;;EM DIRECAO A FAZENDA LORENA;0;SN     ;44 26 22.4220 W;19 46 53.3580 S;RIBEIRAO DO OURO;1;35690000
31;26000;5;0;2;ESTRADA;;EM DIRECAO A FAZENDA LORENA;0;SN     ;44 26 22.2960 W;19 46 53.0100 S;RIBEIRAO DO OURO;1;35690000
31;26000;5;0;2;ESTRADA;;EM DIRECAO A FAZENDA LORENA;0;SN     ;44 26 22.2960 W;19 46 53.0100 S;RIBEIRAO DO OURO;3;35690000
31;26000;5;0;2;ESTRADA;;EM DIRECAO A FAZENDA LORENA;0;SN     ;44 26 36.1200 W;19 46 44.2620 S;RIBEIRAO DO OURO;1;35690000
31;26000;5;0;2;ESTRADA;;EM DIRECAO A FAZENDA LORENA;0;SN     ;44 26 20.6220 W;19 46 30.3480 S;RIBEIRAO DO OURO;1;35690000
31;26000;5;0;2;ESTRADA;;EM DIRECAO A FAZENDA LORENA;0;SN     ;44 26 19.9800 W;19 46 30.3780 S;RIBEIRAO DO OURO;1;35690000
31;26000;5;0;2;ESTRADA;;EM DIRECAO A FAZENDA LORENA;0;SN     ;44 26 19.9800 W;19 46 30.3780 S;RIBEIRAO DO OURO;3;35690000
31;26000;5;0;2;ESTRADA;;EM DIRECAO A FAZENDA LORENA;0;SN     ;44 26 30.1080 W;19 46 28.6800 S;RIBEIRAO DO OURO;7;35690000
31;26000;5;0;2;ESTRADA;;EM DIRECAO A FAZENDA LORENA;0;SN     ;44 26 30.7200 W;19 46 26.7840 S;RIBEIRAO DO OURO;7;35690000
31;26000;5;0;2;ESTRADA;;EM DIRECAO A FAZENDA LORENA;0;SN     ;44 26 6.1800 W;19 47 11.2260 S;RIBEIRAO DO OURO;1;35690000
31;26000;5;0;2;ESTRADA;;EM DIRECAO A FAZENDA LORENA;0;SN     ;44 26 6.3180 W;19 47 11.6520 S;RIBEIRAO DO OURO;1;35690000
31;26000;5;0;2;ESTRADA;;EM DIRECAO A FAZENDA LORENA;0;SN     ;44 26 6.3180 W;19 47 11.6520 S;RIBEIRAO DO OURO;3;35690000
31;26000;5;0;2;ESTRADA;;EM DIRECAO A FAZENDA LORENA;0;SN     ;44 26 6.2280 W;19 47 11.4780 S;RIBEIRAO DO OURO;1;35690000
31;26000;5;0;2;ESTRADA;;EM DIRECAO A FAZENDA LORENA;0;SN     ;44 26 34.6260 W;19 46 45.9720 S;RIBEIRAO DO OURO;1;35690000
31;26000;5;0;2;ESTRADA;;EM DIRECAO A FAZENDA LORENA;0;SN     ;44 25 32.4780 W;19 48 2.8860 S;RIBEIRAO DO OURO;1;35690000
31;26000;5;0;2;FAZENDA;SANTA;HELENA;0;SN     ;44 26 59.3580 W;19 47 4.6380 S;MUQUEM;1;35690000
31;26000;5;0;2;FAZENDA;SANTA;HELENA;0;SN     ;44 26 59.3700 W;19 47 4.9560 S;MUQUEM;1;35690000
31;26000;5;0;2;FAZENDA;SANTA;HELENA;0;SN     ;44 26 59.3700 W;19 47 4.9560 S;MUQUEM;3;35690000
31;26000;5;0;2;ESTRADA;;DO SITIO DA HORTENCIA;0;SN     ;44 27 3.1500 W;19 47 34.6080 S;RIBEIRAO DO OURO;1;35690000
31;26000;5;0;2;ESTRADA;;DO SITIO DA HORTENCIA;0;SN     ;44 27 2.9399 W;19 47 34.7280 S;RIBEIRAO DO OURO;1;35690000
31;26000;5;0;2;ESTRADA;;DO SITIO DA HORTENCIA;0;SN     ;44 27 2.2740 W;19 47 29.5200 S;RIBEIRAO DO OURO;1;35690000
31;26000;5;0;2;ESTRADA;;DO SITIO DA HORTENCIA;0;SN     ;44 27 1.9080 W;19 47 29.5860 S;RIBEIRAO DO OURO;1;35690000
31;26000;5;0;2;ESTRADA;;DO SITIO DA HORTENCIA;0;SN     ;44 26 57.8940 W;19 47 29.8140 S;RIBEIRAO DO OURO;1;35690000
31;26000;5;0;2;ESTRADA;;DO SITIO DA HORTENCIA;0;SN     ;44 27 11.7000 W;19 47 26.8740 S;RIBEIRAO DO OURO;1;35690000
31;26000;5;0;2;ESTRADA;;DO SITIO DA HORTENCIA;0;SN     ;44 27 11.7000 W;19 47 26.8740 S;RIBEIRAO DO OURO;6;35690000
31;26000;5;0;2;ESTRADA;;DO SITIO DA HORTENCIA;0;SN     ;44 27 16.4940 W;19 47 22.6080 S;RIBEIRAO DO OURO;1;35690000
31;26000;5;0;2;ESTRADA;;DO SITIO DA HORTENCIA;0;SN     ;44 27 0.9840 W;19 47 21.1320 S;RIBEIRAO DO OURO;1;35690000
31;26000;5;0;2;SITIO;NOSSA SENHORA;APARECIDA;5;SUS    ;44 29 55.9620 W;19 55 0.5160 S;SITIO NOVO;3;35690000
31;26000;5;0;2;FAZENDA;;FAZENDA LAVRINHA;0;SN     ;44 29 21.9900 W;19 54 3.8400 S;PROX SITIO NOVO;1;35690000
31;26000;5;0;2;ESTRADA;;CASA BEIRA ESTRADA;0;SN     ;44 28 55.8240 W;19 54 38.8920 S;BEIRA DA ESTRADA;1;35690000
31;26000;5;0;2;ESTRADA;;CASA BEIRA DA ESTRADA;0;SN     ;44 28 55.9260 W;19 54 39.4260 S;ESTRADA JAPONES;1;35690000
31;26000;5;0;2;FAZENDA;;CAMARAO;0;SN     ;44 28 21.2640 W;19 53 56.8200 S;FAZENDA CAMARAO;1;35690000
31;26000;5;0;2;FAZENDA;;CAMARAO;0;SN     ;44 28 21.0060 W;19 53 56.9460 S;FAZENDA CAMARAO;1;35690000
31;26000;5;0;2;FAZENDA;;FLORESTAL;0;SN     ;44 28 28.8060 W;19 54 17.3220 S;FAZENDA FLORESTAL;1;35690000
31;26000;5;0;2;FAZENDA;;FLORESTAL;0;SN     ;44 28 28.9860 W;19 54 17.1600 S;FAZENDA FLORESTAL;1;35690000
31;26000;5;0;2;FAZENDA;;SEM NOME;6;SUS    ;44 28 30.4500 W;19 54 19.0920 S;CAMARAO;1;35690000
31;26000;5;0;2;CHACARA;;SEM NOME;0;SN     ;44 27 37.0980 W;19 53 19.9320 S;CAMARAO;1;35690000
31;26000;5;0;2;SITIO;;CASA;0;SN     ;44 27 26.4480 W;19 53 37.1280 S;CAMARAO;1;35690000
31;26000;5;0;2;FAZENDA;;JAPONES;0;SN     ;44 26 40.9320 W;19 53 34.6380 S;JAPONES;1;35690000
31;26000;5;0;2;FAZENDA;;MENINO JESUS DE PRAGA;0;SN     ;44 27 47.3940 W;19 53 44.9040 S;CAMARAO;1;35690000
31;26000;5;0;2;FAZENDA;;MENINO JESUS DE PRAGA;0;SN     ;44 27 51.4260 W;19 53 44.0700 S;CAMARAO;1;35690000
31;26000;5;0;2;FAZENDA;;MENINO JESUS DE PRAGA;0;SN     ;44 27 45.8040 W;19 53 46.0140 S;CAMARAO;1;35690000
31;26000;5;0;2;FAZENDA;;FAZENDA CAIANA;0;SN     ;44 27 50.2680 W;19 53 47.3820 S;CAMARAO;1;35690000
31;26000;5;0;2;FAZENDA;;FAZENDA CAIANA;0;SN     ;44 27 50.5620 W;19 53 47.3340 S;CAMARAO;1;35690000
31;26000;5;0;2;FAZENDA;;CASA GRANDE;0;SN     ;44 27 16.0080 W;19 53 52.2780 S;CAMARAO;1;35690000
31;26000;5;0;2;FAZENDA;;CASA GRANDE;0;SN     ;44 27 16.1640 W;19 53 52.2180 S;CAMARAO;1;35690000
31;26000;5;0;2;RUA;CORONEL;CRISTIANO ALVES;1422;;44 26 36.5460 W;19 53 32.3220 S;LIMEIRA;1;35690000
31;26000;5;0;2;RUA;CORONEL;CRISTIANO ALVES;1446;;44 26 35.5560 W;19 53 31.2120 S;LIMEIRA;1;35690000
31;26000;5;0;2;RUA;CORONEL;CRISTIANO ALVES;1472;;44 26 36.8580 W;19 53 30.7680 S;LIMEIRA;1;35690000
31;26000;5;0;2;RUA;CORONEL;CRISTIANO ALVES;1472;B      ;44 26 36.4440 W;19 53 31.5960 S;LIMEIRA;1;35690000
31;26000;5;0;2;RUA;CORONEL;CRISTIANO ALVES;1472;C      ;44 26 36.4020 W;19 53 31.6500 S;LIMEIRA;1;35690000
31;26000;5;0;2;FAZENDA;;GOIANIA;0;SN     ;44 24 52.1520 W;19 48 45.9780 S;VALENTIM;1;35690000
31;26000;5;0;2;FAZENDA;;GOIANIA;0;SN     ;44 24 52.3140 W;19 48 45.8580 S;VALENTIM;1;35690000
31;26000;5;0;2;FAZENDA;;GOIANIA;0;SN     ;44 24 52.0440 W;19 48 46.0260 S;VALENTIM;1;35690000
31;26000;5;0;2;FAZENDA;;GOIANIA;0;SN     ;44 24 52.0380 W;19 48 46.0080 S;VALENTIM;1;35690000
31;26000;5;0;2;FAZENDA;;GOIANIA;0;SN     ;44 24 51.5040 W;19 48 46.3500 S;VALENTIM;1;35690000
31;26000;5;0;2;FAZENDA;;GOIANIA;0;SN     ;44 24 51.5100 W;19 48 46.5300 S;VALENTIM;1;35690000
31;26000;5;0;2;FAZENDA;;GOIANIA;0;SN     ;44 24 50.9220 W;19 48 46.9080 S;VALENTIM;1;35690000
31;26000;5;0;2;FAZENDA;;GOIANIA;0;SN     ;44 24 50.7480 W;19 48 47.1060 S;VALENTIM;1;35690000
31;26000;5;0;2;FAZENDA;;GOIANIA;0;SN     ;44 24 50.7480 W;19 48 47.1060 S;VALENTIM;3;35690000
31;26000;5;0;2;FAZENDA;;GOIANIA;0;SN     ;44 25 2.6880 W;19 48 44.6280 S;VALENTIM;1;35690000
31;26000;5;0;2;FAZENDA;;GOIANIA;0;SN     ;44 24 47.3160 W;19 48 58.5960 S;VALENTIM;1;35690000
31;26000;5;0;2;FAZENDA;;GOIANIA;0;SN     ;44 24 50.5740 W;19 49 2.3040 S;VALENTIM;1;35690000
31;26000;5;0;2;FAZENDA;;GOIANIA;0;SN     ;44 24 50.5740 W;19 49 2.3040 S;VALENTIM;1;35690000
31;26000;5;0;2;FAZENDA;;GOIANIA;0;SN     ;44 24 50.5740 W;19 49 2.3040 S;VALENTIM;3;35690000
31;26000;5;0;2;FAZENDA;;GOIANIA;0;SN     ;44 24 21.2820 W;19 49 48.4260 S;VALENTIM;1;35690000
31;26000;5;0;2;FAZENDA;;GOIANIA;0;SN     ;44 24 35.8500 W;19 49 28.4100 S;VALENTIM;1;35690000
31;26000;5;0;2;ESTRADA;;PERTO DA IGREJA DO MARINHEIRO;0;SN     ;44 26 20.3640 W;19 48 21.5100 S;MARINHEIRO;1;35690000
31;26000;5;0;2;ESTRADA;;PERTO DA IGREJA DO MARINHEIRO;0;SN     ;44 26 20.3640 W;19 48 21.5100 S;MARINHEIRO;3;35690000
31;26000;5;0;2;ESTRADA;;PERTO DA IGREJA DO MARINHEIRO;0;SN     ;44 26 21.0660 W;19 48 21.8940 S;MARINHEIRO;1;35690000
31;26000;5;0;2;ESTRADA;;PERTO DA IGREJA DO MARINHEIRO;0;SN     ;44 26 29.2080 W;19 48 28.6020 S;MARINHEIRO;1;35690000
31;26000;5;0;2;ESTRADA;;PERTO DA IGREJA DO MARINHEIRO;0;SN     ;44 26 29.2080 W;19 48 28.6020 S;MARINHEIRO;3;35690000
31;26000;5;0;2;ESTRADA;;PERTO DA IGREJA DO MARINHEIRO;0;SN     ;44 26 43.4100 W;19 48 36.1080 S;MARINHEIRO;1;35690000
31;26000;5;0;2;ESTRADA;;PERTO DA IGREJA DO MARINHEIRO;0;SN     ;44 26 26.1540 W;19 48 55.3980 S;MARINHEIRO;1;35690000
31;26000;5;0;2;ESTRADA;;PERTO DA IGREJA DO MARINHEIRO;0;SN     ;44 26 27.0240 W;19 48 58.0920 S;MARINHEIRO;7;35690000
31;26000;5;0;2;ESTRADA;;PERTO DA IGREJA DO MARINHEIRO;0;SN     ;44 26 24.7020 W;19 49 6.2100 S;MARINHEIRO;6;35690000
31;26000;5;0;2;ESTRADA;;PERTO DA IGREJA DO MARINHEIRO;0;SN     ;44 26 25.1100 W;19 49 6.7740 S;MARINHEIRO;1;35690000
31;26000;5;0;2;ESTRADA;;PERTO DA IGREJA DO MARINHEIRO;0;SN     ;44 26 25.2480 W;19 49 6.6240 S;MARINHEIRO;1;35690000
31;26000;5;0;2;ESTRADA;;PERTO DA IGREJA DO MARINHEIRO;0;SN     ;44 26 25.0020 W;19 49 6.0960 S;MARINHEIRO;1;35690000
31;26000;5;0;2;ESTRADA;;PERTO DA IGREJA DO MARINHEIRO;0;SN     ;44 26 25.8780 W;19 48 55.7400 S;MARINHEIRO;1;35690000
31;26000;5;0;2;ESTRADA;;DE ACESSO A BARRAGEM;0;SN     ;44 23 57.5640 W;19 50 28.0380 S;VALENTIM;1;35690000
31;26000;5;0;2;ESTRADA;;DE ACESSO A BARRAGEM;0;SN     ;44 23 57.6300 W;19 50 28.1100 S;VALENTIM;1;35690000
31;26000;5;0;2;ESTRADA;;DE ACESSO A BARRAGEM;0;SN     ;44 24 11.5620 W;19 50 43.1880 S;VALENTIM;1;35690000
31;26000;5;0;2;ESTRADA;;DE ACESSO A BARRAGEM;0;SN     ;44 24 16.3200 W;19 51 14.9940 S;VALENTIM;1;35690000
31;26000;5;0;2;SITIO;SANTA;LUZIA;0;SN     ;44 26 46.6140 W;19 48 33.8580 S;MARINHEIRO;1;35690000
31;26000;5;0;2;SITIO;SANTA;LUZIA;0;SN     ;44 26 45.8640 W;19 48 33.7500 S;MARINHEIRO;1;35690000
31;26000;5;0;2;SAIDA;;PARA O ANTIGO SITIO CUSTODIO;0;SN     ;44 26 46.0560 W;19 48 7.0380 S;RIBEIRAO DO OURO;1;3569000
31;26000;5;0;2;SAIDA;;PARA O ANTIGO SITIO CUSTODIO;0;SN     ;44 26 44.8980 W;19 48 6.5880 S;RIBEIRAO DO OURO;1;3569000
31;26000;5;0;2;ESTRADA;;PERTO FAZENDA SANTA HELENA;0;SN     ;44 26 34.0740 W;19 47 55.9320 S;RIBEIRAO DO OURO;1;3569000
31;26000;5;0;2;ESTRADA;;PERTO FAZENDA SANTA HELENA;0;SN     ;44 26 34.4700 W;19 47 52.1580 S;RIBEIRAO DO OURO;1;3569000
31;26000;5;0;2;ESTRADA;;PERTO FAZENDA SANTA HELENA;0;SN     ;44 26 36.3780 W;19 47 42.6360 S;RIBEIRAO DO OURO;1;3569000
31;26000;5;0;2;FAZENDA;;BURITIS;0;SN     ;44 30 52.9440 W;19 53 51.5640 S;MATA DOS CEDROS;1;35690000
31;26000;5;0;2;FAZENDA;;BURITIS;0;SN     ;44 30 53.8560 W;19 53 51.5460 S;MATA DOS CEDROS;1;35690000
31;26000;5;0;2;FAZENDA;;BURITIS;0;SN     ;44 30 51.8340 W;19 53 50.8140 S;MATA DOS CEDROS;1;35690000
31;26000;5;0;2;FAZENDA;;BURITIS;0;SN     ;44 30 45.2880 W;19 53 44.0940 S;MATA DOS CEDROS;1;35690000
31;26000;5;0;2;FAZENDA;;BURITIS;0;SN     ;44 30 44.5200 W;19 53 43.6920 S;MATA DOS CEDROS;1;35690000
31;26000;5;0;2;FAZENDA;;BURITIS;0;SN     ;44 30 46.9080 W;19 53 46.5360 S;MATA DOS CEDROS;1;35690000
31;26000;5;0;2;FAZENDA;;BURITIS;0;SN     ;44 30 39.8340 W;19 53 46.2900 S;MATA DOS CEDROS;1;35690000
31;26000;5;0;2;FAZENDA;;BURITIS;0;SN     ;44 30 39.8340 W;19 53 46.3200 S;MATA DOS CEDROS;1;35690000
31;26000;5;0;2;FAZENDA;;BURITIS;0;SN     ;44 30 34.5600 W;19 53 53.0280 S;MATA DOS CEDROS;1;35690000
31;26000;5;0;2;FAZENDA;;BURITIS;0;SN     ;44 30 34.1880 W;19 53 53.5140 S;MATA DOS CEDROS;3;35690000
31;26000;5;0;2;MATA;;CEDRO;390;KM     ;44 31 7.7100 W;19 54 5.9460 S;MATA CEDRO;1;35690000
31;26000;5;0;2;MATA;;CEDRO;390;KM     ;44 31 7.7100 W;19 54 5.9460 S;MATA CEDRO;3;35690000
31;26000;5;0;2;MATA;;CEDRO;0;SN     ;44 31 10.2540 W;19 54 2.3220 S;MATA CEDRO;1;35690000
31;26000;5;0;2;MATA;;CEDRO;0;SN     ;44 31 13.0980 W;19 54 1.2660 S;MATA CEDRO;1;35690000
31;26000;5;0;2;MATA;;CEDRO;0;SN     ;44 31 13.0080 W;19 54 0.9000 S;MATA CEDRO;1;35690000
31;26000;5;0;2;MATA;;CEDRO;0;SN     ;44 31 10.2540 W;19 54 2.3220 S;MATA CEDRO;3;35690000
31;26000;5;0;2;MATA;;CEDRO;0;SN     ;44 31 0.0120 W;19 53 44.2020 S;MATA CEDRO;1;35690000
31;26000;5;0;2;MATA;;CEDRO;0;SN     ;44 31 1.5960 W;19 53 47.7060 S;MATA CEDRO;1;35690000
31;26000;5;0;2;MATA;;CEDRO;390;KM     ;44 31 9.1500 W;19 54 5.2200 S;MATA CEDRO;1;35690000
31;26000;5;0;2;ESTRADA;;PARALELA A BR 262;17;SUS    ;44 29 48.4380 W;19 54 53.8080 S;GROTAO DAS VACAS;1;3569000
31;26000;5;0;2;ESTRADA;;PARALELA A BR 262;18;SUS    ;44 29 48.7440 W;19 54 51.8700 S;GROTAO DAS VACAS;1;3569000
31;26000;5;0;2;ESTRADA;;PARALELA A BR 262;0;SN     ;44 29 46.1640 W;19 54 55.8420 S;GROTAO DAS VACAS;1;3569000
31;26000;5;0;2;ESTRADA;;PARALELA A BR 262;0;SN     ;44 30 20.8500 W;19 54 34.5900 S;GROTAO DAS VACAS;1;3569000
31;26000;5;0;2;ESTRADA;;BR 262 MILHAO;392;KM     ;44 29 31.1580 W;19 55 3.5340 S;MILHAO;6;3569000
31;26000;5;0;2;ESTRADA;;BR 262 MILHAO;392;KM     ;44 29 31.2900 W;19 55 3.3360 S;MILHAO;6;3569000
31;26000;5;0;2;ESTRADA;;BR 262 MILHAO;392;KM     ;44 29 30.9420 W;19 55 4.5240 S;MILHAO;6;3569000
31;26000;5;0;2;ESTRADA;;BR 262 MILHAO;392;KM     ;44 29 29.7480 W;19 55 5.3400 S;MILHAO;6;3569000
31;26000;5;0;2;ESTRADA;;BR 262 MILHAO;392;KM     ;44 29 30.2100 W;19 55 4.3860 S;MILHAO;6;3569000
31;26000;5;0;2;ESTRADA;;PARA GROTA DAS VACAS;0;SN     ;44 29 5.5740 W;19 55 10.5060 S;GROTA DAS VACAS;1;35690000
31;26000;5;0;2;ESTRADA;;PARA GROTA DAS VACAS;0;SN     ;44 29 31.8600 W;19 55 7.2660 S;GROTA DAS VACAS;1;35690000
31;26000;5;0;2;ESTRADA;;PARA GROTA DAS VACAS;10;;44 29 31.7160 W;19 55 7.7160 S;GROTA DAS VACAS;1;35690000
31;26000;5;0;2;ESTRADA;;PARA GROTA DAS VACAS;9;SUS    ;44 29 37.2780 W;19 55 6.3480 S;GROTA DAS VACAS;1;35690000
31;26000;5;0;2;ESTRADA;;PARA O SITIO SAO JOAO;5;SUS    ;44 29 10.2480 W;19 55 14.1240 S;GROTA DAS VACAS;1;35690000
31;26000;5;0;2;SITIO;SAO;JOAO;3;SUS    ;44 29 10.2060 W;19 55 14.1420 S;GROTA DAS VACAS;1;35690000
31;26000;5;0;2;ESTRADA;;PARA SITIO GARCIA;146;;44 29 33.2940 W;19 55 13.7100 S;GROTA DAS VACAS;1;35690000
31;26000;5;0;2;ESTRADA;;PARA SITIO GARCIA;106;SUS    ;44 29 33.2040 W;19 55 13.6620 S;GROTA DAS VACAS;1;35690000
31;26000;5;0;2;ESTRADA;;PARA SITIO GARCIA;96;;44 29 33.2460 W;19 55 13.8060 S;GROTA DAS VACAS;1;35690000
31;26000;5;0;2;ESTRADA;;PARA SITIO GARCIA;14;SUS    ;44 29 32.3040 W;19 55 13.3800 S;GROTA DAS VACAS;1;35690000
31;26000;5;0;2;ESTRADA;;PARA SITIO GARCIA;52;;44 29 31.2300 W;19 55 12.4020 S;GROTA DAS VACAS;1;35690000
31;26000;5;0;2;ESTRADA;;PARA SITIO GARCIA;12;SUS    ;44 29 29.1300 W;19 55 12.4740 S;GROTA DAS VACAS;1;35690000
31;26000;5;0;2;ESTRADA;;PARA SITIO GARCIA;11;SUS    ;44 29 20.0700 W;19 55 13.5180 S;GROTA DAS VACAS;1;35690000
31;26000;5;0;2;ESTRADA;;PARA SITIO GARCIA;11;SUS    ;44 29 20.0700 W;19 55 13.5180 S;GROTA DAS VACAS;3;35690000
31;26000;5;0;2;ESTRADA;;PARA SITIO GARCIA;10;FNS    ;44 29 14.0580 W;19 55 13.7040 S;GROTA DAS VACAS;1;35690000
31;26000;5;0;2;SITIO;;GARCIA;18;SUS    ;44 29 37.0080 W;19 55 13.4460 S;GROTA DAS VACAS;1;35690000
31;26000;5;0;2;SITIO;;EMANUEL;20;FNS    ;44 29 37.2300 W;19 55 10.3920 S;GROTA DAS VACAS;1;35690000
31;26000;5;0;2;SITIO;;EMANUEL;20;FNS    ;44 29 37.2300 W;19 55 10.3920 S;GROTA DAS VACAS;3;35690000
31;26000;5;0;2;SITIO;PADRE;LIBERIO;94;;44 29 45.3360 W;19 55 11.0820 S;GROTA DAS VACAS;1;35690000
31;26000;5;0;2;SITIO;PADRE;LIBERIO;0;SN     ;44 29 41.1780 W;19 55 11.4360 S;GROTA DAS VACAS;1;35690000
31;26000;5;0;2;ESTRADA;;PARA O SITIO PADRE LIBERIO;23;SUS    ;44 29 46.1220 W;19 55 11.3220 S;GROTA DAS VACAS;1;35690000
31;26000;5;0;2;ESTRADA;;PARA O SITIO PADRE LIBERIO;0;SN     ;44 29 44.5560 W;19 55 11.9340 S;GROTA DAS VACAS;1;35690000
31;26000;5;0;2;FAZENDA;;TABOCA;16;SUS    ;44 29 52.3860 W;19 55 19.4700 S;GROTA DAS VACAS;1;35690000
31;26000;5;0;2;FAZENDA;;TABOCA;28;SUS    ;44 29 59.9460 W;19 55 16.7880 S;GROTA DAS VACAS;1;35690000
31;26000;5;0;2;FAZENDA;;TABOCA;28;SUS    ;44 29 59.9460 W;19 55 16.7880 S;GROTA DAS VACAS;3;35690000
31;26000;5;0;2;ESTRADA;;DEPOIS DO SITIO BEIJA FLOR;26;SUS    ;44 29 49.7880 W;19 55 12.8640 S;GROTA DAS VACAS;1;35690000
31;26000;5;0;2;SITIO;;BEIJA FLOR;0;SN     ;44 29 52.0620 W;19 55 12.1440 S;GROTA DAS VACAS;1;35690000
31;26000;5;0;2;SITIO;;BEIJA FLOR;14;FUNASA ;44 29 51.4080 W;19 55 11.6880 S;GROTA DAS VACAS;1;35690000
31;26000;5;0;2;ESTRADA;;DEPOIS DO SITIO NS APARECIDA;159;SUCAM  ;44 29 46.5720 W;19 55 10.8360 S;GROTA DAS VACAS;1;35690000
31;26000;5;0;2;SITIO;NOSSA SENHORA;APARECIDA;6;SUS    ;44 29 49.9620 W;19 55 1.8600 S;SITIO NOVO;1;35690000
31;26000;5;0;2;SITIO;NOSSA SENHORA;APARECIDA;5;SUS    ;44 29 55.9620 W;19 55 0.5160 S;SITIO NOVO;1;35690000
31;26000;5;0;2;SITIO;NOSSA SENHORA;APARECIDA;4;SUS    ;44 29 53.0940 W;19 55 4.4340 S;SITIO NOVO;1;35690000
31;26000;5;0;2;SITIO;NOSSA SENHORA;APARECIDA;2;SUS    ;44 29 48.8820 W;19 55 3.6780 S;SITIO NOVO;1;35690000
31;26000;5;0;2;SITIO;NOSSA SENHORA;APARECIDA;0;SN     ;44 29 43.5780 W;19 55 7.9440 S;SITIO NOVO;1;35690000
31;26000;5;0;2;SITIO;NOSSA SENHORA;APARECIDA;7;SUS    ;44 29 40.7160 W;19 55 6.8700 S;SITIO NOVO;1;35690000
31;26000;5;0;2;SITIO;NOSSA SENHORA;APARECIDA;1;SUS    ;44 29 47.9220 W;19 55 7.9800 S;SITIO NOVO;1;35690000
31;26000;5;0;2;RUA;;DA VARZEA;0;SN     ;44 29 34.3980 W;19 55 23.4540 S;SITIO NOVO;7;35690000
31;26000;5;0;2;RUA;;DA VARZEA;18;SUS    ;44 29 34.8060 W;19 55 27.8880 S;SITIO NOVO;1;35690000
31;26000;5;0;2;RUA;;DA VARZEA;15;SUS    ;44 29 42.9720 W;19 55 27.6420 S;SITIO NOVO;1;35690000
31;26000;5;0;2;RUA;;DA VARZEA;16;SUS    ;44 29 36.3660 W;19 55 28.6320 S;SITIO NOVO;1;35690000
31;26000;5;0;2;SITIO;;SEM DENOMINACAO;0;SN     ;44 29 28.5960 W;19 55 22.8960 S;GROTA DAS VACAS;1;35690000
31;26000;5;0;2;SITIO;;SEM DENOMINACAO;0;SN     ;44 29 29.6700 W;19 55 23.5560 S;GROTA DAS VACAS;1;35690000
31;26000;5;0;2;SITIO;;SEM DENOMINACAO;0;SN     ;44 29 25.7400 W;19 55 22.6440 S;GROTA DAS VACAS;1;35690000
31;26000;5;0;2;SITIO;;SEM DENOMINACAO;0;SN     ;44 29 24.5160 W;19 55 21.9780 S;GROTA DAS VACAS;1;35690000
31;26000;5;0;2;SITIO;;SEM DENOMINACAO;0;SN     ;44 29 24.5160 W;19 55 21.9780 S;GROTA DAS VACAS;1;35690000
31;26000;5;0;2;FAZENDA;;SAO JOSE;21;SUS    ;44 30 23.0760 W;19 54 59.3340 S;GROTA DAS VACAS;1;35690000
31;26000;5;0;2;FAZENDA;;SAO JOSE;0;SN     ;44 30 23.0760 W;19 54 59.3340 S;GROTA DAS VACAS;1;35690000
31;26000;5;0;2;FAZENDA;;SAO JOSE;0;SN     ;44 30 12.9840 W;19 54 52.0800 S;GROTA DAS VACAS;1;35690000
31;26000;5;0;2;FAZENDA;;SAO JOSE;0;SN     ;44 30 13.6680 W;19 54 51.4800 S;GROTA DAS VACAS;1;35690000
31;26000;5;0;2;FAZENDA;;LUCIANO JUNQUEIRA;0;SN     ;44 30 59.1660 W;19 54 19.3080 S;MATA DO CEDRO;1;35690000
31;26000;5;0;2;FAZENDA;;LUCIANO JUNQUEIRA;0;SN     ;44 30 59.6460 W;19 54 20.5560 S;MATA DO CEDRO;1;35690000
31;26000;5;0;2;FAZENDA;;LUCIANO JUNQUEIRA;0;SN     ;44 31 3.3840 W;19 54 27.0720 S;MATA DO CEDRO;1;35690000
31;26000;5;0;2;FAZENDA;;LUCIANO JUNQUEIRA;0;SN     ;44 31 3.2640 W;19 54 27.0360 S;MATA DO CEDRO;1;35690000
31;26000;5;0;2;FAZENDA;;LUCIANO JUNQUEIRA;0;SN     ;44 30 57.0180 W;19 54 23.1900 S;MATA DO CEDRO;3;35690000
31;26000;5;0;2;FAZENDA;;LUCIANO JUNQUEIRA;0;SN     ;44 30 53.8920 W;19 54 34.6140 S;MATA DO CEDRO;1;35690000
31;26000;5;0;2;FAZENDA;;LUCIANO JUNQUEIRA;0;SN     ;44 30 52.2480 W;19 54 25.0260 S;MATA DO CEDRO;1;35690000
31;26000;5;0;2;FAZENDA;;LUCIANO JUNQUEIRA;394;KM     ;44 30 31.4400 W;19 54 33.0720 S;MATA DO CEDRO;6;35690000
31;26000;5;0;2;FAZENDA;;DE CAFE DA MATA DO CEDRO;0;SN     ;44 31 25.1880 W;19 54 26.4360 S;MATA DO CEDRO;1;35690000
31;26000;5;0;2;FAZENDA;;DE CAFE DA MATA DO CEDRO;0;SN     ;44 31 24.8100 W;19 54 26.2920 S;MATA DO CEDRO;1;35690000
31;26000;5;0;2;FAZENDA;;DE CAFE DA MATA DO CEDRO;0;SN     ;44 31 25.2960 W;19 54 25.8180 S;MATA DO CEDRO;1;35690000
31;26000;5;0;2;FAZENDA;;DE CAFE DA MATA DO CEDRO;0;SN     ;44 31 23.2860 W;19 54 24.2160 S;MATA DO CEDRO;1;35690000
31;26000;5;0;2;FAZENDA;;DE CAFE DA MATA DO CEDRO;0;SN     ;44 31 25.0680 W;19 54 24.3360 S;MATA DO CEDRO;1;35690000
31;26000;5;0;2;FAZENDA;;DE CAFE DA MATA DO CEDRO;0;SN     ;44 31 24.2580 W;19 54 22.5960 S;MATA DO CEDRO;1;35690000
31;26000;5;0;2;FAZENDA;;DE CAFE DA MATA DO CEDRO;0;SN     ;44 31 24.0660 W;19 54 22.4460 S;MATA DO CEDRO;1;35690000
31;26000;5;0;2;FAZENDA;;DE CAFE DA MATA DO CEDRO;0;SN     ;44 31 21.9420 W;19 54 19.1100 S;MATA DO CEDRO;1;35690000
31;26000;5;0;2;FAZENDA;;DE CAFE DA MATA DO CEDRO;0;SN     ;44 31 23.2860 W;19 54 24.2160 S;MATA DO CEDRO;3;35690000
31;26000;5;0;2;FAZENDA;;BATISTA;0;SN     ;44 31 51.8160 W;19 54 18.7680 S;MATA DO CEDRO;1;35690000
31;26000;5;0;2;FAZENDA;;BATISTA;0;SN     ;44 31 51.8160 W;19 54 18.7680 S;MATA DO CEDRO;3;35690000
31;26000;5;0;2;FAZENDA;;BATISTA;0;SN     ;44 31 48.1620 W;19 54 31.5540 S;MATA DO CEDRO;1;35690000
31;26000;5;0;2;FAZENDA;;BATISTA;0;SN     ;44 31 47.3160 W;19 54 33.7920 S;MATA DO CEDRO;1;35690000
31;26000;5;0;2;ESTRADA;;SEM DENOMINACAO;0;SN     ;44 31 48.8460 W;19 53 54.2520 S;MATA DO CEDRO;1;35690000
31;26000;5;0;2;ESTRADA;;SEM DENOMINACAO;0;SN     ;44 31 59.9760 W;19 53 56.7180 S;MATA DO CEDRO;1;35690000
31;26000;5;0;2;ESTRADA;;SEM DENOMINACAO;0;SN     ;44 32 10.3500 W;19 53 52.6980 S;MATA DO CEDRO;1;35690000
31;26000;5;0;2;ESTRADA;;SEM DENOMINACAO;0;SN     ;44 31 50.5440 W;19 53 49.3620 S;MATA DO CEDRO;1;35690000
31;26000;5;0;2;ESTRADA;;SEM DENOMINACAO;0;SN     ;44 31 48.8460 W;19 53 54.2520 S;MATA DO CEDRO;1;35690000
31;26000;5;0;2;ESTRADA;;SEM DENOMINACAO;0;SN     ;44 32 22.4400 W;19 54 3.4680 S;MATA DO CEDRO;1;35690000
31;26000;5;0;2;ESTRADA;;SEM DENOMINACAO;0;SN     ;44 32 21.5700 W;19 54 4.8480 S;MATA DO CEDRO;1;35690000
31;26000;5;0;2;ESTRADA;;SEM DENOMINACAO;0;SN     ;44 32 21.5700 W;19 54 4.8480 S;MATA DO CEDRO;3;35690000
31;26000;5;0;2;ESTRADA;;SEM DENOMINACAO;0;SN     ;44 32 22.3560 W;19 54 3.6240 S;MATA DO CEDRO;1;35690000
31;26000;5;0;2;CONDOMINIO;;BELA VISTA;0;SN     ;44 31 32.8440 W;19 54 7.1580 S;MATA DO CEDRO;1;35690000
31;26000;5;0;2;CONDOMINIO;;BELA VISTA;0;SN     ;44 31 32.8560 W;19 54 6.5940 S;MATA DO CEDRO;7;35690000
31;26000;5;0;2;CONDOMINIO;;BELA VISTA;0;SN     ;44 31 32.9220 W;19 54 6.4380 S;MATA DO CEDRO;1;35690000
31;26000;5;0;2;CONDOMINIO;;BELA VISTA;0;SN     ;44 31 32.8800 W;19 54 6.4080 S;MATA DO CEDRO;1;35690000
31;26000;5;0;2;CONDOMINIO;;BELA VISTA;0;SN     ;44 31 28.2720 W;19 54 5.4840 S;MATA DO CEDRO;1;35690000
31;26000;5;0;2;CONDOMINIO;;BELA VISTA;0;SN     ;44 31 28.6320 W;19 54 5.1240 S;MATA DO CEDRO;6;35690000
31;26000;5;0;2;CONDOMINIO;;BELA VISTA;0;SN     ;44 31 32.5200 W;19 54 6.4320 S;MATA DO CEDRO;7;35690000
31;26000;5;0;2;CONDOMINIO;;BELA VISTA;0;SN     ;44 31 30.6420 W;19 54 5.2500 S;MATA DO CEDRO;1;35690000
31;26000;5;0;2;CONDOMINIO;;BELA VISTA;0;SN     ;44 31 31.1700 W;19 54 4.7940 S;MATA DO CEDRO;1;35690000
31;26000;5;0;2;CONDOMINIO;;BELA VISTA;0;SN     ;44 31 31.8540 W;19 54 5.5500 S;MATA DO CEDRO;7;35690000
31;26000;5;0;2;CONDOMINIO;;BELA VISTA;0;SN     ;44 31 34.7880 W;19 54 5.0040 S;MATA DO CEDRO;1;35690000
31;26000;5;0;2;CONDOMINIO;;BELA VISTA;0;SN     ;44 31 34.8420 W;19 54 2.9040 S;MATA DO CEDRO;1;35690000
31;26000;5;0;2;CONDOMINIO;;BELA VISTA;0;SN     ;44 31 35.1300 W;19 54 2.9460 S;MATA DO CEDRO;1;35690000
31;26000;5;0;2;CONDOMINIO;;BELA VISTA;0;SN     ;44 31 32.1900 W;19 54 2.4300 S;MATA DO CEDRO;1;35690000
31;26000;5;0;2;CONDOMINIO;;BELA VISTA;0;SN     ;44 31 33.8040 W;19 54 1.6860 S;MATA DO CEDRO;1;35690000
31;26000;5;0;2;CONDOMINIO;;BELA VISTA;0;SN     ;44 31 34.7580 W;19 53 59.4180 S;MATA DO CEDRO;1;35690000
31;26000;5;0;2;CONDOMINIO;;BELA VISTA;0;SN     ;44 31 35.0100 W;19 53 59.5200 S;MATA DO CEDRO;1;35690000
31;26000;5;0;2;CONDOMINIO;;BELA VISTA;0;SN     ;44 31 42.2160 W;19 54 9.6720 S;MATA DO CEDRO;2;35690000
31;26000;5;0;2;FAZENDA;;BURITIS;0;SN     ;44 30 50.6880 W;19 53 52.6800 S;MATA DOS CEDROS;1;35690000
31;26000;5;0;2;FAZENDA;;BURITIS;0;SN     ;44 30 52.0500 W;19 53 53.9520 S;MATA DOS CEDROS;1;35690000
31;26000;5;0;2;FAZENDA;;BURITIS;0;SN     ;44 30 51.5100 W;19 53 51.5400 S;MATA DOS CEDROS;1;35690000
31;26000;5;0;2;ESTRADA;;PARA CACHOEIRA;9;FNS    ;44 29 37.5600 W;19 52 29.4060 S;ENTRE CEDRO E CACHOEIRA;1;35690000
31;26000;5;0;2;ESTRADA;;PARA CACHOEIRA;7;FNS    ;44 29 50.3160 W;19 52 34.1160 S;ENTRE CEDRO E CACHOEIRA;1;35690000
31;26000;5;0;2;ESTRADA;;PARA CACHOEIRA;7;FNS    ;44 29 50.3160 W;19 52 34.1160 S;ENTRE CEDRO E CACHOEIRA;3;35690000
31;26000;5;0;2;ESTRADA;;PARA CACHOEIRA;6;FUNASA ;44 29 51.5640 W;19 52 23.9880 S;ENTRE CEDRO E CACHOEIRA;1;35690000
31;26000;5;0;2;ESTRADA;;PARA CACHOEIRA;6;FUNASA ;44 29 51.5640 W;19 52 23.9880 S;ENTRE CEDRO E CACHOEIRA;3;35690000
31;26000;5;0;2;ESTRADA;;PARA CACHOEIRA;0;SN     ;44 29 56.3340 W;19 52 22.8660 S;ENTRE CEDRO E CACHOEIRA;1;35690000
31;26000;5;0;2;ESTRADA;;PARA CACHOEIRA;5;FUNASA ;44 29 56.3340 W;19 52 22.8660 S;ENTRE CEDRO E CACHOEIRA;1;35690000
31;26000;5;0;2;ESTRADA;;PARA CACHOEIRA;0;SN     ;44 29 59.9460 W;19 52 21.0480 S;ENTRE CEDRO E CACHOEIRA;7;35690000
31;26000;5;0;2;ESTRADA;;PARA CACHOEIRA;0;SN     ;44 30 12.5940 W;19 52 18.3420 S;ENTRE CEDRO E CACHOEIRA;3;35690000
31;26000;5;0;2;ESTRADA;;PARA CACHOEIRA;0;SN     ;44 30 12.5940 W;19 52 18.3420 S;ENTRE CEDRO E CACHOEIRA;1;35690000
31;26000;5;0;2;ESTRADA;;PARA CACHOEIRA;0;SN     ;44 30 12.5940 W;19 52 18.3420 S;ENTRE CEDRO E CACHOEIRA;3;35690000
31;26000;5;0;2;ESTRADA;;PARA CACHOEIRA;0;SN     ;44 30 12.5940 W;19 52 18.3420 S;ENTRE CEDRO E CACHOEIRA;1;35690000
31;26000;5;0;2;ESTRADA;;PARA CACHOEIRA;0;SN     ;44 30 18.7440 W;19 53 0.5280 S;ENTRE CEDRO E CACHOEIRA;1;35690000
31;26000;5;0;2;ESTRADA;;PARA CACHOEIRA;0;SN     ;44 30 0.6480 W;19 52 20.9400 S;ENTRE CEDRO E CACHOEIRA;1;35690000
31;26000;5;0;2;SITIO;;RUA DO CANTO;0;SN     ;44 28 55.2120 W;19 52 5.9880 S;CACHOEIRA DE ALMAS;1;35690000
31;26000;5;0;2;SITIO;;RUA DO CANTO;0;SN     ;44 28 55.2120 W;19 52 5.9880 S;CACHOEIRA DE ALMAS;1;35690000
31;26000;5;0;2;SITIO;;RUA DO CANTO;0;SN     ;44 28 52.0500 W;19 52 5.4360 S;CACHOEIRA DE ALMAS;1;35690000
31;26000;5;0;2;SITIO;;RUA DO CANTO;0;SN     ;44 28 52.0500 W;19 52 5.4360 S;CACHOEIRA DE ALMAS;1;35690000
31;26000;5;0;2;SITIO;;RUA DO CANTO;0;SN     ;44 28 47.0640 W;19 52 6.3120 S;CACHOEIRA DE ALMAS;1;35690000
31;26000;5;0;2;SITIO;;RUA DO CANTO;0;SN     ;44 28 52.0500 W;19 52 5.4360 S;CACHOEIRA DE ALMAS;3;35690000
31;26000;5;0;2;SITIO;;RUA DO CANTO;0;SN     ;44 28 52.0500 W;19 52 5.4360 S;CACHOEIRA DE ALMAS;1;35690000
31;26000;5;0;2;SITIO;;RUA DO CANTO;0;SN     ;44 28 59.8260 W;19 52 7.4160 S;CACHOEIRA DE ALMAS;1;35690000
31;26000;5;0;2;FAZENDA;;BOM PASTOR;1;FUNASA ;44 28 6.1260 W;19 52 29.3040 S;CACHOEIRA DE ALMAS;1;35690000
31;26000;5;0;2;FAZENDA;;BOM PASTOR;0;SN     ;44 28 50.4720 W;19 52 24.7560 S;CACHOEIRA DE ALMAS;1;35690000
31;26000;5;0;2;FAZENDA;;BOM PASTOR;0;SN     ;44 28 50.4720 W;19 52 24.7560 S;CACHOEIRA DE ALMAS;3;35690000
31;26000;5;0;2;FAZENDA;SANTA;LUZIA;11;SUS    ;44 28 6.1260 W;19 52 29.3040 S;PERNAMBUCO;1;35690000
31;26000;5;0;2;SITIO;;PERNAMBUCO;13;SUS    ;44 28 23.3040 W;19 52 12.9060 S;PERNAMBUCO;1;35690000
31;26000;5;0;2;SITIO;;PERNAMBUCO;12;SUS    ;44 28 23.3040 W;19 52 12.9060 S;PERNAMBUCO;1;35690000
31;26000;5;0;2;SITIO;SANTA;CRUZ;9;SUS    ;44 27 52.3860 W;19 52 4.5660 S;PERNAMBUCO;1;35690000
31;26000;5;0;2;SITIO;SANTA;CRUZ;10;SUS    ;44 28 6.5520 W;19 52 13.6920 S;PERNAMBUCO;1;35690000
31;26000;5;0;2;ESTRADA;;DO PERNAMBUCO ATE A CACHOEIRA;13;SUS    ;44 26 58.3320 W;19 52 42.8760 S;DESCONHECIDA;1;35690000
31;26000;5;0;2;ESTRADA;;DO PERNAMBUCO ATE A CACHOEIRA;0;SN     ;44 27 52.3620 W;19 52 4.5420 S;DESCONHECIDA;1;35690000
31;26000;5;0;2;ESTRADA;;DO PERNAMBUCO ATE A CACHOEIRA;0;SN     ;44 27 52.3860 W;19 52 4.5660 S;DESCONHECIDA;1;35690000
31;26000;5;0;2;ESTRADA;;SEM DENOMINACAO 2;16;SUS    ;44 30 46.8420 W;19 56 10.5120 S;ZICUTA;1;35690000
31;26000;5;0;2;ESTRADA;;SEM DENOMINACAO 2;17;SUS    ;44 31 16.3740 W;19 56 38.2440 S;ZICUTA;1;35690000
31;26000;5;0;2;ESTRADA;;SEM DENOMINACAO 2;23;FNS    ;44 31 18.9780 W;19 56 40.0860 S;ZICUTA;1;35690000
31;26000;5;0;2;ESTRADA;;SEM DENOMINACAO 2;20;SUS    ;44 31 21.1260 W;19 56 42.9180 S;ZICUTA;1;35690000
31;26000;5;0;2;ESTRADA;;SEM DENOMINACAO 2;0;SN     ;44 31 21.1260 W;19 56 42.9180 S;ZICUTA;7;35690000
31;26000;5;0;2;ESTRADA;;SEM DENOMINACAO 2;22;SUS    ;44 31 26.3160 W;19 56 44.3940 S;ZICUTA;1;35690000
31;26000;5;0;2;ESTRADA;;SEM DENOMINACAO 2;23;SUS    ;44 31 26.3160 W;19 56 44.3940 S;ZICUTA;1;35690000
31;26000;5;0;2;ESTRADA;;SEM DENOMINACAO 2;24;SUS    ;44 31 30.9420 W;19 56 41.1840 S;ZICUTA;1;35690000
31;26000;5;0;2;ESTRADA;;SEM DENOMINACAO 2;25;SUS    ;44 31 30.9420 W;19 56 41.1840 S;ZICUTA;1;35690000
31;26000;5;0;2;ESTRADA;;SEM DENOMINACAO 2;0;SN     ;44 31 35.0220 W;19 56 45.3720 S;ZICUTA;7;35690000
31;26000;5;0;2;FAZENDA;;D 3 AGROPECUARI;0;SN     ;44 30 56.3880 W;19 56 0.5460 S;ZICUTA;1;35690000
31;26000;5;0;2;FAZENDA;;D 3 AGROPECUARI;0;SN     ;44 30 56.4660 W;19 56 0.2760 S;ZICUTA;1;35690000
31;26000;5;0;2;FAZENDA;;D 3 AGROPECUARI;0;SN     ;44 30 57.0600 W;19 56 1.8720 S;ZICUTA;1;35690000
31;26000;5;0;2;FAZENDA;;D 3 AGROPECUARI;0;SN     ;44 30 46.8420 W;19 56 10.5120 S;ZICUTA;1;35690000
31;26000;5;0;2;FAZENDA;SANTO;ANTONIO;0;SN     ;44 30 4.8900 W;19 55 44.8200 S;SITIO NOVO;1;35690000
31;26000;5;0;2;FAZENDA;SANTO;ANTONIO;0;SN     ;44 30 4.9560 W;19 55 44.9940 S;SITIO NOVO;1;35690000
31;26000;5;0;2;FAZENDA;SANTO;ANTONIO;0;SN     ;44 30 4.9560 W;19 55 44.9940 S;SITIO NOVO;1;35690000
31;26000;5;0;2;FAZENDA;SANTO;ANTONIO;10;SUS    ;44 30 35.8920 W;19 55 47.6820 S;SITIO NOVO;1;35690000
31;26000;5;0;2;FAZENDA;SANTO;ANTONIO;0;SN     ;44 30 57.4740 W;19 55 34.3620 S;SITIO NOVO;1;35690000
31;26000;5;0;2;FAZENDA;SANTO;ANTONIO;0;SN     ;44 30 57.4740 W;19 55 34.3620 S;SITIO NOVO;1;35690000
31;26000;5;0;2;RUA;;DA VARZEA;12;SUS    ;44 29 38.6700 W;19 55 27.8880 S;SITIO NOVO;1;35690000
31;26000;5;0;2;RUA;;DA VARZEA;13;SUS    ;44 29 38.6100 W;19 55 28.1100 S;SITIO NOVO;1;35690000
31;26000;5;0;2;RUA;;DA VARZEA;14;SUS    ;44 29 38.1300 W;19 55 28.2660 S;SITIO NOVO;1;35690000
31;26000;5;0;2;RUA;;DA VARZEA;11;SUS    ;44 29 38.4900 W;19 55 28.3260 S;SITIO NOVO;1;35690000
31;26000;5;0;2;RUA;;DA VARZEA;0;SN     ;44 29 42.9720 W;19 55 27.6420 S;SITIO NOVO;1;35690000
31;26000;5;0;2;RUA;;DA VARZEA;17;SUS    ;44 29 36.3660 W;19 55 28.6320 S;SITIO NOVO;1;35690000
31;26000;5;0;2;RUA;;DA VARZEA;19;SUS    ;44 29 34.8060 W;19 55 27.8880 S;SITIO NOVO;1;35690000
31;26000;5;0;2;RUA;;DA VARZEA;6;SUS    ;44 29 32.2740 W;19 55 27.7560 S;SITIO NOVO;1;35690000
31;26000;5;0;2;RUA;;DA VARZEA;1;SUS    ;44 29 32.7840 W;19 55 27.7140 S;SITIO NOVO;1;35690000
31;26000;5;0;2;RUA;;DA VARZEA;4;SUS    ;44 29 31.6740 W;19 55 26.5380 S;SITIO NOVO;1;35690000
31;26000;5;0;2;RUA;;DA VARZEA;0;SN     ;44 29 31.6740 W;19 55 26.5380 S;SITIO NOVO;1;35690000
31;26000;5;0;2;ESTRADA;;ENTRE CAMARAO E MACHADAO;3;FNS    ;44 27 51.5580 W;19 54 7.6920 S;CAMARAO;3;35690000
31;26000;5;0;2;ESTRADA;;ENTRE CAMARAO E MACHADAO;0;SN     ;44 27 51.7380 W;19 54 7.7340 S;CAMARAO;1;35690000
31;26000;5;0;2;SITIO;;SAO TIAGO;5;FNS    ;44 26 31.8660 W;19 53 24.4020 S;JAPONES;1;35690000
31;26000;5;0;2;SITIO;;SAO TIAGO;6;FNS    ;44 26 31.4880 W;19 53 24.0780 S;JAPONES;1;35690000
31;26000;5;0;2;SITIO;;SAO TIAGO;5;FNS    ;44 26 31.8660 W;19 53 24.4020 S;JAPONES;3;35690000
31;26000;5;0;2;SITIO;;DO TIO CLE;0;SN     ;44 29 50.0280 W;19 52 28.6380 S;CACHOEIRA;1;35690000
31;26000;5;0;2;GRANJA;;CACHOEIRA;0;SN     ;44 29 35.9580 W;19 52 14.4180 S;CACHOEIRA;1;35690000
31;26000;5;0;2;FAZENDA;;RETIRO;0;SN     ;44 30 31.5240 W;19 51 14.1540 S;CACHOEIRA;1;35690000
31;26000;5;0;2;FAZENDA;;RETIRO;0;SN     ;44 30 31.5240 W;19 51 14.1540 S;CACHOEIRA;1;35690000
31;26000;5;0;2;FAZENDA;;RETIRO;0;SN     ;44 30 30.4140 W;19 51 21.6840 S;CACHOEIRA;1;35690000
31;26000;5;0;2;FAZENDA;;RETIRO;0;SN     ;44 30 30.2580 W;19 51 21.4440 S;CACHOEIRA;1;35690000
31;26000;5;0;2;FAZENDA;;RETIRO;0;SN     ;44 30 35.1060 W;19 51 35.9880 S;CACHOEIRA;1;35690000
31;26000;5;0;2;FAZENDA;;RETIRO;0;SN     ;44 30 28.9500 W;19 51 24.3300 S;CACHOEIRA;1;35690000
31;26000;5;0;2;FAZENDA;;RETIRO;0;SN     ;44 30 31.8420 W;19 51 20.1840 S;CACHOEIRA;1;35690000
31;26000;5;0;2;FAZENDA;;RETIRO;0;SN     ;44 30 35.1180 W;19 51 35.9640 S;CACHOEIRA;1;35690000
31;26000;5;0;2;FAZENDA;;RETIRO;0;SN     ;44 30 27.4440 W;19 51 24.2460 S;CACHOEIRA;1;35690000
31;26000;5;0;2;FAZENDA;;RETIRO;0;SN     ;44 30 31.6800 W;19 51 20.1360 S;CACHOEIRA;1;35690000
31;26000;5;0;2;FAZENDA;;RETIRO;0;SN     ;44 30 27.7020 W;19 51 21.8100 S;CACHOEIRA;1;35690000
31;26000;5;0;2;FAZENDA;;RETIRO;0;SN     ;44 30 38.1780 W;19 51 14.9519 S;CACHOEIRA;3;35690000
31;26000;5;0;2;ESTRADA;;DA CACHOEIRA DE ALMAS;0;SN     ;44 29 39.8100 W;19 50 36.9600 S;CACHOEIRA;1;35690000
31;26000;5;0;2;ESTRADA;;DA CACHOEIRA DE ALMAS;4;SUS    ;44 29 41.7600 W;19 50 45.7740 S;CACHOEIRA;1;35690000
31;26000;5;0;2;ESTRADA;;DA CACHOEIRA DE ALMAS;7;SUS    ;44 29 45.2880 W;19 50 44.8140 S;CACHOEIRA;1;35690000
31;26000;5;0;2;ESTRADA;;DA CACHOEIRA DE ALMAS;0;SN     ;44 29 52.1460 W;19 50 55.2420 S;CACHOEIRA;7;35690000
31;26000;5;0;2;ESTRADA;;DA CACHOEIRA DE ALMAS;9;SUS    ;44 29 52.1460 W;19 50 55.2420 S;CACHOEIRA;1;35690000
31;26000;5;0;2;ESTRADA;;DA CACHOEIRA DE ALMAS;10;SUS    ;44 29 57.4560 W;19 51 13.2960 S;CACHOEIRA;1;35690000
31;26000;5;0;2;ESTRADA;;DA CACHOEIRA DE ALMAS;73;FUNASA ;44 29 57.4560 W;19 51 13.2960 S;CACHOEIRA;1;35690000
31;26000;5;0;2;ESTRADA;;DA CACHOEIRA DE ALMAS;5;SUS    ;44 29 45.2880 W;19 50 44.8140 S;CACHOEIRA;1;35690000
31;26000;5;0;2;ESTRADA;;LMG 218;0;SN     ;44 29 39.8100 W;19 50 36.9600 S;CACHOEIRA;1;35690000
31;26000;5;0;2;ESTRADA;;LMG 218;0;SN     ;44 29 39.8100 W;19 50 36.9600 S;CACHOEIRA;3;35690000
31;26000;5;0;2;SITIO;SAO;JOSE;10;SUS    ;44 29 1.9080 W;19 51 28.3560 S;CACHOEIRA;1;35690000
31;26000;5;0;2;SITIO;SAO;JOSE;10;SUS    ;44 29 1.9080 W;19 51 28.3560 S;CACHOEIRA;3;35690000
31;26000;5;0;2;SITIO;SAO;JOSE;11;SUS    ;44 28 43.9620 W;19 50 28.3800 S;CACHOEIRA;1;35690000
31;26000;5;0;2;SITIO;SAO;JOSE;12;SUS    ;44 28 43.9620 W;19 50 28.3800 S;CACHOEIRA;1;35690000
31;26000;5;0;2;FAZENDA;;IVERNADA;5;SUS    ;44 29 12.8160 W;19 51 37.1220 S;CHOEIRA DE ALMAS;1;35690000
31;26000;5;0;2;FAZENDA;;IVERNADA;5;SUS    ;44 29 12.8160 W;19 51 37.1220 S;CHOEIRA DE ALMAS;3;35690000
31;26000;5;0;2;FAZENDA;;IVERNADA;4;SUS    ;44 29 1.9080 W;19 51 28.3560 S;CHOEIRA DE ALMAS;1;35690000
31;26000;5;0;2;FAZENDA;;IVERNADA;4;SUS    ;44 29 1.9080 W;19 51 28.3560 S;CHOEIRA DE ALMAS;3;35690000
31;26000;5;0;2;FAZENDA;;IVERNADA;0;SN     ;44 29 35.9040 W;19 52 25.9320 S;CHOEIRA DE ALMAS;1;35690000
31;26000;5;0;2;FAZENDA;;IVERNADA;0;SN     ;44 29 35.2680 W;19 52 25.6980 S;CHOEIRA DE ALMAS;1;35690000
31;26000;5;0;2;FAZENDA;;IVERNADA;0;SN     ;44 29 35.2440 W;19 52 25.8600 S;CHOEIRA DE ALMAS;1;35690000
31;26000;5;0;2;FAZENDA;;IVERNADA;0;SN     ;44 29 35.2440 W;19 52 25.8600 S;CHOEIRA DE ALMAS;3;35690000
31;26000;5;0;2;ESTRADA;;PARA CACHOEIRA;0;SN     ;44 30 18.7440 W;19 53 0.5280 S;ENTRE CEDRO E CACHOEIRA;1;35690000
31;26000;5;0;2;ESTRADA;;PARA CACHOEIRA;0;SN     ;44 30 9.1800 W;19 52 38.5980 S;ENTRE CEDRO E CACHOEIRA;1;35690000
31;26000;5;0;2;ESTRADA;;PARA CACHOEIRA;0;SN     ;44 30 9.2280 W;19 52 38.6820 S;ENTRE CEDRO E CACHOEIRA;3;35690000
31;26000;5;0;2;ESTRADA;;PARA CACHOEIRA;0;SN     ;44 30 3.2520 W;19 52 46.6440 S;ENTRE CEDRO E CACHOEIRA;1;35690000
31;26000;5;0;2;ESTRADA;;PARA CACHOEIRA;6;FNS    ;44 29 57.6120 W;19 52 45.9060 S;ENTRE CEDRO E CACHOEIRA;1;35690000
31;26000;5;0;2;ESTRADA;;PARA CACHOEIRA;6;FNS    ;44 29 57.6120 W;19 52 45.9060 S;ENTRE CEDRO E CACHOEIRA;3;35690000
31;26000;5;0;2;ESTRADA;;PARA CACHOEIRA;5;FUNASA ;44 29 57.6120 W;19 52 45.9060 S;ENTRE CEDRO E CACHOEIRA;1;35690000
31;26000;5;0;2;ESTRADA;;PARA CACHOEIRA;3;FNS    ;44 29 46.1700 W;19 52 41.3400 S;ENTRE CEDRO E CACHOEIRA;1;35690000
31;26000;5;0;2;ESTRADA;;PARA CACHOEIRA;1;SUS    ;44 29 56.2020 W;19 53 2.7180 S;ENTRE CEDRO E CACHOEIRA;1;35690000
31;26000;5;0;2;ESTRADA;;PARA CACHOEIRA;4;SUS    ;44 30 18.7440 W;19 53 0.5280 S;ENTRE CEDRO E CACHOEIRA;1;35690000
31;26000;5;0;2;ESTRADA;;PARA CACHOEIRA;0;SN     ;44 29 55.5060 W;19 52 48.1200 S;ENTRE CEDRO E CACHOEIRA;1;35690000
31;26000;5;0;2;ESTRADA;;PARA CACHOEIRA;5;FNS    ;44 29 55.5060 W;19 52 48.1200 S;ENTRE CEDRO E CACHOEIRA;1;35690000
31;26000;5;0;2;ESTRADA;;PARA CACHOEIRA;0;SN     ;44 29 16.5360 W;19 52 52.2600 S;ENTRE CEDRO E CACHOEIRA;1;35690000
31;26000;5;0;2;ESTRADA;;PARA CACHOEIRA;0;SN     ;44 29 17.6760 W;19 52 55.6680 S;ENTRE CEDRO E CACHOEIRA;1;35690000
31;26000;5;0;2;ESTRADA;;PARA CACHOEIRA;0;SN     ;44 29 17.6760 W;19 52 55.6680 S;ENTRE CEDRO E CACHOEIRA;1;35690000
31;26000;5;0;2;ESTRADA;;PARA CACHOEIRA;0;SN     ;44 29 27.5820 W;19 52 48.5700 S;ENTRE CEDRO E CACHOEIRA;1;35690000
31;26000;5;0;2;ESTRADA;;PARA CACHOEIRA;0;SN     ;44 29 28.5780 W;19 52 47.2260 S;ENTRE CEDRO E CACHOEIRA;1;35690000
31;26000;5;0;2;ESTRADA;;PARA CACHOEIRA;0;SN     ;44 29 28.5900 W;19 52 47.1900 S;ENTRE CEDRO E CACHOEIRA;1;35690000
31;26000;5;0;2;ESTRADA;;PARA CACHOEIRA;0;SN     ;44 29 28.5900 W;19 52 47.1900 S;ENTRE CEDRO E CACHOEIRA;3;35690000
31;26000;5;0;2;ESTRADA;;PARA CACHOEIRA;3;SUS    ;44 29 41.5740 W;19 52 35.5260 S;ENTRE CEDRO E CACHOEIRA;1;35690000
31;26000;5;0;2;ESTRADA;;PARA CACHOEIRA;0;SN     ;44 29 35.9580 W;19 52 14.4180 S;ENTRE CEDRO E CACHOEIRA;1;35690000
31;26000;5;0;2;ESTRADA;;PARA CACHOEIRA;0;SN     ;44 29 30.7020 W;19 52 19.4340 S;ENTRE CEDRO E CACHOEIRA;1;35690000
31;26000;5;0;2;ESTRADA;;PARA CACHOEIRA;0;SN     ;44 29 30.7020 W;19 52 19.4340 S;ENTRE CEDRO E CACHOEIRA;3;35690000
31;26000;5;0;2;FAZENDA;SANTA;CRUZ;0;SN     ;44 30 0.6360 W;19 51 46.4580 S;CACHOEIRA DE ALMAS;1;35690000
31;26000;5;0;2;FAZENDA;SANTA;CRUZ;0;SN     ;44 30 0.7800 W;19 51 46.4100 S;CACHOEIRA DE ALMAS;1;35690000
31;26000;5;0;2;FAZENDA;SANTA;CRUZ;0;SN     ;44 30 3.4560 W;19 51 43.9380 S;CACHOEIRA DE ALMAS;1;35690000
31;26000;5;0;2;FAZENDA;SANTA;CRUZ;0;SN     ;44 30 3.4560 W;19 51 43.9380 S;CACHOEIRA DE ALMAS;3;35690000
31;26000;5;0;2;FAZENDA;;CANTIGA VELHA;3;SUS    ;44 28 16.7580 W;19 54 21.7320 S;CAMARAO;1;35690000
31;26000;5;0;2;FAZENDA;;CANTIGA VELHA;4;SUS    ;44 28 16.9380 W;19 54 21.7980 S;CAMARAO;1;35690000
31;26000;5;0;2;FAZENDA;;CANTIGA VELHA;4;SUS    ;44 28 16.9380 W;19 54 21.7980 S;CAMARAO;3;35690000
31;26000;5;0;2;ESTRADA;;ENTRE CAMARAO E MACHADAO;1;SUS    ;44 27 33.6660 W;19 53 54.3780 S;CAMARAO;1;35690000
31;26000;5;0;2;ESTRADA;;ENTRE CAMARAO E MACHADAO;2;SUS    ;44 27 33.7500 W;19 53 54.3960 S;CAMARAO;1;35690000
31;26000;5;0;2;ESTRADA;;ENTRE CAMARAO E MACHADAO;3;FNS    ;44 27 51.5580 W;19 54 7.6920 S;CAMARAO;1;35690000
