COD_UF;COD_MUN;COD_DISTRITO;COD_SUBDISTR;SITUACAO;TIPO;TITULO;NOME;NUMERO_VAL;NUMERO_MOD;LONGITUDE;LATITUDE;LOCALIDADE;ESPECIE;CEP
31;36652;5;0;2;ESTRADA;;BRINCO DA PRINCESA;1000;;44 20 4.8780 W;19 57 52.4460 S;JUATUBA;1;35675000
31;36652;5;0;2;ESTRADA;;BRINCO DA PRINCESA;252;;44 20 1.3800 W;19 58 8.6220 S;JUATUBA;1;35675000
31;36652;5;0;2;ESTRADA;;BRINCO DA PRINCESA;0;SN     ;44 20 11.0760 W;19 58 3.2940 S;JUATUBA;1;35675000
31;36652;5;0;2;ESTRADA;;BRINCO DA PRINCESA;26;;44 20 11.4420 W;19 58 4.2120 S;JUATUBA;1;35675000
31;36652;5;0;2;ESTRADA;;BRINCO DA PRINCESA;50;;44 20 6.1020 W;19 57 56.5260 S;JUATUBA;1;35675000
31;36652;5;0;2;ESTRADA;;BRINCO DA PRINCESA;0;SN     ;44 20 6.3360 W;19 57 57.0420 S;JUATUBA;1;35675000
31;36652;5;0;2;ESTRADA;;BRINCO DA PRINCESA;0;SN     ;44 20 5.5920 W;19 57 55.6920 S;JUATUBA;1;35675000
31;36652;5;0;2;ESTRADA;;BRINCO DA PRINCESA;0;SN     ;44 20 4.7460 W;19 57 56.7180 S;JUATUBA;7;35675000
31;36652;5;0;2;ESTRADA;;BRINCO DA PRINCESA;80;;44 20 4.5360 W;19 57 56.3820 S;JUATUBA;1;35675000
31;36652;5;0;2;ESTRADA;;BRINCO DA PRINCESA;100;;44 20 3.1260 W;19 57 55.8600 S;JUATUBA;1;35675000
31;36652;5;0;2;ESTRADA;;BRINCO DA PRINCESA;0;SN     ;44 20 3.3660 W;19 57 55.9680 S;JUATUBA;1;35675000
31;36652;5;0;2;ESTRADA;;BRINCO DA PRINCESA;4;;44 20 7.3680 W;19 57 53.1000 S;JUATUBA;1;35675000
31;36652;5;0;2;ESTRADA;;BRINCO DA PRINCESA;0;SN     ;44 20 7.2720 W;19 57 51.1440 S;JUATUBA;1;35675000
31;36652;5;0;2;ESTRADA;;BRINCO DA PRINCESA;0;SN     ;44 19 52.6800 W;19 58 25.1040 S;JUATUBA;1;35675000
31;36652;5;0;2;ESTRADA;;BRINCO DA PRINCESA;0;SN     ;44 19 52.7640 W;19 58 28.9320 S;JUATUBA;1;35675000
31;36652;5;0;2;ESTRADA;;BRINCO DA PRINCESA;0;SN     ;44 19 52.0200 W;19 58 39.2820 S;JUATUBA;1;35675000
31;36652;5;0;2;ESTRADA;;BRINCO DA PRINCESA;0;SN     ;44 19 51.5220 W;19 58 39.4140 S;JUATUBA;1;35675000
31;36652;5;0;2;ESTRADA;;BRINCO DA PRINCESA;0;SN     ;44 19 50.6280 W;19 58 41.6040 S;JUATUBA;1;35675000
31;36652;5;0;2;ESTRADA;;BRINCO DA PRINCESA;0;SN     ;44 20 7.1400 W;19 58 25.2900 S;JUATUBA;1;35675000
31;36652;5;0;2;ESTRADA;;BRINCO DA PRINCESA;0;SN     ;44 19 45.3780 W;19 58 31.2540 S;JUATUBA;1;35675000
31;36652;5;0;2;ESTRADA;;BRINCO DA PRINCESA;0;SN     ;44 19 45.3060 W;19 58 31.5240 S;JUATUBA;1;35675000
31;36652;5;0;2;ESTRADA;;BRINCO DA PRINCESA;0;SN     ;44 19 45.3000 W;19 58 31.5600 S;JUATUBA;1;35675000
31;36652;5;0;2;ESTRADA;;BRINCO DA PRINCESA;0;SN     ;44 19 40.6260 W;19 58 32.0220 S;JUATUBA;1;35675000
31;36652;5;0;2;ESTRADA;;BRINCO DA PRINCESA;0;SN     ;44 19 40.6080 W;19 58 32.0280 S;JUATUBA;1;35675000
31;36652;5;0;2;ESTRADA;;BRINCO DA PRINCESA;53;;44 19 39.7260 W;19 58 32.7120 S;JUATUBA;1;35675000
31;36652;5;0;2;ESTRADA;;BRINCO DA PRINCESA;100;;44 19 32.7420 W;19 58 42.3300 S;JUATUBA;1;35675000
31;36652;5;0;2;ESTRADA;;BRINCO DA PRINCESA;0;SN     ;44 19 32.7480 W;19 58 41.2320 S;JUATUBA;1;35675000
31;36652;5;0;2;ESTRADA;;BRINCO DA PRINCESA;15;;44 19 30.4800 W;19 58 40.0740 S;JUATUBA;6;35675000
31;36652;5;0;2;ESTRADA;;BRINCO DA PRINCESA;150;;44 19 30.6420 W;19 58 41.4540 S;JUATUBA;1;35675000
31;36652;5;0;2;ESTRADA;;BRINCO DA PRINCESA;320;;44 19 30.6480 W;19 58 41.4900 S;JUATUBA;1;35675000
31;36652;5;0;2;ESTRADA;;BRINCO DA PRINCESA;172;;44 19 30.1860 W;19 58 42.3120 S;JUATUBA;1;35675000
31;36652;5;0;2;ESTRADA;;BRINCO DA PRINCESA;228;;44 19 30.0420 W;19 58 42.3960 S;JUATUBA;6;35675000
31;36652;5;0;2;ESTRADA;;BRINCO DA PRINCESA;228;;44 19 30.0420 W;19 58 42.4920 S;JUATUBA;1;35675000
31;36652;5;0;2;ESTRADA;;BRINCO DA PRINCESA;260;;44 19 29.9160 W;19 58 42.5940 S;JUATUBA;1;35675000
31;36652;5;0;2;ESTRADA;;BRINCO DA PRINCESA;0;SN     ;44 19 30.0960 W;19 59 28.7220 S;JUATUBA;1;35675000
31;36652;5;0;2;ESTRADA;;BRINCO DA PRINCESA;270;;44 19 26.7600 W;19 59 31.6380 S;JUATUBA;1;35675000
31;36652;5;0;2;ESTRADA;;BRINCO DA PRINCESA;250;;44 19 27.0000 W;19 59 32.3460 S;JUATUBA;1;35675000
31;36652;5;0;2;ESTRADA;;BRINCO DA PRINCESA;240;;44 19 26.9880 W;19 59 32.7060 S;JUATUBA;1;35675000
31;36652;5;0;2;ESTRADA;;BRINCO DA PRINCESA;230;;44 19 24.4800 W;19 59 36.3060 S;JUATUBA;1;35675000
31;36652;5;0;2;ESTRADA;;BRINCO DA PRINCESA;2550;;44 19 23.2500 W;19 59 38.3580 S;JUATUBA;1;35675000
31;36652;5;0;2;ESTRADA;;BRINCO DA PRINCESA;0;SN     ;44 19 22.6200 W;19 59 38.4180 S;JUATUBA;7;35675000
31;36652;5;0;2;ESTRADA;;BRINCO DA PRINCESA;0;SN     ;44 19 23.0220 W;19 59 38.7360 S;JUATUBA;1;35675000
31;36652;5;0;2;ESTRADA;;BRINCO DA PRINCESA;1500;;44 19 35.0040 W;19 59 5.7540 S;JUATUBA;1;35675000
31;36652;5;0;2;ESTRADA;;BRINCO DA PRINCESA;150;;44 19 34.2480 W;19 59 5.7600 S;JUATUBA;1;35675000
31;36652;5;0;2;ESTRADA;;BRINCO DA PRINCESA;888;;44 19 33.8520 W;19 59 5.7480 S;JUATUBA;1;35675000
31;36652;5;0;2;ESTRADA;;BRINCO DA PRINCESA;35;;44 19 34.5540 W;19 59 4.8600 S;JUATUBA;1;35675000
31;36652;5;0;2;ESTRADA;;BRINCO DA PRINCESA;860;;44 19 34.9440 W;19 59 4.7760 S;JUATUBA;1;35675000
31;36652;5;0;2;ESTRADA;;BRINCO DA PRINCESA;0;SN     ;44 19 35.0220 W;19 59 4.7160 S;JUATUBA;1;35675000
31;36652;5;0;2;ESTRADA;;BRINCO DA PRINCESA;541;;44 19 40.6560 W;19 59 11.9040 S;JUATUBA;1;35675000
31;36652;5;0;2;ESTRADA;;BRINCO DA PRINCESA;707;;44 19 32.7960 W;19 58 57.9300 S;JUATUBA;1;35675000
31;36652;5;0;2;ESTRADA;;BRINCO DA PRINCESA;40;;44 19 31.1340 W;19 58 51.6600 S;JUATUBA;1;35675000
31;36652;5;0;2;ESTRADA;;BRINCO DA PRINCESA;466;;44 19 31.1880 W;19 58 51.6660 S;JUATUBA;1;35675000
31;36652;5;0;2;ESTRADA;;BRINCO DA PRINCESA;438;;44 19 31.1820 W;19 58 51.6120 S;JUATUBA;1;35675000
31;36652;5;0;2;ESTRADA;;BRINCO DA PRINCESA;366;;44 19 26.5980 W;19 58 52.2660 S;JUATUBA;6;35675000
31;36652;5;0;2;ESTRADA;;BRINCO DA PRINCESA;366;;44 19 23.6520 W;19 58 53.4360 S;JUATUBA;1;35675000
31;36652;5;0;2;ESTRADA;;BRINCO DA PRINCESA;330;;44 19 23.6160 W;19 58 53.4480 S;JUATUBA;1;35675000
31;36652;5;0;2;ESTRADA;;BRINCO DA PRINCESA;230;;44 19 28.5660 W;19 58 47.8800 S;JUATUBA;1;35675000
31;36652;5;0;2;ESTRADA;;BRINCO DA PRINCESA;264;;44 19 29.4120 W;19 58 47.2800 S;JUATUBA;1;35675000
31;36652;5;0;2;ESTRADA;;BRINCO DA PRINCESA;270;;44 19 29.6340 W;19 58 46.6020 S;JUATUBA;1;35675000
31;36652;5;0;2;ESTRADA;;BRINCO DA PRINCESA;0;SN     ;44 19 29.8380 W;19 58 45.3180 S;JUATUBA;1;35675000
31;36652;5;0;2;ESTRADA;;BRINCO DA PRINCESA;0;SN     ;44 19 39.6240 W;19 58 32.1600 S;JUATUBA;1;35675000
31;36652;5;0;2;ESTRADA;;BRINCO DA PRINCESA;0;SN     ;44 19 46.2780 W;19 58 31.7640 S;JUATUBA;6;35675000
31;36652;5;0;2;ESTRADA;;BRINCO DA PRINCESA;0;SN     ;44 19 43.7280 W;19 58 25.2660 S;JUATUBA;6;35675000
31;36652;5;0;2;ESTRADA;;BRINCO DA PRINCESA;0;SN     ;44 19 43.3620 W;19 58 25.6620 S;JUATUBA;6;35675000
31;36652;5;0;2;ESTRADA;;BRINCO DA PRINCESA;40;;44 20 5.9580 W;19 58 1.8120 S;JUATUBA;1;35675000
31;36652;5;0;2;ESTRADA;;BRINCO DA PRINCESA;186;;44 19 32.8140 W;19 58 41.3700 S;JUATUBA;1;35675000
31;36652;5;0;2;ESTRADA;;BRINCO DA PRINCESA;0;SN     ;44 19 52.8000 W;19 58 36.1020 S;JUATUBA;1;35675000
31;36652;5;0;2;ESTRADA;;BRINCO DA PRINCESA;0;SN     ;44 19 52.8480 W;19 58 25.1160 S;JUATUBA;1;35675000
31;36652;5;0;2;ESTRADA;;BRINCO DA PRINCESA;0;SN     ;44 19 28.6080 W;19 59 26.0100 S;JUATUBA;1;35675000
31;36652;5;0;2;ESTRADA;;BRINCO DA PRINCESA;0;SN     ;44 19 27.1260 W;19 59 14.7540 S;JUATUBA;1;35675000
31;36652;5;0;2;ESTRADA;;BRINCO DA PRINCESA;0;SN     ;44 19 27.5640 W;19 59 14.7000 S;JUATUBA;1;35675000
31;36652;5;0;2;ESTRADA;;BRINCO DA PRINCESA;0;SN     ;44 19 32.4000 W;19 59 2.6640 S;JUATUBA;1;35675000
31;36652;5;0;2;ESTRADA;;BRINCO DA PRINCESA;0;SN     ;44 19 33.0000 W;19 58 36.4740 S;JUATUBA;1;35675000
31;36652;5;0;2;ESTRADA;;BRINCO DA PRINCESA;554;;44 20 5.8860 W;19 58 1.6680 S;JUATUBA;1;35675000
31;36652;5;0;2;ESTRADA;;BRINCO DA PRINCESA;0;SN     ;44 19 49.4160 W;19 58 39.0780 S;JUATUBA;1;35675000
31;36652;5;0;2;ESTRADA;;BRINCO DA PRINCESA;0;SN     ;44 19 28.6560 W;19 59 25.7760 S;JUATUBA;1;35675000
31;36652;5;0;2;ESTRADA;;BRINCO DA PRINCESA;300;;44 19 26.6700 W;19 59 31.3560 S;JUATUBA;1;35675000
31;36652;5;0;2;ESTRADA;;SISTEMA SERRA AZUL;0;0;44 20 42.8580 W;19 58 9.4320 S;SISTEMA SERRA AZUL;6;35675000
31;36652;5;0;2;ESTRADA;;SISTEMA SERRA AZUL;0;0;44 20 46.8720 W;19 58 8.2680 S;SISTEMA SERRA AZUL;6;35675000
31;36652;5;0;2;ESTRADA;;SISTEMA SERRA AZUL;0;0;44 20 46.0200 W;19 58 8.4420 S;SISTEMA SERRA AZUL;6;35675000
31;36652;5;0;2;ESTRADA;;SISTEMA SERRA AZUL;0;0;44 20 41.5140 W;19 58 8.7480 S;SISTEMA SERRA AZUL;6;35675000
31;36652;5;0;2;ESTRADA;;SISTEMA SERRA AZUL;0;0;44 20 39.9960 W;19 58 8.2080 S;SISTEMA SERRA AZUL;6;35675000
31;36652;5;0;2;ESTRADA;;SISTEMA SERRA AZUL;0;0;44 20 39.6960 W;19 58 8.1900 S;SISTEMA SERRA AZUL;6;35675000
31;36652;5;0;2;ESTRADA;;SISTEMA SERRA AZUL;0;0;44 20 37.1460 W;19 58 7.9920 S;SISTEMA SERRA AZUL;6;35675000
31;36652;5;0;2;ESTRADA;;SISTEMA SERRA AZUL;0;0;44 20 32.2920 W;19 58 11.8020 S;SISTEMA SERRA AZUL;6;35675000
31;36652;5;0;2;ESTRADA;;SISTEMA SERRA AZUL;0;0;44 20 46.4040 W;19 58 15.3720 S;SISTEMA SERRA AZUL;6;35675000
31;36652;5;0;2;ESTRADA;;SISTEMA SERRA AZUL;0;0;44 21 43.1640 W;19 58 42.5880 S;SISTEMA SERRA AZUL;6;35675000
31;36652;5;0;2;RODOVIA;;262 VILLAGE JUATUBA;19;A      ;44 22 24.4440 W;19 57 34.7460 S;JUATUBA;1;35675000
31;36652;5;0;2;RODOVIA;;262 VILLAGE JUATUBA;0;SN     ;44 22 24.6660 W;19 57 35.0220 S;JUATUBA;1;35675000
31;36652;5;0;2;RODOVIA;;262 VILLAGE JUATUBA;19;D      ;44 22 28.0680 W;19 57 32.0460 S;JUATUBA;1;35675000
31;36652;5;0;2;RODOVIA;;262 VILLAGE JUATUBA;19;G      ;44 22 27.9480 W;19 57 31.9560 S;JUATUBA;7;35675000
31;36652;5;0;2;RODOVIA;;262 VILLAGE JUATUBA;21;D      ;44 22 29.6460 W;19 57 30.7020 S;JUATUBA;1;35675000
31;36652;5;0;2;RODOVIA;;262 VILLAGE JUATUBA;20;A      ;44 22 30.3540 W;19 57 30.3240 S;JUATUBA;7;35675000
31;36652;5;0;2;RODOVIA;;262 VILLAGE JUATUBA;20;B      ;44 22 30.2820 W;19 57 30.3660 S;JUATUBA;7;35675000
31;36652;5;0;2;RODOVIA;;262 VILLAGE JUATUBA;20;C      ;44 22 31.4220 W;19 57 29.4720 S;JUATUBA;1;35675000
31;36652;5;0;2;RODOVIA;;262 VILLAGE JUATUBA;21;A      ;44 22 31.6080 W;19 57 29.4900 S;JUATUBA;1;35675000
31;36652;5;0;2;RODOVIA;;262 VILLAGE JUATUBA;20;D      ;44 22 31.8060 W;19 57 29.3520 S;JUATUBA;7;35675000
31;36652;5;0;2;RODOVIA;;262 VILLAGE JUATUBA;19;F      ;44 22 27.6840 W;19 57 32.2380 S;JUATUBA;1;35675000
31;36652;5;0;2;RODOVIA;;262 VILLAGE JUATUBA;0;SN     ;44 22 28.0200 W;19 57 32.1600 S;JUATUBA;1;35675000
31;36652;5;0;2;RODOVIA;;262 VILLAGE JUATUBA;21;I      ;44 22 24.6660 W;19 57 31.5840 S;JUATUBA;1;35675000
31;36652;5;0;2;RODOVIA;;262 VILLAGE JUATUBA;5;G      ;44 22 28.1880 W;19 57 35.0400 S;JUATUBA;1;35675000
31;36652;5;0;2;RODOVIA;;262 VILLAGE JUATUBA;5;F      ;44 22 39.8460 W;19 57 35.5980 S;JUATUBA;1;35675000
31;36652;5;0;2;RODOVIA;;262 VILLAGE JUATUBA;0;SN     ;44 22 39.5640 W;19 57 35.4480 S;JUATUBA;1;35675000
31;36652;5;0;2;RODOVIA;;262 VILLAGE JUATUBA;5;A      ;44 22 39.8640 W;19 57 38.7480 S;JUATUBA;1;35675000
31;36652;5;0;2;RODOVIA;;262 VILLAGE JUATUBA;3;B      ;44 22 39.9840 W;19 57 39.9660 S;JUATUBA;1;35675000
31;36652;5;0;2;RODOVIA;;262 VILLAGE JUATUBA;4;H      ;44 22 40.2180 W;19 57 41.2140 S;JUATUBA;1;35675000
31;36652;5;0;2;RODOVIA;;262 VILLAGE JUATUBA;0;SN     ;44 22 39.6000 W;19 57 40.7700 S;JUATUBA;1;35675000
31;36652;5;0;2;RODOVIA;;262 VILLAGE JUATUBA;3;C      ;44 22 39.7140 W;19 57 40.9680 S;JUATUBA;1;35675000
31;36652;5;0;2;RODOVIA;;262 VILLAGE JUATUBA;4;F      ;44 22 39.5100 W;19 57 41.3940 S;JUATUBA;1;35675000
31;36652;5;0;2;RODOVIA;;262 VILLAGE JUATUBA;4;D      ;44 22 39.8700 W;19 57 43.2720 S;JUATUBA;1;35675000
31;36652;5;0;2;RODOVIA;;262 VILLAGE JUATUBA;4;C      ;44 22 39.7680 W;19 57 43.3740 S;JUATUBA;1;35675000
31;36652;5;0;2;RODOVIA;;262 VILLAGE JUATUBA;3;G      ;44 22 39.7080 W;19 57 44.6520 S;JUATUBA;1;35675000
31;36652;5;0;2;RODOVIA;;262 VILLAGE JUATUBA;4;B      ;44 22 40.5180 W;19 57 45.4860 S;JUATUBA;1;35675000
31;36652;5;0;2;RODOVIA;;262 VILLAGE JUATUBA;1;C      ;44 22 45.9720 W;19 57 44.1540 S;JUATUBA;1;35675000
31;36652;5;0;2;RODOVIA;;262 VILLAGE JUATUBA;1;E      ;44 22 46.0260 W;19 57 44.2200 S;JUATUBA;7;35675000
31;36652;5;0;2;RODOVIA;;262 VILLAGE JUATUBA;2;B      ;44 22 45.7560 W;19 57 42.0540 S;JUATUBA;7;35675000
31;36652;5;0;2;RODOVIA;;262 VILLAGE JUATUBA;2;C      ;44 22 45.4260 W;19 57 42.5280 S;JUATUBA;7;35675000
31;36652;5;0;2;RODOVIA;;262 VILLAGE JUATUBA;3;H      ;44 22 41.4660 W;19 57 46.7280 S;JUATUBA;1;35675000
31;36652;5;0;2;RODOVIA;;262 VILLAGE JUATUBA;6;J      ;44 22 41.4000 W;19 57 46.6800 S;JUATUBA;7;35675000
31;36652;5;0;2;RODOVIA;;262 VILLAGE JUATUBA;7;B      ;44 22 34.9380 W;19 57 46.5300 S;JUATUBA;1;35675000
31;36652;5;0;2;RODOVIA;;262 VILLAGE JUATUBA;9;D      ;44 22 32.6700 W;19 57 42.0960 S;JUATUBA;1;35675000
31;36652;5;0;2;RODOVIA;;262 VILLAGE JUATUBA;8;E      ;44 22 29.8680 W;19 57 39.3780 S;JUATUBA;7;35675000
31;36652;5;0;2;RODOVIA;;262 VILLAGE JUATUBA;8;F      ;44 22 25.3380 W;19 57 43.2780 S;JUATUBA;1;35675000
31;36652;5;0;2;RODOVIA;;262 VILLAGE JUATUBA;14;C      ;44 22 24.0840 W;19 57 42.7080 S;JUATUBA;1;35675000
31;36652;5;0;2;RODOVIA;;262 VILLAGE JUATUBA;0;SN     ;44 22 19.7640 W;19 57 40.4460 S;JUATUBA;7;35675000
31;36652;5;0;2;RODOVIA;;262 VILLAGE JUATUBA;0;SN     ;44 22 19.9380 W;19 57 38.3760 S;JUATUBA;1;35675000
31;36652;5;0;2;RODOVIA;;262 VILLAGE JUATUBA;0;SN     ;44 22 19.9680 W;19 57 38.6100 S;JUATUBA;1;35675000
31;36652;5;0;2;RODOVIA;;262 VILLAGE JUATUBA;13;I      ;44 22 20.0400 W;19 57 38.6160 S;JUATUBA;1;35675000
31;36652;5;0;2;RODOVIA;;262 VILLAGE JUATUBA;13;F      ;44 22 19.9980 W;19 57 38.6040 S;JUATUBA;1;35675000
31;36652;5;0;2;RODOVIA;;262 VILLAGE JUATUBA;13;D      ;44 22 19.4940 W;19 57 35.6160 S;JUATUBA;1;35675000
31;36652;5;0;2;RODOVIA;;262 VILLAGE JUATUBA;11;B      ;44 22 19.7460 W;19 57 34.1940 S;JUATUBA;1;35675000
31;36652;5;0;2;RODOVIA;;262 VILLAGE JUATUBA;0;SN     ;44 22 18.1860 W;19 57 31.6800 S;JUATUBA;1;35675000
31;36652;5;0;2;RODOVIA;;262 VILLAGE JUATUBA;12;D      ;44 22 12.6000 W;19 57 29.7780 S;JUATUBA;1;35675000
31;36652;5;0;2;RODOVIA;;262 VILLAGE JUATUBA;12;G      ;44 22 12.5580 W;19 57 29.8140 S;JUATUBA;1;35675000
31;36652;5;0;2;RODOVIA;;262 VILLAGE JUATUBA;12;H      ;44 22 8.9340 W;19 57 28.2240 S;JUATUBA;1;35675000
31;36652;5;0;2;RODOVIA;;262 VILLAGE JUATUBA;15;I      ;44 22 9.0300 W;19 57 28.4220 S;JUATUBA;1;35675000
31;36652;5;0;2;RODOVIA;;262 VILLAGE JUATUBA;16;D      ;44 22 12.1500 W;19 57 31.6860 S;JUATUBA;7;35675000
31;36652;5;0;2;RODOVIA;;262 VILLAGE JUATUBA;16;E      ;44 22 11.8320 W;19 57 31.5900 S;JUATUBA;7;35675000
31;36652;5;0;2;RODOVIA;;262 VILLAGE JUATUBA;15;H      ;44 22 11.8860 W;19 57 32.3280 S;JUATUBA;7;35675000
31;36652;5;0;2;RODOVIA;;262 VILLAGE JUATUBA;15;F      ;44 22 11.7840 W;19 57 31.8960 S;JUATUBA;1;35675000
31;36652;5;0;2;RODOVIA;;262 VILLAGE JUATUBA;17;C      ;44 22 11.7900 W;19 57 32.5680 S;JUATUBA;1;35675000
31;36652;5;0;2;RODOVIA;;262 VILLAGE JUATUBA;17;E      ;44 22 11.9520 W;19 57 38.1660 S;JUATUBA;1;35675000
31;36652;5;0;2;RODOVIA;;262 VILLAGE JUATUBA;18;H      ;44 22 12.1920 W;19 57 41.0820 S;JUATUBA;1;35675000
31;36652;5;0;2;RODOVIA;;262 VILLAGE JUATUBA;18;G      ;44 22 13.4460 W;19 57 42.3180 S;JUATUBA;1;35675000
31;36652;5;0;2;RODOVIA;;262 VILLAGE JUATUBA;0;SN     ;44 22 13.7940 W;19 57 42.5280 S;JUATUBA;1;35675000
31;36652;5;0;2;RODOVIA;;262 VILLAGE JUATUBA;18;F      ;44 22 13.9620 W;19 57 42.3240 S;JUATUBA;1;35675000
31;36652;5;0;2;RODOVIA;;262 VILLAGE JUATUBA;18;E      ;44 22 15.5280 W;19 57 41.8800 S;JUATUBA;1;35675000
31;36652;5;0;2;RODOVIA;;262 VILLAGE JUATUBA;18;D      ;44 22 14.0100 W;19 57 42.3960 S;JUATUBA;1;35675000
31;36652;5;0;2;RODOVIA;;262 VILLAGE JUATUBA;0;SN     ;44 22 21.8280 W;19 57 27.4680 S;JUATUBA;1;35675000
31;36652;5;0;2;RODOVIA;;262 VILLAGE JUATUBA;3;C      ;44 22 39.7200 W;19 57 36.7860 S;JUATUBA;1;35675000
31;36652;5;0;2;RODOVIA;;262 VILLAGE JUATUBA;0;SN     ;44 21 28.5780 W;19 57 31.4340 S;JUATUBA;7;35675000
31;36652;5;0;2;RODOVIA;;262 VILLAGE JUATUBA;0;SN     ;44 21 49.2780 W;19 57 27.1260 S;JUATUBA;1;35675000
31;36652;5;0;2;RODOVIA;;262 VILLAGE JUATUBA;0;SN     ;44 21 49.3560 W;19 57 27.0540 S;JUATUBA;6;35675000
31;36652;5;0;2;RODOVIA;;262 VILLAGE JUATUBA;0;SN     ;44 21 49.4460 W;19 57 26.7480 S;JUATUBA;6;35675000
31;36652;5;0;2;RODOVIA;;262 VILLAGE JUATUBA;0;SN     ;44 21 54.8520 W;19 57 22.9680 S;JUATUBA;6;35675000
31;36652;5;0;2;RODOVIA;;262 VILLAGE JUATUBA;0;SN     ;44 21 55.2360 W;19 57 24.2760 S;JUATUBA;6;35675000
31;36652;5;0;2;RODOVIA;;262 VILLAGE JUATUBA;0;SN     ;44 21 55.1460 W;19 57 24.2640 S;JUATUBA;6;35675000
31;36652;5;0;2;RODOVIA;;262 VILLAGE JUATUBA;0;SN     ;44 22 45.0360 W;19 57 26.9760 S;JUATUBA;1;35675000
31;36652;5;0;2;RODOVIA;;262 VILLAGE JUATUBA;0;SN     ;44 22 45.2340 W;19 57 29.9820 S;JUATUBA;1;35675000
31;36652;5;0;2;RODOVIA;;262 VILLAGE JUATUBA;0;SN     ;44 22 35.1900 W;19 58 3.8700 S;JUATUBA;1;35675000
31;36652;5;0;2;RODOVIA;;262 VILLAGE JUATUBA;0;SN     ;44 23 6.3420 W;19 57 52.0200 S;JUATUBA;1;35675000
31;36652;5;0;2;RODOVIA;;262 VILLAGE JUATUBA;0;SN     ;44 23 19.4160 W;19 57 50.2560 S;JUATUBA;1;35675000
31;36652;5;0;2;RODOVIA;;262 VILLAGE JUATUBA;0;SN     ;44 22 48.1440 W;19 56 58.5600 S;JUATUBA;1;35675000
31;36652;5;0;2;RODOVIA;;262 VILLAGE JUATUBA;0;SN     ;44 22 41.4060 W;19 57 5.1660 S;JUATUBA;7;35675000
31;36652;5;0;2;RODOVIA;;262 VILLAGE JUATUBA;375;;44 22 14.6100 W;19 57 13.3800 S;JUATUBA;1;35675000
31;36652;5;0;2;RODOVIA;;262 VILLAGE JUATUBA;0;SN     ;44 22 3.4020 W;19 57 32.8920 S;JUATUBA;1;35675000
31;36652;5;0;2;RODOVIA;;262 VILLAGE JUATUBA;0;SN     ;44 22 3.2280 W;19 57 33.5280 S;JUATUBA;1;35675000
31;36652;5;0;2;RODOVIA;;262 VILLAGE JUATUBA;0;SN     ;44 21 58.0500 W;19 57 29.1840 S;JUATUBA;1;35675000
31;36652;5;0;2;RODOVIA;;262 VILLAGE JUATUBA;0;SN     ;44 24 7.8840 W;19 57 46.9800 S;JUATUBA;1;35675000
31;36652;5;0;2;RODOVIA;;262 VILLAGE JUATUBA;0;SN     ;44 22 54.5040 W;19 56 51.3600 S;JUATUBA;1;35675000
31;36652;5;0;2;RODOVIA;;262 VILLAGE JUATUBA;0;SN     ;44 22 54.6420 W;19 56 51.4260 S;JUATUBA;1;35675000
31;36652;5;0;2;ESTRADA;;ESTRADA DO CAFEZAL;0;SN     ;44 20 58.8240 W;19 55 21.7680 S;JUATUBA;1;35675000
31;36652;5;0;2;ESTRADA;;ESTRADA DO CAFEZAL;0;SN     ;44 20 58.9680 W;19 55 21.2220 S;JUATUBA;1;35675000
31;36652;5;0;2;ESTRADA;;ESTRADA DO CAFEZAL;0;SN     ;44 20 59.0160 W;19 55 20.7600 S;JUATUBA;1;35675000
31;36652;5;0;2;ESTRADA;;ESTRADA DO CAFEZAL;0;SN     ;44 20 58.8240 W;19 55 21.7680 S;JUATUBA;1;35675000
31;36652;5;0;2;ESTRADA;;ESTRADA DO CAFEZAL;0;0;44 20 56.7240 W;19 56 54.6840 S;JUATUBA;1;35675000
31;36652;5;0;2;ESTRADA;;ESTRADA DO CAFEZAL;0;0;44 20 58.6320 W;19 56 40.7460 S;JUATUBA;2;35675000
31;36652;5;0;2;ESTRADA;;ESTRADA DO CAFEZAL;0;0;44 21 0.0480 W;19 56 48.7920 S;JUATUBA;1;35675000
31;36652;5;0;2;ESTRADA;;ESTRADA DO CAFEZAL;0;0;44 20 56.7960 W;19 56 49.6380 S;JUATUBA;1;35675000
31;36652;5;0;2;ESTRADA;;ESTRADA DO CAFEZAL;0;0;44 20 56.9520 W;19 56 46.1940 S;JUATUBA;6;35675000
31;36652;5;0;2;ESTRADA;;ESTRADA DO CAFEZAL;0;0;44 21 0.2160 W;19 56 16.5660 S;JUATUBA;1;35675000
31;36652;5;0;2;ESTRADA;;ESTRADA DO CAFEZAL;0;0;44 20 59.0700 W;19 56 17.5560 S;JUATUBA;1;35675000
31;36652;5;0;2;ESTRADA;;ESTRADA DO CAFEZAL;0;0;44 20 37.4400 W;19 55 24.0120 S;JUATUBA;1;35675000
31;36652;5;0;2;ESTRADA;;ESTRADA DO CAFEZAL;0;0;44 20 37.2780 W;19 55 24.1140 S;JUATUBA;3;35675000
31;36652;5;0;2;ESTRADA;;ESTRADA DO CAFEZAL;0;0;44 20 37.1580 W;19 55 24.2520 S;JUATUBA;1;35675000
31;36652;5;0;2;ESTRADA;;ESTRADA DO CAFEZAL;0;0;44 20 37.2120 W;19 55 24.2820 S;JUATUBA;1;35675000
31;36652;5;0;2;ESTRADA;;ESTRADA DO CAFEZAL;0;0;44 24 6.6420 W;20 04 28.5960 S;JUATUBA;1;35675000
31;36652;5;0;2;ESTRADA;;ESTRADA DO CAFEZAL;0;0;44 21 18.1140 W;19 54 32.4660 S;JUATUBA;1;35675000
31;36652;5;0;2;ESTRADA;;ESTRADA DO CAFEZAL;0;0;44 21 16.5720 W;19 54 34.3860 S;JUATUBA;1;35675000
31;36652;5;0;2;ESTRADA;;ESTRADA DO CAFEZAL;0;0;44 21 16.8180 W;19 54 34.4700 S;JUATUBA;1;35675000
31;36652;5;0;2;ESTRADA;;ESTRADA DO CAFEZAL;0;0;44 21 41.0640 W;19 56 34.1580 S;JUATUBA;1;35675000
31;36652;5;0;2;ESTRADA;;ESTRADA DO CAFEZAL;0;0;44 21 40.7520 W;19 56 31.9860 S;JUATUBA;1;35675000
31;36652;5;0;2;ESTRADA;;ESTRADA DO CAFEZAL;0;0;44 22 8.0460 W;19 55 57.7140 S;JUATUBA;1;35675000
31;36652;5;0;2;ESTRADA;;ESTRADA DO CAFEZAL;0;0;44 22 8.1420 W;19 55 57.8520 S;JUATUBA;1;35675000
31;36652;5;0;2;ESTRADA;;ESTRADA DO CAFEZAL;0;0;44 22 8.1780 W;19 55 57.8340 S;JUATUBA;6;35675000
31;36652;5;0;2;ESTRADA;;ESTRADA DO CAFEZAL;0;0;44 22 4.8600 W;19 55 51.6240 S;JUATUBA;3;35675000
31;36652;5;0;2;ESTRADA;;ESTRADA DO CAFEZAL;0;0;44 22 4.8840 W;19 55 51.6000 S;JUATUBA;1;35675000
31;36652;5;0;2;ESTRADA;;ESTRADA DO CAFEZAL;0;0;44 21 41.1240 W;19 55 6.4200 S;JUATUBA;1;35675000
31;36652;5;0;2;ESTRADA;;ESTRADA DO CAFEZAL;0;0;44 21 39.6900 W;19 55 5.7960 S;JUATUBA;1;35675000
31;36652;5;0;2;ESTRADA;;ESTRADA DO CAFEZAL;0;0;44 21 43.8360 W;19 57 9.3420 S;JUATUBA;1;35675000
31;36652;5;0;2;ESTRADA;;ESTRADA DO CAFEZAL;0;0;44 21 43.8960 W;19 57 9.3480 S;JUATUBA;1;35675000
31;36652;5;0;2;ESTRADA;;ESTRADA DO CAFEZAL;0;0;44 21 44.0580 W;19 57 8.6580 S;JUATUBA;3;35675000
31;36652;5;0;2;ESTRADA;;ESTRADA DO CAFEZAL;0;0;44 21 40.6200 W;19 57 15.3120 S;JUATUBA;1;35675000
31;36652;5;0;2;ESTRADA;;ESTRADA DO CAFEZAL;0;0;44 21 40.5360 W;19 57 15.2400 S;JUATUBA;1;35675000
31;36652;5;0;2;ESTRADA;;ESTRADA DO CAFEZAL;0;0;44 21 41.2800 W;19 57 16.3740 S;JUATUBA;1;35675000
31;36652;5;0;2;ESTRADA;;ESTRADA DO CAFEZAL;0;0;44 21 42.6600 W;19 57 19.2960 S;JUATUBA;3;35675000
31;36652;5;0;2;ESTRADA;;ESTRADA DO CAFEZAL;0;0;44 21 43.5240 W;19 57 18.7740 S;JUATUBA;1;35675000
31;36652;5;0;2;ESTRADA;;ESTRADA DO CAFEZAL;0;0;44 21 43.7640 W;19 57 18.6780 S;JUATUBA;1;35675000
31;36652;5;0;2;ESTRADA;;ESTRADA DO CAFEZAL;0;0;44 21 52.7040 W;19 57 13.3260 S;JUATUBA;1;35675000
31;36652;5;0;2;ESTRADA;;ESTRADA DO CAFEZAL;0;0;44 21 33.6600 W;19 56 53.3100 S;JUATUBA;1;35675000
31;36652;5;0;2;ESTRADA;;ESTRADA DO CAFEZAL;0;0;44 21 30.4560 W;19 56 4.7040 S;JUATUBA;1;35675000
31;36652;5;0;2;ESTRADA;;ESTRADA DO CAFEZAL;0;0;44 21 30.3540 W;19 56 4.6740 S;JUATUBA;1;35675000
31;36652;5;0;2;ESTRADA;;ESTRADA DO CAFEZAL;0;0;44 21 22.2840 W;19 56 41.3760 S;JUATUBA;6;35675000
31;36652;5;0;2;ESTRADA;;ESTRADA DO CAFEZAL;0;0;44 21 15.4260 W;19 56 52.1160 S;JUATUBA;1;35675000
31;36652;5;0;2;ESTRADA;;ESTRADA DO CAFEZAL;0;0;44 21 15.3360 W;19 56 52.0020 S;JUATUBA;1;35675000
31;36652;5;0;2;ESTRADA;;ESTRADA DO CAFEZAL;0;0;44 21 15.0240 W;19 56 51.3780 S;JUATUBA;1;35675000
31;36652;5;0;2;ESTRADA;;ESTRADA DO CAFEZAL;0;0;44 21 7.0020 W;19 56 53.7060 S;JUATUBA;1;35675000
31;36652;5;0;2;ESTRADA;;ESTRADA DO CAFEZAL;0;0;44 21 6.2220 W;19 56 53.6880 S;JUATUBA;1;35675000
31;36652;5;0;2;ESTRADA;;ESTRADA DO CAFEZAL;0;0;44 21 6.5940 W;19 56 53.2080 S;JUATUBA;1;35675000
31;36652;5;0;2;ESTRADA;;ESTRADA DO CAFEZAL;0;0;44 21 7.2480 W;19 56 53.9820 S;JUATUBA;1;35675000
31;36652;5;0;2;ESTRADA;;ESTRADA DO CAFEZAL;0;0;44 21 2.4060 W;19 56 50.4300 S;JUATUBA;1;35675000
31;36652;5;0;2;ESTRADA;;ESTRADA DO CAFEZAL;0;0;44 21 9.7500 W;19 56 52.9860 S;JUATUBA;1;35675000
31;36652;5;0;2;ESTRADA;;ESTRADA DO CAFEZAL;0;0;44 21 2.3940 W;19 56 50.4300 S;JUATUBA;1;35675000
31;36652;5;0;2;ESTRADA;;ESTRADA DO CAFEZAL;0;0;44 21 10.7640 W;19 56 54.1080 S;JUATUBA;1;35675000
31;36652;5;0;2;ESTRADA;;ESTRADA DO CAFEZAL;0;0;44 21 9.4680 W;19 56 54.3660 S;JUATUBA;1;35675000
31;36652;5;0;2;ESTRADA;;ESTRADA DO CAFEZAL;0;0;44 21 9.3840 W;19 56 54.8520 S;JUATUBA;1;35675000
31;36652;5;0;2;ESTRADA;;ESTRADA DO CAFEZAL;0;0;44 21 10.0560 W;19 56 54.9060 S;JUATUBA;1;35675000
31;36652;5;0;2;ESTRADA;;ESTRADA DO CAFEZAL;0;0;44 21 10.5660 W;19 56 54.3900 S;JUATUBA;1;35675000
31;36652;5;0;2;ESTRADA;;ESTRADA DO CAFEZAL;0;0;44 21 11.3280 W;19 56 54.1320 S;JUATUBA;1;35675000
31;36652;5;0;2;ESTRADA;;ESTRADA DO CAFEZAL;0;0;44 21 11.3340 W;19 56 53.8800 S;FAZ VERA CRUZ 2 LAGOAS BANANAL;1;35675000
31;36652;5;0;2;ESTRADA;;ESTRADA DO CAFEZAL;0;0;44 21 12.4860 W;19 56 53.3640 S;FAZ VERA CRUZ 2 LAGOAS BANANAL;1;35675000
31;36652;5;0;2;ESTRADA;;ESTRADA DO CAFEZAL;0;0;44 21 13.4160 W;19 56 53.8740 S;FAZ VERA CRUZ 2 LAGOAS BANANAL;1;35675000
31;36652;5;0;2;ESTRADA;;ESTRADA DO CAFEZAL;0;0;44 21 13.3860 W;19 56 53.9460 S;FAZ VERA CRUZ 2 LAGOAS BANANAL;7;35675000
31;36652;5;0;2;ESTRADA;;ESTRADA DO CAFEZAL;0;0;44 21 13.6080 W;19 56 53.9520 S;FAZ VERA CRUZ 2 LAGOAS BANANAL;1;35675000
31;36652;5;0;2;ESTRADA;;ESTRADA DO CAFEZAL;0;0;44 21 14.5740 W;19 56 54.7320 S;FAZ VERA CRUZ 2 LAGOAS BANANAL;1;35675000
31;36652;5;0;2;ESTRADA;;ESTRADA DO CAFEZAL;0;0;44 21 17.2140 W;19 56 54.6420 S;FAZ VERA CRUZ 2 LAGOAS BANANAL;1;35675000
31;36652;5;0;2;ESTRADA;;ESTRADA DO CAFEZAL;0;0;44 21 15.7440 W;19 56 54.3180 S;FAZ VERA CRUZ 2 LAGOAS BANANAL;1;35675000
31;36652;5;0;2;ESTRADA;;ESTRADA DO CAFEZAL;0;0;44 21 18.4020 W;19 56 54.1500 S;FAZ VERA CRUZ 2 LAGOAS BANANAL;6;35675000
31;36652;5;0;2;ESTRADA;;ESTRADA DO CAFEZAL;0;0;44 21 18.0900 W;19 56 54.8940 S;FAZ VERA CRUZ 2 LAGOAS BANANAL;7;35675000
31;36652;5;0;2;ESTRADA;;ESTRADA DO CAFEZAL;0;0;44 21 23.6940 W;19 56 55.5300 S;FAZ VERA CRUZ 2 LAGOAS BANANAL;1;35675000
31;36652;5;0;2;ESTRADA;;ESTRADA DO CAFEZAL;0;0;44 21 20.4480 W;19 56 55.3380 S;FAZ VERA CRUZ 2 LAGOAS BANANAL;1;35675000
31;36652;5;0;2;ESTRADA;;ESTRADA DO CAFEZAL;0;0;44 22 7.1880 W;19 57 10.6680 S;FAZ VERA CRUZ 2 LAGOAS BANANAL;1;35675000
31;36652;5;0;2;ESTRADA;;ESTRADA DO CAFEZAL;0;0;44 22 6.7560 W;19 57 10.5000 S;FAZ VERA CRUZ 2 LAGOAS BANANAL;3;35675000
31;36652;5;0;2;ESTRADA;;ESTRADA DO CAFEZAL;0;0;44 22 5.1900 W;19 57 9.5820 S;FAZ VERA CRUZ 2 LAGOAS BANANAL;1;35675000
31;36652;5;0;2;ESTRADA;;ESTRADA DO CAFEZAL;0;0;44 22 9.1560 W;19 57 3.7440 S;FAZ VERA CRUZ 2 LAGOAS BANANAL;1;35675000
31;36652;5;0;2;ESTRADA;;ESTRADA DO CAFEZAL;0;0;44 20 38.4840 W;19 55 24.6780 S;FAZ VERA CRUZ 2 LAGOAS BANANAL;1;35675000
31;36652;5;0;2;ESTRADA;;ESTRADA DO CAFEZAL;0;0;44 20 38.2800 W;19 55 24.7320 S;FAZ VERA CRUZ 2 LAGOAS BANANAL;1;35675000
31;36652;5;0;2;ESTRADA;;ESTRADA DO CAFEZAL;0;0;44 21 0.0180 W;19 56 48.4980 S;FAZ VERA CRUZ 2 LAGOAS BANANAL;1;35675000
31;36652;5;0;2;ESTRADA;;ESTRADA DO CAFEZAL;0;0;44 22 21.7620 W;19 57 8.0460 S;FAZ VERA CRUZ 2 LAGOAS BANANAL;1;35675000
31;36652;5;0;2;ESTRADA;;ESTRADA DO CAFEZAL;0;0;44 22 16.0260 W;19 57 2.6760 S;FAZ VERA CRUZ 2 LAGOAS BANANAL;1;35675000
31;36652;5;0;2;ESTRADA;;ESTRADA DO CAFEZAL;0;0;44 22 16.0260 W;19 57 2.6880 S;FAZ VERA CRUZ 2 LAGOAS BANANAL;1;35675000
31;36652;5;0;2;ESTRADA;;ESTRADA DO CAFEZAL;0;0;44 20 59.0340 W;19 56 47.0700 S;JUATUBA;6;35675000
31;36652;5;0;2;ESTRADA;;ESTRADA DO CAFEZAL;0;0;44 21 39.5160 W;19 55 5.6820 S;JUATUBA;6;35675000
31;36652;5;0;2;ESTRADA;;ESTRADA DO CAFEZAL;0;0;44 21 24.0420 W;19 56 55.8120 S;FAZ VERA CRUZ 2 LAGOAS BANANAL;6;35675000
31;36652;5;0;2;ESTRADA;;ESTRADA DO CAFEZAL;0;0;44 22 5.1600 W;19 57 9.1800 S;FAZ VERA CRUZ 2 LAGOAS BANANAL;6;35675000
31;36652;5;0;2;ESTRADA;;ESTRADA DO CAFEZAL;0;0;44 22 5.0400 W;19 57 9.5640 S;FAZ VERA CRUZ 2 LAGOAS BANANAL;6;35675000
31;36652;10;0;2;RODOVIA;PRESIDENTE;ARTHUR DA COSTA E SILVA;0;SN     ;44 24 37.4160 W;19 55 46.1880 S;REGIAO DA BOA VISTA;1;35675000
31;36652;10;0;2;RODOVIA;PRESIDENTE;ARTHUR DA COSTA E SILVA;0;SN     ;44 24 36.6600 W;19 55 45.0480 S;REGIAO DA BOA VISTA;1;35675000
31;36652;10;0;2;RODOVIA;PRESIDENTE;ARTHUR DA COSTA E SILVA;382;;44 24 46.1640 W;19 55 50.2680 S;REGIAO DA BOA VISTA;1;35675000
31;36652;10;0;2;RODOVIA;PRESIDENTE;ARTHUR DA COSTA E SILVA;0;SN     ;44 24 16.3200 W;19 55 41.6160 S;REGIAO DA BOA VISTA;1;35675000
31;36652;10;0;2;RODOVIA;PRESIDENTE;ARTHUR DA COSTA E SILVA;0;SN     ;44 24 55.9320 W;19 55 43.0800 S;REGIAO DA BOA VISTA;1;35675000
31;36652;10;0;2;RODOVIA;PRESIDENTE;ARTHUR DA COSTA E SILVA;0;SN     ;44 25 14.6760 W;19 55 44.1840 S;REGIAO DA BOA VISTA;1;35675000
31;36652;10;0;2;RODOVIA;PRESIDENTE;ARTHUR DA COSTA E SILVA;0;SN     ;44 24 59.1360 W;19 55 46.2540 S;REGIAO DA BOA VISTA;1;35675000
31;36652;10;0;2;RODOVIA;PRESIDENTE;ARTHUR DA COSTA E SILVA;0;SN     ;44 25 41.5020 W;19 55 54.1800 S;REGIAO DA BOA VISTA;1;35675000
31;36652;10;0;2;RODOVIA;PRESIDENTE;ARTHUR DA COSTA E SILVA;0;SN     ;44 25 4.8240 W;19 55 40.8060 S;REGIAO DA BOA VISTA;3;35675000
31;36652;10;0;2;ESTRADA;PRESIDENTE;HARTUR DA COSTA E SILVA;0;0;44 24 28.5420 W;19 57 20.1720 S;BOA VISTA;1;35675000
31;36652;10;0;2;ESTRADA;PRESIDENTE;HARTUR DA COSTA E SILVA;0;0;44 24 29.6580 W;19 56 33.3840 S;BOA VISTA;1;35675000
31;36652;10;0;2;ESTRADA;PRESIDENTE;HARTUR DA COSTA E SILVA;0;0;44 24 29.8440 W;19 56 33.5400 S;BOA VISTA;3;35675000
31;36652;10;0;2;ESTRADA;PRESIDENTE;HARTUR DA COSTA E SILVA;0;0;44 24 30.9180 W;19 56 36.9720 S;BOA VISTA;1;35675000
31;36652;10;0;2;ESTRADA;PRESIDENTE;HARTUR DA COSTA E SILVA;0;0;44 24 33.2760 W;19 56 38.2200 S;BOA VISTA;1;35675000
31;36652;10;0;2;ESTRADA;PRESIDENTE;HARTUR DA COSTA E SILVA;0;0;44 25 17.4960 W;19 56 20.5740 S;BOA VISTA;6;35675000
31;36652;10;0;2;ESTRADA;PRESIDENTE;HARTUR DA COSTA E SILVA;0;0;44 25 17.3940 W;19 56 20.4720 S;BOA VISTA;6;35675000
31;36652;10;0;2;ESTRADA;PRESIDENTE;HARTUR DA COSTA E SILVA;0;0;44 25 16.4760 W;19 56 23.4600 S;BOA VISTA;1;35675000
31;36652;10;0;2;ESTRADA;PRESIDENTE;HARTUR DA COSTA E SILVA;0;0;44 25 35.9700 W;19 56 4.0500 S;BOA VISTA;1;35675000
31;36652;10;0;2;ESTRADA;PRESIDENTE;HARTUR DA COSTA E SILVA;0;0;44 25 34.6560 W;19 56 3.3000 S;BOA VISTA;1;35675000
31;36652;10;0;2;RODOVIA;PRESIDENTE;ARTHUR DA COSTA E SILVA;0;SN     ;44 25 54.8820 W;19 56 5.0940 S;REGIAO DA BOA VISTA;1;35675000
31;36652;10;0;2;RODOVIA;PRESIDENTE;ARTHUR DA COSTA E SILVA;0;SN     ;44 25 47.4060 W;19 55 57.9660 S;REGIAO DA BOA VISTA;1;35675000
31;36652;10;0;2;RODOVIA;PRESIDENTE;ARTHUR DA COSTA E SILVA;0;SN     ;44 25 59.2140 W;19 56 8.8560 S;REGIAO DA BOA VISTA;1;35675000
31;36652;10;0;2;RODOVIA;PRESIDENTE;ARTHUR DA COSTA E SILVA;0;SN     ;44 25 47.3160 W;19 55 58.0260 S;REGIAO DA BOA VISTA;1;35675000
31;36652;10;0;2;RODOVIA;PRESIDENTE;ARTHUR DA COSTA E SILVA;0;SN     ;44 25 34.8480 W;19 55 49.5960 S;REGIAO DA BOA VISTA;1;35675000
31;36652;10;0;2;RODOVIA;PRESIDENTE;ARTHUR DA COSTA E SILVA;0;SN     ;44 25 34.8000 W;19 55 49.1700 S;REGIAO DA BOA VISTA;1;35675000
31;36652;10;0;2;RODOVIA;PRESIDENTE;ARTHUR DA COSTA E SILVA;0;SN     ;44 25 34.1880 W;19 55 49.0080 S;REGIAO DA BOA VISTA;1;35675000
31;36652;10;0;2;RODOVIA;PRESIDENTE;ARTHUR DA COSTA E SILVA;0;SN     ;44 25 31.9320 W;19 55 47.2740 S;REGIAO DA BOA VISTA;1;35675000
31;36652;10;0;2;RODOVIA;PRESIDENTE;ARTHUR DA COSTA E SILVA;0;SN     ;44 25 9.0660 W;19 55 52.5000 S;REGIAO DA BOA VISTA;1;35675000
31;36652;10;0;2;RODOVIA;PRESIDENTE;ARTHUR DA COSTA E SILVA;82;;44 25 1.6020 W;19 55 45.2040 S;REGIAO DA BOA VISTA;1;35675000
31;36652;10;0;2;RODOVIA;PRESIDENTE;ARTHUR DA COSTA E SILVA;82;;44 25 1.8900 W;19 55 45.1260 S;REGIAO DA BOA VISTA;1;35675000
31;36652;10;0;2;RODOVIA;PRESIDENTE;ARTHUR DA COSTA E SILVA;72;;44 25 1.6560 W;19 55 45.2400 S;REGIAO DA BOA VISTA;1;35675000
31;36652;10;0;2;RODOVIA;PRESIDENTE;ARTHUR DA COSTA E SILVA;56;;44 25 1.3440 W;19 55 45.3840 S;REGIAO DA BOA VISTA;1;35675000
31;36652;10;0;2;RODOVIA;PRESIDENTE;ARTHUR DA COSTA E SILVA;56;;44 25 1.0920 W;19 55 44.9760 S;REGIAO DA BOA VISTA;6;35675000
31;36652;10;0;2;RODOVIA;PRESIDENTE;ARTHUR DA COSTA E SILVA;0;SN     ;44 25 1.0260 W;19 55 45.0540 S;REGIAO DA BOA VISTA;1;35675000
31;36652;10;0;2;RODOVIA;PRESIDENTE;ARTHUR DA COSTA E SILVA;30;;44 24 59.4480 W;19 55 45.1920 S;REGIAO DA BOA VISTA;1;35675000
31;36652;10;0;2;RODOVIA;PRESIDENTE;ARTHUR DA COSTA E SILVA;30;;44 24 59.5980 W;19 55 45.0480 S;REGIAO DA BOA VISTA;1;35675000
31;36652;10;0;2;RODOVIA;PRESIDENTE;ARTHUR DA COSTA E SILVA;200;;44 24 59.4000 W;19 55 44.8320 S;REGIAO DA BOA VISTA;1;35675000
31;36652;10;0;2;RODOVIA;PRESIDENTE;ARTHUR DA COSTA E SILVA;102;;44 24 59.2920 W;19 55 48.0600 S;REGIAO DA BOA VISTA;1;35675000
31;36652;10;0;2;RODOVIA;PRESIDENTE;ARTHUR DA COSTA E SILVA;0;SN     ;44 24 58.6860 W;19 55 48.1920 S;REGIAO DA BOA VISTA;1;35675000
31;36652;10;0;2;RODOVIA;PRESIDENTE;ARTHUR DA COSTA E SILVA;307;;44 24 59.4960 W;19 55 49.9860 S;REGIAO DA BOA VISTA;1;35675000
31;36652;10;0;2;RODOVIA;PRESIDENTE;ARTHUR DA COSTA E SILVA;0;SN     ;44 25 4.3620 W;19 55 55.0380 S;REGIAO DA BOA VISTA;6;35675000
31;36652;10;0;2;RODOVIA;PRESIDENTE;ARTHUR DA COSTA E SILVA;10;;44 25 4.5420 W;19 55 55.2000 S;REGIAO DA BOA VISTA;1;35675000
31;36652;10;0;2;RODOVIA;PRESIDENTE;ARTHUR DA COSTA E SILVA;100;FNS    ;44 24 59.2320 W;19 55 53.6220 S;REGIAO DA BOA VISTA;1;35675000
31;36652;10;0;2;RODOVIA;PRESIDENTE;ARTHUR DA COSTA E SILVA;0;SN     ;44 24 57.3000 W;19 55 52.0920 S;REGIAO DA BOA VISTA;7;35675000
31;36652;10;0;2;RODOVIA;PRESIDENTE;ARTHUR DA COSTA E SILVA;40;;44 25 0.3540 W;19 55 44.9220 S;REGIAO DA BOA VISTA;1;35675000
31;36652;10;0;2;RODOVIA;PRESIDENTE;ARTHUR DA COSTA E SILVA;82;;44 25 1.5660 W;19 55 45.1800 S;REGIAO DA BOA VISTA;1;35675000
31;36652;10;0;2;RODOVIA;PRESIDENTE;ARTHUR DA COSTA E SILVA;3;;44 24 55.6920 W;19 55 52.2180 S;REGIAO DA BOA VISTA;1;35675000
31;36652;10;0;2;RODOVIA;PRESIDENTE;ARTHUR DA COSTA E SILVA;3;;44 24 55.6920 W;19 55 52.2180 S;REGIAO DA BOA VISTA;6;35675000
31;36652;10;0;2;RODOVIA;PRESIDENTE;ARTHUR DA COSTA E SILVA;57;;44 24 54.7920 W;19 55 52.1820 S;REGIAO DA BOA VISTA;1;35675000
31;36652;10;0;2;RODOVIA;PRESIDENTE;ARTHUR DA COSTA E SILVA;0;SN     ;44 24 52.3800 W;19 55 51.6120 S;REGIAO DA BOA VISTA;1;35675000
31;36652;10;0;2;RODOVIA;PRESIDENTE;ARTHUR DA COSTA E SILVA;382;;44 24 46.5420 W;19 55 50.7060 S;REGIAO DA BOA VISTA;1;35675000
31;36652;10;0;2;RODOVIA;PRESIDENTE;ARTHUR DA COSTA E SILVA;0;SN     ;44 24 45.9180 W;19 55 50.3880 S;REGIAO DA BOA VISTA;6;35675000
31;36652;10;0;2;RODOVIA;PRESIDENTE;ARTHUR DA COSTA E SILVA;0;SN     ;44 24 40.9500 W;19 55 49.8360 S;REGIAO DA BOA VISTA;1;35675000
31;36652;10;0;2;RODOVIA;PRESIDENTE;ARTHUR DA COSTA E SILVA;0;SN     ;44 24 46.1100 W;19 55 45.6600 S;REGIAO DA BOA VISTA;1;35675000
31;36652;10;0;2;RODOVIA;PRESIDENTE;ARTHUR DA COSTA E SILVA;0;SN     ;44 24 49.6980 W;19 55 42.5160 S;REGIAO DA BOA VISTA;1;35675000
31;36652;10;0;2;RODOVIA;PRESIDENTE;ARTHUR DA COSTA E SILVA;0;SN     ;44 24 49.1640 W;19 55 41.0940 S;REGIAO DA BOA VISTA;1;35675000
31;36652;10;0;2;RODOVIA;PRESIDENTE;ARTHUR DA COSTA E SILVA;10;;44 25 9.1500 W;19 55 52.4880 S;REGIAO DA BOA VISTA;1;35675000
31;36652;10;0;2;RODOVIA;PRESIDENTE;ARTHUR DA COSTA E SILVA;0;SN     ;44 25 22.1940 W;19 55 42.0240 S;REGIAO DA BOA VISTA;1;35675000
31;36652;10;0;2;RODOVIA;PRESIDENTE;ARTHUR DA COSTA E SILVA;0;SN     ;44 25 4.8960 W;19 55 40.8240 S;REGIAO DA BOA VISTA;1;35675000
31;36652;10;0;2;RODOVIA;PRESIDENTE;ARTHUR DA COSTA E SILVA;0;SN     ;44 25 5.9940 W;19 55 37.6980 S;REGIAO DA BOA VISTA;1;35675000
31;36652;10;0;2;RODOVIA;PRESIDENTE;ARTHUR DA COSTA E SILVA;0;SN     ;44 25 18.3540 W;19 55 42.9720 S;REGIAO DA BOA VISTA;1;35675000
31;36652;10;0;2;RODOVIA;PRESIDENTE;ARTHUR DA COSTA E SILVA;0;SN     ;44 24 54.4080 W;19 55 42.6900 S;REGIAO DA BOA VISTA;1;35675000
31;36652;10;0;2;RODOVIA;PRESIDENTE;ARTHUR DA COSTA E SILVA;0;SN     ;44 24 41.1120 W;19 55 22.1040 S;REGIAO DA BOA VISTA;1;35675000
31;36652;10;0;2;RODOVIA;PRESIDENTE;ARTHUR DA COSTA E SILVA;0;SN     ;44 24 23.6640 W;19 55 30.3960 S;REGIAO DA BOA VISTA;1;35675000
31;36652;10;0;2;RODOVIA;PRESIDENTE;ARTHUR DA COSTA E SILVA;0;SN     ;44 24 22.9980 W;19 55 35.5620 S;REGIAO DA BOA VISTA;1;35675000
31;36652;10;0;2;RODOVIA;PRESIDENTE;ARTHUR DA COSTA E SILVA;0;SN     ;44 24 23.4900 W;19 55 36.8760 S;REGIAO DA BOA VISTA;1;35675000
31;36652;10;0;2;RODOVIA;PRESIDENTE;ARTHUR DA COSTA E SILVA;0;SN     ;44 24 24.2940 W;19 55 40.6080 S;REGIAO DA BOA VISTA;1;35675000
31;36652;10;0;2;RODOVIA;PRESIDENTE;ARTHUR DA COSTA E SILVA;0;SN     ;44 24 23.0400 W;19 55 41.8560 S;REGIAO DA BOA VISTA;1;35675000
31;36652;10;0;2;RODOVIA;PRESIDENTE;ARTHUR DA COSTA E SILVA;0;SN     ;44 24 51.0360 W;19 55 9.9960 S;REGIAO DA BOA VISTA;6;35675000
31;36652;10;0;2;RODOVIA;PRESIDENTE;ARTHUR DA COSTA E SILVA;0;SN     ;44 24 13.4940 W;19 55 48.5640 S;REGIAO DA BOA VISTA;1;35675000
31;36652;10;0;2;RODOVIA;PRESIDENTE;ARTHUR DA COSTA E SILVA;0;SN     ;44 24 13.3320 W;19 55 48.0420 S;REGIAO DA BOA VISTA;1;35675000
31;36652;10;0;2;RODOVIA;PRESIDENTE;ARTHUR DA COSTA E SILVA;0;SN     ;44 24 16.2240 W;19 55 41.2740 S;REGIAO DA BOA VISTA;1;35675000
31;36652;10;0;2;RODOVIA;PRESIDENTE;ARTHUR DA COSTA E SILVA;0;SN     ;44 24 19.0800 W;19 55 42.0960 S;REGIAO DA BOA VISTA;6;35675000
