COD_UF;COD_MUN;COD_DISTRITO;COD_SUBDISTR;SITUACAO;TIPO;TITULO;NOME;NUMERO_VAL;NUMERO_MOD;LONGITUDE;LATITUDE;LOCALIDADE;ESPECIE;CEP
31;39706;5;0;2;RUA;;ANTONIO MIGUEL;1;B      ;44 44 19.0200 W;19 32 16.6380 S;CATITA;6;35666000
31;39706;5;0;2;RUA;;ANTONIO MIGUEL;2;;44 44 21.2520 W;19 32 13.8720 S;CATITA;1;35666000
31;39706;5;0;2;RUA;;ANTONIO MIGUEL;5;;44 44 21.1680 W;19 32 13.9080 S;CATITA;1;35666000
31;39706;5;0;2;RUA;;ANTONIO MIGUEL;8;;44 44 20.4660 W;19 32 15.9660 S;CATITA;1;35666000
31;39706;5;0;2;RUA;;ANTONIO MIGUEL;1;A      ;44 44 20.5920 W;19 32 16.0200 S;CATITA;1;35666000
31;39706;5;0;2;RUA;;ANTONIO MIGUEL;6;;44 44 21.6060 W;19 32 14.0940 S;CATITA;1;35666000
31;39706;5;0;2;RUA;;ANTONIO MIGUEL;1;FUNDO  ;44 44 20.7360 W;19 32 17.8500 S;CATITA;1;35666000
31;39706;5;0;2;RUA;;SEM DENOMINACAO;1;SUS    ;44 44 20.5200 W;19 32 10.3500 S;CATITA;1;35666000
31;39706;5;0;2;RUA;;SEM DENOMINACAO;1;SUS    ;44 44 20.5200 W;19 32 10.3500 S;CATITA;3;35666000
31;39706;5;0;2;RUA;;SEM DENOMINACAO;0;SN     ;44 44 20.4780 W;19 32 10.1640 S;CATITA;3;35666000
31;39706;5;0;2;RUA;;SEM DENOMINACAO;0;SN     ;44 44 15.6120 W;19 32 17.4000 S;CATITA;7;35666000
31;39706;5;0;2;RUA;;SEM DENOMINACAO;0;SN     ;44 44 15.6180 W;19 32 17.4540 S;CATITA;1;35666000
31;39706;5;0;2;FAZENDA;;BOA VISTA;15;FNS    ;44 46 38.9760 W;19 29 14.3760 S;JACARE;1;35666000
31;39706;5;0;2;FAZENDA;;BOA VISTA;0;SN     ;44 46 46.3320 W;19 29 29.0580 S;JACARE;1;35666000
31;39706;5;0;2;FAZENDA;;BOA VISTA;7;FNS    ;44 46 57.5760 W;19 29 6.9600 S;JACARE;1;35666000
31;39706;5;0;2;FAZENDA;;MATO GROSSO;0;SN     ;44 41 46.1040 W;19 34 12.6480 S;FAZENDA MATO GROSSO;1;35666000
31;39706;5;0;2;FAZENDA;;MATO GROSSO;0;SN     ;44 41 38.5620 W;19 34 14.2020 S;FAZENDA MATO GROSSO;1;35666000
31;39706;5;0;2;FAZENDA;;MATO GROSSO;0;SN     ;44 41 38.7180 W;19 34 19.4160 S;FAZENDA MATO GROSSO;1;35666000
31;39706;5;0;2;FAZENDA;;MATO GROSSO;0;SN     ;44 41 38.5620 W;19 34 14.2020 S;FAZENDA MATO GROSSO;3;35666000
31;39706;5;0;2;FAZENDA;;MATO GROSSO;15;FNS    ;44 42 27.0420 W;19 34 16.3800 S;FAZENDA MATO GROSSO;3;35666000
31;39706;5;0;2;FAZENDA;;MATO GROSSO;15;FNS    ;44 42 27.0420 W;19 34 16.3800 S;FAZENDA MATO GROSSO;1;35666000
31;39706;5;0;2;REGIAO;;SAPECADO;13;FNS    ;44 40 27.0240 W;19 33 44.1240 S;SAPECADO;3;35666000
31;39706;5;0;2;REGIAO;;SAPECADO;13;FNS    ;44 40 27.0240 W;19 33 44.1240 S;SAPECADO;1;35666000
31;39706;5;0;2;REGIAO;;SAPECADO;0;SN     ;44 40 17.6280 W;19 33 41.3040 S;SAPECADO;1;35666000
31;39706;5;0;2;REGIAO;;SAPECADO;12;SUS    ;44 40 13.0680 W;19 32 40.9620 S;SAPECADO;1;35666000
31;39706;5;0;2;REGIAO;;ALTO PAIOL;3;SMS    ;44 45 49.6860 W;19 30 38.4900 S;ALTO PAIOL;3;35666000
31;39706;5;0;2;REGIAO;;ALTO PAIOL;2;SMS    ;44 45 47.7600 W;19 30 37.6020 S;ALTO PAIOL;1;35666000
31;39706;5;0;2;REGIAO;;ALTO PAIOL;0;SN     ;44 46 10.7400 W;19 30 35.4720 S;ALTO PAIOL;3;35666000
31;39706;5;0;2;POVOADO;;CATITA DE BAIXO;0;SN     ;44 43 30.7200 W;19 32 58.2240 S;POVOADO CATITA DE BAIXO;3;35666000
31;39706;5;0;2;POVOADO;;CATITA DE BAIXO;0;SN     ;44 43 30.7200 W;19 32 58.2240 S;POVOADO CATITA DE BAIXO;1;35666000
31;39706;5;0;2;POVOADO;;CATITA DE BAIXO;0;SN     ;44 43 51.5100 W;19 32 33.0060 S;POVOADO CATITA DE BAIXO;3;35666000
31;39706;5;0;2;POVOADO;;CATITA DE BAIXO;0;SN     ;44 43 51.5100 W;19 32 33.0060 S;POVOADO CATITA DE BAIXO;1;35666000
31;39706;5;0;2;POVOADO;;CATITA DE BAIXO;98;SMS    ;44 44 51.0960 W;19 32 5.0760 S;POVOADO CATITA DE BAIXO;1;35666000
31;39706;5;0;2;POVOADO;;CATITA DE BAIXO;0;SN     ;44 44 20.7240 W;19 32 37.8240 S;POVOADO CATITA DE BAIXO;3;35666000
31;39706;5;0;2;POVOADO;;CATITA DE BAIXO;0;SN     ;44 44 20.7240 W;19 32 37.8240 S;POVOADO CATITA DE BAIXO;1;35666000
31;39706;5;0;2;REGIAO;;PICARRAO;12;SUS    ;44 44 45.5100 W;19 30 31.4100 S;PICARRAO;3;35666000
31;39706;5;0;2;REGIAO;;PICARRAO;12;SUS    ;44 44 45.5100 W;19 30 31.4100 S;PICARRAO;1;35666000
31;39706;5;0;2;REGIAO;;PICARRAO;13;SUS    ;44 44 36.2160 W;19 30 33.2460 S;PICARRAO;1;35666000
31;39706;5;0;2;REGIAO;;PICARRAO;0;SN     ;44 44 53.9760 W;19 30 39.3480 S;PICARRAO;1;35666000
31;39706;5;0;2;REGIAO;;PICARRAO;11;SUS    ;44 44 50.7600 W;19 30 28.3260 S;PICARRAO;1;35666000
31;39706;5;0;2;REGIAO;;PICARRAO;12;SUS    ;44 45 26.2620 W;19 31 46.0020 S;PICARRAO;3;35666000
31;39706;5;0;2;REGIAO;;PICARRAO;12;SUS    ;44 45 26.2620 W;19 31 46.0020 S;PICARRAO;1;35666000
31;39706;5;0;2;REGIAO;;PICARRAO;37;FNS    ;44 45 48.0360 W;19 31 16.4220 S;PICARRAO;3;35666000
31;39706;5;0;2;REGIAO;;PICARRAO;37;FNS    ;44 45 48.0360 W;19 31 16.4220 S;PICARRAO;1;35666000
31;39706;5;0;2;REGIAO;;PICARRAO;10;SUS    ;44 45 57.7200 W;19 31 11.8320 S;PICARRAO;1;35666000
31;39706;5;0;2;REGIAO;;PICARRAO;0;SN     ;44 46 2.6100 W;19 31 12.4560 S;PICARRAO;1;35666000
31;39706;5;0;2;REGIAO;;PICARRAO;8;FNS    ;44 46 10.8060 W;19 31 10.1700 S;PICARRAO;3;35666000
31;39706;5;0;2;REGIAO;;PICARRAO;8;FNS    ;44 46 10.8060 W;19 31 10.1700 S;PICARRAO;1;35666000
31;39706;5;0;2;REGIAO;;PICARRAO;0;SN     ;44 46 14.2020 W;19 31 6.3480 S;PICARRAO;1;35666000
31;39706;5;0;2;REGIAO;;PICARRAO;0;SN     ;44 46 43.0860 W;19 30 56.9700 S;PICARRAO;3;35666000
31;39706;5;0;2;REGIAO;;PICARRAO;0;SN     ;44 46 43.0860 W;19 30 56.9700 S;PICARRAO;1;35666000
31;39706;5;0;2;REGIAO;;PICARRAO;0;SN     ;44 44 54.1440 W;19 30 25.3680 S;PICARRAO;1;35666000
31;39706;5;0;2;REGIAO;;GAIA;0;SN     ;44 45 57.7500 W;19 32 38.2080 S;GAIA;3;35666000
31;39706;5;0;2;REGIAO;;GAIA;0;SN     ;44 45 57.7500 W;19 32 38.2080 S;GAIA;1;35666000
31;39706;5;0;2;REGIAO;;GAIA;0;SN     ;44 46 14.2620 W;19 32 29.1960 S;GAIA;1;35666000
31;39706;5;0;2;REGIAO;;GAIA;0;SN     ;44 46 14.2620 W;19 32 29.1960 S;GAIA;3;35666000
31;39706;5;0;2;POVOADO;;PITO ACESO;26;A      ;44 44 16.3740 W;19 33 45.5940 S;PITO ACESO;1;35666000
31;39706;5;0;2;POVOADO;;PITO ACESO;5;SUS    ;44 44 24.4680 W;19 33 49.8600 S;PITO ACESO;1;35666000
31;39706;5;0;2;POVOADO;;PITO ACESO;6;SUS    ;44 44 24.2160 W;19 33 51.4980 S;PITO ACESO;1;35666000
31;39706;5;0;2;POVOADO;;PITO ACESO;7;SUS    ;44 44 20.6580 W;19 33 49.7160 S;PITO ACESO;3;35666000
31;39706;5;0;2;POVOADO;;PITO ACESO;7;SUS    ;44 44 20.6580 W;19 33 49.7160 S;PITO ACESO;1;35666000
31;39706;5;0;2;POVOADO;;PITO ACESO;12;SUS    ;44 44 9.5160 W;19 34 27.5880 S;PITO ACESO;3;35666000
31;39706;5;0;2;POVOADO;;PITO ACESO;12;SUS    ;44 44 9.5160 W;19 34 27.5880 S;PITO ACESO;1;35666000
31;39706;5;0;2;POVOADO;;PITO ACESO;15;SUS    ;44 43 52.9080 W;19 34 24.6240 S;PITO ACESO;3;35666000
31;39706;5;0;2;POVOADO;;PITO ACESO;15;SUS    ;44 43 52.9080 W;19 34 24.6240 S;PITO ACESO;1;35666000
31;39706;5;0;2;POVOADO;;PITO ACESO;0;SN     ;44 43 49.1340 W;19 34 24.5460 S;PITO ACESO;1;35666000
31;39706;5;0;2;POVOADO;;PITO ACESO;0;SN     ;44 43 49.1340 W;19 34 24.5460 S;PITO ACESO;3;35666000
31;39706;5;0;2;POVOADO;;PITO ACESO;19;SUS    ;44 43 43.2240 W;19 35 49.7760 S;PITO ACESO;3;35666000
31;39706;5;0;2;POVOADO;;PITO ACESO;19;SUS    ;44 43 43.2240 W;19 35 49.7760 S;PITO ACESO;1;35666000
31;39706;5;0;2;POVOADO;;PITO ACESO;26;;44 44 32.4780 W;19 33 47.8560 S;PITO ACESO;3;35666000
31;39706;5;0;2;POVOADO;;PITO ACESO;26;;44 44 32.4780 W;19 33 47.8560 S;PITO ACESO;1;35666000
31;39706;5;0;2;POVOADO;;PITO ACESO;26;;44 44 38.3520 W;19 33 47.6760 S;PITO ACESO;7;35666000
31;39706;5;0;2;POVOADO;;PITO ACESO;1;SUS    ;44 44 34.3620 W;19 33 47.1180 S;PITO ACESO;1;35666000
31;39706;5;0;2;POVOADO;;PITO ACESO;28;;44 44 37.3980 W;19 33 49.1520 S;PITO ACESO;1;35666000
31;39706;5;0;2;POVOADO;;PITO ACESO;40;;44 44 36.1500 W;19 33 49.3320 S;PITO ACESO;6;35666000
31;39706;5;0;2;POVOADO;;PITO ACESO;74;;44 44 36.7080 W;19 33 49.3140 S;PITO ACESO;1;35666000
31;39706;5;0;2;POVOADO;;PITO ACESO;108;;44 44 39.0540 W;19 33 50.7480 S;PITO ACESO;1;35666000
31;39706;5;0;2;POVOADO;;PITO ACESO;140;;44 44 38.2980 W;19 33 50.0100 S;PITO ACESO;1;35666000
31;39706;5;0;2;POVOADO;;PITO ACESO;164;;44 44 40.2960 W;19 33 52.5600 S;PITO ACESO;3;35666000
31;39706;5;0;2;POVOADO;;PITO ACESO;164;;44 44 40.2960 W;19 33 52.5600 S;PITO ACESO;1;35666000
31;39706;5;0;2;POVOADO;;PITO ACESO;0;SN     ;44 44 39.4140 W;19 33 53.6580 S;PITO ACESO;6;35666000
31;39706;5;0;2;POVOADO;;PITO ACESO;230;;44 44 37.1040 W;19 33 51.5700 S;PITO ACESO;1;35666000
31;39706;5;0;2;POVOADO;;PITO ACESO;0;SN     ;44 44 38.7420 W;19 33 53.1240 S;PITO ACESO;6;35666000
31;39706;5;0;2;POVOADO;;PITO ACESO;0;SN     ;44 44 37.4400 W;19 33 51.1020 S;PITO ACESO;5;35666000
31;39706;5;0;2;POVOADO;;PITO ACESO;99;;44 44 36.9660 W;19 33 52.1880 S;PITO ACESO;1;35666000
31;39706;5;0;2;POVOADO;;PITO ACESO;28;;44 44 37.3980 W;19 33 49.1520 S;PITO ACESO;6;35666000
31;39706;5;0;2;POVOADO;;PITO ACESO;9;SUS    ;44 44 35.2680 W;19 33 52.3380 S;PITO ACESO;1;35666000
31;39706;5;0;2;POVOADO;;PITO ACESO;167;;44 44 34.7040 W;19 33 52.7340 S;PITO ACESO;3;35666000
31;39706;5;0;2;RUA;;ANTONIO MIGUEL;7;;44 44 21.7020 W;19 32 14.3280 S;CATITA;1;35666000
31;39706;5;0;2;RUA;;ANTONIO MIGUEL;1;B      ;44 44 19.0200 W;19 32 16.6380 S;CATITA;1;35666000
31;39706;5;0;2;POVOADO;;PITO ACESO;180;;44 44 35.2560 W;19 33 54.3480 S;PITO ACESO;1;35666000
31;39706;5;0;2;POVOADO;;PITO ACESO;58;;44 44 35.6280 W;19 33 57.3240 S;PITO ACESO;1;35666000
31;39706;5;0;2;POVOADO;;PITO ACESO;235;;44 44 33.9960 W;19 33 59.4840 S;PITO ACESO;1;35666000
31;39706;5;0;2;POVOADO;;PITO ACESO;15;SUS    ;44 44 35.0940 W;19 34 0.5340 S;PITO ACESO;1;35666000
31;39706;5;0;2;POVOADO;;PITO ACESO;0;SN     ;44 44 36.3360 W;19 33 58.8360 S;PITO ACESO;7;35666000
31;39706;5;0;2;POVOADO;;PITO ACESO;161;;44 44 36.0960 W;19 33 59.1840 S;PITO ACESO;1;35666000
31;39706;5;0;2;POVOADO;;PITO ACESO;149;;44 44 36.7980 W;19 33 57.1620 S;PITO ACESO;1;35666000
31;39706;5;0;2;POVOADO;;PITO ACESO;111;;44 44 36.5220 W;19 33 55.8600 S;PITO ACESO;1;35666000
31;39706;5;0;2;POVOADO;;PITO ACESO;20;SUS    ;44 44 36.6600 W;19 33 56.1420 S;PITO ACESO;1;35666000
31;39706;5;0;2;POVOADO;;PITO ACESO;58;;44 44 37.6260 W;19 33 55.3800 S;PITO ACESO;1;35666000
31;39706;5;0;2;POVOADO;;PITO ACESO;52;;44 44 38.0280 W;19 33 53.4540 S;PITO ACESO;1;35666000
31;39706;5;0;2;POVOADO;;PITO ACESO;46;;44 44 38.0100 W;19 33 53.3640 S;PITO ACESO;1;35666000
31;39706;5;0;2;POVOADO;;PITO ACESO;45;;44 44 37.1520 W;19 33 53.8680 S;PITO ACESO;1;35666000
31;39706;5;0;2;POVOADO;;PITO ACESO;45;;44 44 36.7440 W;19 33 54.4200 S;PITO ACESO;1;35666000
31;39706;5;0;2;POVOADO;;PITO ACESO;35;;44 44 40.6740 W;19 33 51.8640 S;PITO ACESO;1;35666000
31;39706;5;0;2;POVOADO;;PITO ACESO;154;;44 44 45.6360 W;19 33 51.6960 S;PITO ACESO;1;35666000
31;39706;5;0;2;POVOADO;;PITO ACESO;92;;44 44 47.0700 W;19 33 53.5380 S;PITO ACESO;1;35666000
31;39706;5;0;2;POVOADO;;PITO ACESO;37;SUS    ;44 44 49.3500 W;19 33 54.1320 S;PITO ACESO;1;35666000
31;39706;5;0;2;POVOADO;;PITO ACESO;225;;44 44 48.9000 W;19 33 55.3920 S;PITO ACESO;1;35666000
31;39706;5;0;2;POVOADO;;PITO ACESO;293;;44 44 50.6640 W;19 33 56.8200 S;PITO ACESO;1;35666000
31;39706;5;0;2;POVOADO;;PITO ACESO;275;;44 44 49.7040 W;19 33 55.8120 S;PITO ACESO;1;35666000
31;39706;5;0;2;POVOADO;;PITO ACESO;256;;44 44 49.4220 W;19 33 56.2920 S;PITO ACESO;3;35666000
31;39706;5;0;2;POVOADO;;PITO ACESO;256;;44 44 49.4220 W;19 33 56.2920 S;PITO ACESO;1;35666000
31;39706;5;0;2;POVOADO;;PITO ACESO;296;;44 44 52.0620 W;19 33 54.7860 S;PITO ACESO;1;35666000
31;39706;5;0;2;POVOADO;;PITO ACESO;0;SN     ;44 44 51.5760 W;19 34 3.1680 S;PITO ACESO;3;35666000
31;39706;5;0;2;POVOADO;;PITO ACESO;0;SN     ;44 44 51.5760 W;19 34 3.1680 S;PITO ACESO;1;35666000
31;39706;5;0;2;POVOADO;;PITO ACESO;55;;44 44 36.7200 W;19 33 50.9520 S;PITO ACESO;1;35666000
31;39706;5;0;2;POVOADO;;PITO ACESO;253;;44 44 35.5260 W;19 33 58.7160 S;PITO ACESO;1;35666000
31;39706;5;0;2;POVOADO;;PITO ACESO;287;;44 44 33.8820 W;19 34 1.4340 S;PITO ACESO;1;35666000
31;39706;5;0;2;POVOADO;;PITO ACESO;320;;44 44 56.4600 W;19 34 9.0840 S;PITO ACESO;1;35666000
31;39706;5;0;2;POVOADO;;PITO ACESO;0;SN     ;44 44 52.6980 W;19 34 7.8900 S;PITO ACESO;1;35666000
31;39706;5;0;2;POVOADO;;PITO ACESO;0;SN     ;44 45 10.8180 W;19 33 56.1960 S;PITO ACESO;3;35666000
31;39706;5;0;2;POVOADO;;PITO ACESO;0;SN     ;44 45 10.8180 W;19 33 56.1960 S;PITO ACESO;1;35666000
31;39706;5;0;2;POVOADO;;PITO ACESO;0;SN     ;44 44 33.5820 W;19 34 9.3240 S;PITO ACESO;3;35666000
31;39706;5;0;2;POVOADO;;PITO ACESO;2;FNS    ;44 45 2.1900 W;19 34 11.8920 S;PITO ACESO;3;35666000
31;39706;5;0;2;POVOADO;;PITO ACESO;3;SUS    ;44 44 59.6400 W;19 34 31.6500 S;PITO ACESO;1;35666000
31;39706;5;0;2;POVOADO;;PITO ACESO;3;SUS    ;44 44 59.6400 W;19 34 31.6500 S;PITO ACESO;3;35666000
31;39706;5;0;2;POVOADO;;PITO ACESO;20;FNS    ;44 44 19.0560 W;19 35 16.3740 S;PITO ACESO;3;35666000
31;39706;5;0;2;POVOADO;;PITO ACESO;20;FNS    ;44 44 19.0560 W;19 35 16.3740 S;PITO ACESO;1;35666000
31;39706;5;0;2;POVOADO;;PITO ACESO;0;SN     ;44 43 33.5700 W;19 35 31.4460 S;PITO ACESO;3;35666000
31;39706;5;0;2;POVOADO;;PITO ACESO;17;SUS    ;44 43 57.3240 W;19 34 29.7120 S;PITO ACESO;3;35666000
31;39706;5;0;2;POVOADO;;PITO ACESO;17;SUS    ;44 43 57.3240 W;19 34 29.7120 S;PITO ACESO;1;35666000
31;39706;5;0;2;POVOADO;;PITO ACESO;13;SUS    ;44 44 5.4000 W;19 34 38.9520 S;PITO ACESO;3;35666000
31;39706;5;0;2;POVOADO;;PITO ACESO;13;SUS    ;44 44 5.4000 W;19 34 38.9520 S;PITO ACESO;1;35666000
31;39706;5;0;2;POVOADO;;PITO ACESO;10;SUS    ;44 44 11.6040 W;19 34 13.7280 S;PITO ACESO;3;35666000
31;39706;5;0;2;POVOADO;;PITO ACESO;10;SUS    ;44 44 11.6040 W;19 34 13.7280 S;PITO ACESO;1;35666000
31;39706;5;0;2;POVOADO;;PITO ACESO;0;SN     ;44 45 23.5500 W;19 32 33.0840 S;PITO ACESO;1;35666000
31;39706;5;0;2;POVOADO;;PITO ACESO;0;SN     ;44 45 23.5500 W;19 32 33.0840 S;PITO ACESO;3;35666000
31;39706;5;0;2;POVOADO;;PITO ACESO;53;SUS    ;44 44 39.3960 W;19 34 2.7000 S;PITO ACESO;1;35666000
31;39706;5;0;2;POVOADO;;PITO ACESO;323;;44 44 33.5760 W;19 34 2.3880 S;PITO ACESO;1;35666000
31;39706;5;0;2;POVOADO;;PITO ACESO;215;;44 44 36.6600 W;19 33 58.7460 S;PITO ACESO;1;35666000
31;39706;5;0;2;POVOADO;;PITO ACESO;2;FNS    ;44 45 2.1900 W;19 34 11.8920 S;PITO ACESO;2;35666000
31;39706;5;0;2;POVOADO;;PITO ACESO;0;SN     ;44 44 33.5820 W;19 34 9.3240 S;PITO ACESO;1;35666000
31;39706;5;0;2;POVOADO;;PITO ACESO;184;;44 44 47.2440 W;19 33 53.1000 S;PITO ACESO;1;35666000
31;39706;5;0;2;POVOADO;;PITO ACESO;0;SN     ;44 44 39.1680 W;19 33 50.7660 S;PITO ACESO;1;35666000
31;39706;5;0;2;POVOADO;;PITO ACESO;180;;44 44 40.5840 W;19 33 52.8480 S;PITO ACESO;1;35666000
31;39706;5;0;2;POVOADO;;CATITA DO MEIO;0;SN     ;44 44 27.4740 W;19 33 0.1320 S;CATITA DO MEIO;7;35666000
31;39706;5;0;2;POVOADO;;CATITA DO MEIO;112;FNS    ;44 44 38.6940 W;19 33 14.8260 S;CATITA DO MEIO;1;35666000
31;39706;5;0;2;POVOADO;;CATITA DO MEIO;0;SN     ;44 44 41.2020 W;19 33 7.7520 S;CATITA DO MEIO;3;35666000
31;39706;5;0;2;POVOADO;;CATITA DO MEIO;116;FNS    ;44 44 37.9320 W;19 33 12.3780 S;CATITA DO MEIO;6;35666000
31;39706;5;0;2;POVOADO;;CATITA DO MEIO;28;FNS    ;44 44 39.9480 W;19 33 16.5360 S;CATITA DO MEIO;3;35666000
31;39706;5;0;2;POVOADO;;CATITA DO MEIO;28;FNS    ;44 44 39.9480 W;19 33 16.5360 S;CATITA DO MEIO;1;35666000
31;39706;5;0;2;REGIAO;;ALTO PAIOL;3;SMS    ;44 45 49.6860 W;19 30 38.4900 S;ALTO PAIOL;1;35666000
31;39706;5;0;2;REGIAO;;ALTO PAIOL;2;SMS    ;44 45 47.7600 W;19 30 37.6020 S;ALTO PAIOL;3;35666000
31;39706;5;0;2;POVOADO;;CATITA DO MEIO;13;FNS    ;44 44 38.3760 W;19 33 19.8720 S;CATITA DO MEIO;1;35666000
31;39706;5;0;2;POVOADO;;CATITA DO MEIO;27;FNS    ;44 44 33.8160 W;19 33 18.8340 S;CATITA DO MEIO;1;35666000
31;39706;5;0;2;POVOADO;;CATITA DO MEIO;169;FNS    ;44 44 40.1520 W;19 33 26.2500 S;CATITA DO MEIO;6;35666000
31;39706;5;0;2;POVOADO;;CATITA DO MEIO;169;FNS    ;44 44 40.1520 W;19 33 26.2500 S;CATITA DO MEIO;1;35666000
31;39706;5;0;2;POVOADO;;CATITA DO MEIO;359;;44 44 38.1420 W;19 33 23.7720 S;CATITA DO MEIO;1;35666000
31;39706;5;0;2;POVOADO;;CATITA DO MEIO;367;;44 44 36.9000 W;19 33 23.4480 S;CATITA DO MEIO;1;35666000
31;39706;5;0;2;POVOADO;;CATITA DO MEIO;385;;44 44 37.3620 W;19 33 24.5220 S;CATITA DO MEIO;1;35666000
31;39706;5;0;2;POVOADO;;CATITA DO MEIO;385;;44 44 37.7040 W;19 33 24.6540 S;CATITA DO MEIO;1;35666000
31;39706;5;0;2;POVOADO;;CATITA DO MEIO;387;;44 44 36.0960 W;19 33 21.8220 S;CATITA DO MEIO;3;35666000
31;39706;5;0;2;POVOADO;;CATITA DO MEIO;387;;44 44 36.0960 W;19 33 21.8220 S;CATITA DO MEIO;1;35666000
31;39706;5;0;2;POVOADO;;CATITA DO MEIO;379;;44 44 37.5180 W;19 33 25.4700 S;CATITA DO MEIO;7;35666000
31;39706;5;0;2;POVOADO;;CATITA DO MEIO;477;;44 44 34.2480 W;19 33 23.7660 S;CATITA DO MEIO;1;35666000
31;39706;5;0;2;POVOADO;;CATITA DO MEIO;480;;44 44 32.8020 W;19 33 23.0160 S;CATITA DO MEIO;1;35666000
31;39706;5;0;2;POVOADO;;CATITA DO MEIO;487;;44 44 34.3380 W;19 33 24.5400 S;CATITA DO MEIO;1;35666000
31;39706;5;0;2;POVOADO;;CATITA DO MEIO;555;;44 44 34.2360 W;19 33 24.6180 S;CATITA DO MEIO;1;35666000
31;39706;5;0;2;POVOADO;;CATITA DO MEIO;575;;44 44 33.3780 W;19 33 25.6980 S;CATITA DO MEIO;1;35666000
31;39706;5;0;2;POVOADO;;CATITA DO MEIO;537;;44 44 34.5480 W;19 33 27.6660 S;CATITA DO MEIO;1;35666000
31;39706;5;0;2;POVOADO;;CATITA DO MEIO;537;;44 44 35.8800 W;19 33 27.3420 S;CATITA DO MEIO;1;35666000
31;39706;5;0;2;POVOADO;;CATITA DO MEIO;570;;44 44 30.4260 W;19 33 27.0780 S;CATITA DO MEIO;1;35666000
31;39706;5;0;2;POVOADO;;CATITA DO MEIO;0;SN     ;44 44 38.1180 W;19 33 29.9880 S;CATITA DO MEIO;1;35666000
31;39706;5;0;2;POVOADO;;CATITA DO MEIO;514;;44 44 33.8940 W;19 33 27.4740 S;CATITA DO MEIO;3;35666000
31;39706;5;0;2;POVOADO;;CATITA DO MEIO;514;;44 44 33.8940 W;19 33 27.4740 S;CATITA DO MEIO;1;35666000
31;39706;5;0;2;POVOADO;;CATITA DO MEIO;130;;44 44 38.2560 W;19 33 27.0660 S;CATITA DO MEIO;5;35666000
31;39706;5;0;2;POVOADO;;CATITA DO MEIO;334;;44 44 47.2320 W;19 33 29.9640 S;CATITA DO MEIO;1;35666000
31;39706;5;0;2;POVOADO;;CATITA DO MEIO;0;SN     ;44 44 49.1340 W;19 33 33.5520 S;CATITA DO MEIO;1;35666000
31;39706;5;0;2;POVOADO;;CATITA DO MEIO;0;SN     ;44 44 39.5700 W;19 33 28.8720 S;CATITA DO MEIO;3;35666000
31;39706;5;0;2;POVOADO;;CATITA DO MEIO;0;SN     ;44 44 39.5700 W;19 33 28.8720 S;CATITA DO MEIO;1;35666000
31;39706;5;0;2;POVOADO;;CATITA DO MEIO;12;FNS    ;44 44 47.4180 W;19 33 15.0120 S;CATITA DO MEIO;3;35666000
31;39706;5;0;2;POVOADO;;CATITA DO MEIO;12;FNS    ;44 44 47.4180 W;19 33 15.0120 S;CATITA DO MEIO;1;35666000
31;39706;5;0;2;POVOADO;;CATITA DO MEIO;100;SMS    ;44 44 47.8800 W;19 32 32.9040 S;CATITA DE BAIXO;3;35666000
31;39706;5;0;2;POVOADO;;CATITA DO MEIO;100;SMS    ;44 44 47.8800 W;19 32 32.9040 S;CATITA DE BAIXO;1;35666000
31;39706;5;0;2;POVOADO;;CATITA DO MEIO;91;SUS    ;44 44 37.3080 W;19 32 7.2420 S;CATITA DE BAIXO;3;35666000
31;39706;5;0;2;POVOADO;;CATITA DO MEIO;91;SUS    ;44 44 37.3080 W;19 32 7.2420 S;CATITA DE BAIXO;1;35666000
31;39706;5;0;2;POVOADO;;CATITA DO MEIO;0;SN     ;44 44 39.5820 W;19 31 55.1640 S;CATITA DE BAIXO;3;35666000
31;39706;5;0;2;POVOADO;;CATITA DO MEIO;0;SN     ;44 44 39.5820 W;19 31 55.1640 S;CATITA DE BAIXO;1;35666000
31;39706;5;0;2;POVOADO;;CATITA DO MEIO;0;SN     ;44 44 31.6080 W;19 32 0.3120 S;CATITA DE BAIXO;3;35666000
31;39706;5;0;2;POVOADO;;CATITA DO MEIO;0;SN     ;44 44 31.6080 W;19 32 0.3120 S;CATITA DE BAIXO;1;35666000
31;39706;5;0;2;POVOADO;;CATITA DO MEIO;0;SN     ;44 44 36.5460 W;19 33 10.6140 S;CATITA DO MEIO;1;35666000
31;39706;5;0;2;POVOADO;;CATITA DO MEIO;0;SN     ;44 44 40.5060 W;19 33 27.1200 S;CATITA DO MEIO;1;35666000
31;39706;5;0;2;ESTRADA;;PITO ACESO;82;FNS    ;44 43 19.4040 W;19 33 27.9720 S;SAO JOSE DE CHACARA;1;35666000
31;39706;5;0;2;ESTRADA;;PITO ACESO;12;SUS    ;44 43 34.8780 W;19 33 35.7600 S;SAO JOSE DE CHACARA;3;35666000
31;39706;5;0;2;ESTRADA;;PITO ACESO;12;SUS    ;44 43 34.8780 W;19 33 35.7600 S;SAO JOSE DE CHACARA;1;35666000
31;39706;5;0;2;ESTRADA;;PITO ACESO;2;FNS    ;44 43 31.8120 W;19 34 3.6240 S;SAO JOSE DE CHACARA;3;35666000
31;39706;5;0;2;ESTRADA;;PITO ACESO;2;FNS    ;44 43 31.8120 W;19 34 3.6240 S;SAO JOSE DE CHACARA;1;35666000
31;39706;5;0;2;ESTRADA;;PITO ACESO;7;FNS    ;44 44 8.9400 W;19 33 56.4360 S;SAO JOSE DE CHACARA;3;35666000
31;39706;5;0;2;ESTRADA;;PITO ACESO;7;FNS    ;44 44 8.9400 W;19 33 56.4360 S;SAO JOSE DE CHACARA;6;35666000
31;39706;5;0;2;ESTRADA;;PITO ACESO;7;FNS    ;44 44 8.9400 W;19 33 56.4360 S;SAO JOSE DE CHACARA;1;35666000
31;39706;5;0;2;ESTRADA;;PITO ACESO;9;FNS    ;44 44 7.9680 W;19 34 1.6740 S;SAO JOSE DE CHACARA;1;35666000
31;39706;5;0;2;ESTRADA;;PITO ACESO;0;SN     ;44 44 11.1480 W;19 33 59.3820 S;SAO JOSE DE CHACARA;1;35666000
31;39706;5;0;2;ESTRADA;;PITO ACESO;5;FNS    ;44 43 29.9280 W;19 33 26.0760 S;SAO JOSE DE CHACARA;1;35666000
31;39706;5;0;2;ESTRADA;;PITO ACESO;5;FNS    ;44 43 29.9280 W;19 33 26.0760 S;SAO JOSE DE CHACARA;3;35666000
31;39706;5;0;2;ESTRADA;;PITO ACESO;1;SUS    ;44 43 33.2280 W;19 33 34.3860 S;SAO JOSE DE CHACARA;1;35666000
31;39706;5;0;2;ESTRADA;;PITO ACESO;0;SN     ;44 43 57.8220 W;19 33 50.3400 S;SAO JOSE DE CHACARA;1;35666000
31;39706;5;0;2;RODOVIA;;MG 060;0;SN     ;44 41 0.9180 W;19 31 37.9020 S;SAPECADO;3;35666000
31;39706;5;0;2;RODOVIA;;MG 060;0;SN     ;44 40 48.8940 W;19 31 36.9780 S;SAPECADO;1;35666000
31;39706;5;0;2;RODOVIA;;MG 060;0;SN     ;44 40 48.8940 W;19 31 36.9780 S;SAPECADO;3;35666000
31;39706;5;0;2;RODOVIA;;MG 060;0;SN     ;44 40 46.7640 W;19 31 41.9760 S;SAPECADO;3;35666000
31;39706;5;0;2;RODOVIA;;MG 060;0;SN     ;44 40 46.7640 W;19 31 41.9760 S;SAPECADO;1;35666000
31;39706;5;0;2;RODOVIA;;MG 060;21;FNS    ;44 40 48.6780 W;19 31 45.6780 S;SAPECADO;3;35666000
31;39706;5;0;2;RODOVIA;;MG 060;21;FNS    ;44 40 48.6780 W;19 31 45.6780 S;SAPECADO;1;35666000
31;39706;5;0;2;RODOVIA;;MG 060;6;SUS    ;44 40 42.4140 W;19 31 42.8100 S;SAPECADO;1;35666000
31;39706;5;0;2;RODOVIA;;MG 060;6;SUS    ;44 40 42.4140 W;19 31 42.8100 S;SAPECADO;3;35666000
31;39706;5;0;2;POVOADO;;PITO ACESO;167;;44 44 34.7040 W;19 33 52.7340 S;PITO ACESO;1;35666000
31;39706;5;0;2;POVOADO;;PITO ACESO;24;SUS    ;44 44 39.9600 W;19 33 55.4340 S;PITO ACESO;1;35666000
31;39706;5;0;2;RODOVIA;;MG 060;0;SN     ;44 40 36.9900 W;19 31 57.2220 S;SAPECADO;1;35666000
31;39706;5;0;2;RODOVIA;;MG 060;0;SN     ;44 40 31.0200 W;19 31 57.7380 S;SAPECADO;7;35666000
31;39706;5;0;2;RODOVIA;;MG 060;13;SUS    ;44 40 12.8340 W;19 32 16.7880 S;SAPECADO;1;35666000
31;39706;5;0;2;RODOVIA;;MG 060;0;SN     ;44 40 9.1200 W;19 32 23.7660 S;SAPECADO;1;35666000
31;39706;5;0;2;RODOVIA;;MG 060;0;SN     ;44 40 9.1200 W;19 32 23.7660 S;SAPECADO;3;35666000
31;39706;5;0;2;RODOVIA;;MG 060;14;SUS    ;44 40 2.4540 W;19 31 55.7160 S;SAPECADO;1;35666000
31;39706;5;0;2;RODOVIA;;MG 060;0;SN     ;44 40 5.0760 W;19 32 7.6320 S;SAPECADO;3;35666000
31;39706;5;0;2;RODOVIA;;MG 060;0;SN     ;44 40 5.0760 W;19 32 7.6320 S;SAPECADO;1;35666000
31;39706;5;0;2;RODOVIA;;MG 060;0;SN     ;44 39 20.3280 W;19 32 33.7020 S;SAPECADO;1;35666000
31;39706;5;0;2;RODOVIA;;MG 060;12;FNS    ;44 39 39.3060 W;19 32 50.4960 S;SAPECADO;3;35666000
31;39706;5;0;2;RODOVIA;;MG 060;12;FNS    ;44 39 39.3060 W;19 32 50.4960 S;SAPECADO;1;35666000
31;39706;5;0;2;RODOVIA;;MG 060;14;FUNASA ;44 39 59.2680 W;19 32 50.7600 S;SAPECADO;1;35666000
31;39706;5;0;2;RODOVIA;;MG 060;14;FUNASA ;44 40 0.1200 W;19 32 50.4480 S;SAPECADO;7;35666000
31;39706;5;0;2;RODOVIA;;MG 060;14;FUNASA ;44 39 59.4120 W;19 32 50.5920 S;SAPECADO;1;35666000
31;39706;5;0;2;RODOVIA;;MG 060;14;FUNASA ;44 39 59.2680 W;19 32 50.7600 S;SAPECADO;3;35666000
31;39706;5;0;2;RODOVIA;;MG 060;15;FUNASA ;44 40 17.9400 W;19 32 49.3980 S;SAPECADO;3;35666000
31;39706;5;0;2;RODOVIA;;MG 060;15;FUNASA ;44 40 17.9400 W;19 32 49.3980 S;SAPECADO;1;35666000
31;39706;5;0;2;RODOVIA;;MG 060;0;SN     ;44 39 42.8100 W;19 32 54.3900 S;SAPECADO;3;35666000
31;39706;5;0;2;RODOVIA;;MG 060;10;FUNASA ;44 40 33.5820 W;19 32 7.0800 S;SAPECADO;3;35666000
31;39706;5;0;2;RODOVIA;;MG 060;10;FUNASA ;44 40 33.5820 W;19 32 7.0800 S;SAPECADO;1;35666000
31;39706;5;0;2;RODOVIA;;MG 060;0;SN     ;44 40 38.2560 W;19 31 52.6620 S;SAPECADO;7;35666000
31;39706;5;0;2;RODOVIA;;MG 060;0;SN     ;44 39 55.5600 W;19 32 21.6900 S;SAPECADO;3;35666000
31;39706;5;0;2;RODOVIA;;MG 060;0;SN     ;44 39 1.6320 W;19 32 54.6000 S;SAPECADO;3;35666000
31;39706;5;0;2;RODOVIA;;MG 060;0;SN     ;44 39 1.6320 W;19 32 54.6000 S;SAPECADO;1;35666000
31;39706;5;0;2;RODOVIA;;MG 060;0;SN     ;44 39 2.3820 W;19 32 56.6580 S;SAPECADO;1;35666000
31;39706;5;0;2;RODOVIA;;MG 060;0;SN     ;44 39 3.2220 W;19 32 50.5980 S;SAPECADO;1;35666000
31;39706;5;0;2;RODOVIA;;MG 060;1;SUS    ;44 41 22.0260 W;19 30 44.7660 S;SAPECADO;3;35666000
31;39706;5;0;2;RODOVIA;;MG 060;1;SUS    ;44 41 22.0260 W;19 30 44.7660 S;SAPECADO;1;35666000
31;39706;5;0;2;RODOVIA;;MG 060;0;SN     ;44 42 0.9600 W;19 30 41.6940 S;SAPECADO;3;35666000
31;39706;5;0;2;RODOVIA;;MG 060;0;SN     ;44 42 0.9600 W;19 30 41.6940 S;SAPECADO;1;35666000
31;39706;5;0;2;RODOVIA;;MG 060;0;SN     ;44 39 57.9180 W;19 32 5.7120 S;SAPECADO;1;35666000
31;39706;5;0;2;RODOVIA;;MG 060;0;SN     ;44 39 34.9140 W;19 32 51.1380 S;SAPECADO;1;35666000
31;39706;5;0;2;POVOADO;;VARZEA DA VENDA;123;;44 44 8.1360 W;19 31 37.8960 S;VARZEA DA VENDA;3;35666000
31;39706;5;0;2;POVOADO;;VARZEA DA VENDA;123;;44 44 8.1360 W;19 31 37.8960 S;VARZEA DA VENDA;1;35666000
31;39706;5;0;2;POVOADO;;VARZEA DA VENDA;175;;44 44 7.9680 W;19 31 36.5940 S;VARZEA DA VENDA;1;35666000
31;39706;5;0;2;POVOADO;;VARZEA DA VENDA;175;;44 44 10.6200 W;19 31 33.3600 S;VARZEA DA VENDA;1;35666000
31;39706;5;0;2;POVOADO;;VARZEA DA VENDA;0;SN     ;44 44 9.2460 W;19 31 32.3100 S;VARZEA DA VENDA;7;35666000
31;39706;5;0;2;POVOADO;;VARZEA DA VENDA;474;;44 44 6.3360 W;19 31 41.7480 S;VARZEA DA VENDA;1;35666000
31;39706;5;0;2;POVOADO;;VARZEA DA VENDA;408;;44 44 10.1760 W;19 31 44.5020 S;VARZEA DA VENDA;1;35666000
31;39706;5;0;2;POVOADO;;VARZEA DA VENDA;305;;44 44 12.3420 W;19 31 43.3200 S;VARZEA DA VENDA;1;35666000
31;39706;5;0;2;POVOADO;;VARZEA DA VENDA;289;;44 44 12.0960 W;19 31 43.2660 S;VARZEA DA VENDA;1;35666000
31;39706;5;0;2;POVOADO;;VARZEA DA VENDA;284;;44 44 12.8460 W;19 31 43.2120 S;VARZEA DA VENDA;1;35666000
31;39706;5;0;2;POVOADO;;VARZEA DA VENDA;239;;44 44 13.0560 W;19 31 44.4660 S;VARZEA DA VENDA;6;35666000
31;39706;5;0;2;POVOADO;;VARZEA DA VENDA;239;;44 44 13.0560 W;19 31 44.4660 S;VARZEA DA VENDA;1;35666000
31;39706;5;0;2;POVOADO;;VARZEA DA VENDA;385;;44 44 8.9580 W;19 31 41.3820 S;VARZEA DA VENDA;1;35666000
31;39706;5;0;2;POVOADO;;VARZEA DA VENDA;58;;44 44 11.8560 W;19 31 53.0400 S;VARZEA DA VENDA;3;35666000
31;39706;5;0;2;POVOADO;;VARZEA DA VENDA;58;;44 44 11.8560 W;19 31 53.0400 S;VARZEA DA VENDA;1;35666000
31;39706;5;0;2;POVOADO;;VARZEA DA VENDA;2;;44 44 13.9740 W;19 31 52.5900 S;VARZEA DA VENDA;3;35666000
31;39706;5;0;2;POVOADO;;VARZEA DA VENDA;2;;44 44 13.9740 W;19 31 52.5900 S;VARZEA DA VENDA;1;35666000
31;39706;5;0;2;POVOADO;;VARZEA DA VENDA;1;;44 44 13.8780 W;19 31 54.5760 S;VARZEA DA VENDA;1;35666000
31;39706;5;0;2;POVOADO;;VARZEA DA VENDA;38;;44 44 16.5540 W;19 31 53.3160 S;VARZEA DA VENDA;3;35666000
31;39706;5;0;2;POVOADO;;VARZEA DA VENDA;38;;44 44 16.5540 W;19 31 53.3160 S;VARZEA DA VENDA;1;35666000
31;39706;5;0;2;POVOADO;;VARZEA DA VENDA;52;;44 44 15.5160 W;19 31 54.0900 S;VARZEA DA VENDA;1;35666000
31;39706;5;0;2;POVOADO;;VARZEA DA VENDA;43;;44 44 8.2320 W;19 31 49.7460 S;VARZEA DA VENDA;1;35666000
31;39706;5;0;2;POVOADO;;VARZEA DA VENDA;64;;44 44 13.5720 W;19 31 52.0620 S;VARZEA DA VENDA;1;35666000
31;39706;5;0;2;POVOADO;;VARZEA DA VENDA;72;;44 44 17.5440 W;19 31 55.2060 S;VARZEA DA VENDA;1;35666000
31;39706;5;0;2;POVOADO;;VARZEA DA VENDA;0;SN     ;44 44 16.1340 W;19 31 55.5600 S;VARZEA DA VENDA;7;35666000
31;39706;5;0;2;POVOADO;;VARZEA DA VENDA;83;;44 44 15.2580 W;19 31 55.2240 S;VARZEA DA VENDA;1;35666000
31;39706;5;0;2;POVOADO;;VARZEA DA VENDA;83;;44 44 16.2420 W;19 31 55.9680 S;VARZEA DA VENDA;1;35666000
31;39706;5;0;2;POVOADO;;VARZEA DA VENDA;2;;44 44 14.5440 W;19 31 53.5320 S;VARZEA DA VENDA;1;35666000
31;39706;5;0;2;POVOADO;;VARZEA DA VENDA;0;SN     ;44 44 11.6820 W;19 31 53.7720 S;VARZEA DA VENDA;7;35666000
31;39706;5;0;2;POVOADO;;VARZEA DA VENDA;15;;44 44 14.0820 W;19 31 54.5100 S;VARZEA DA VENDA;1;35666000
31;39706;5;0;2;POVOADO;;CATITA DO MEIO;0;SN     ;44 44 39.7320 W;19 33 17.9940 S;CATITA DO MEIO;7;35666000
31;39706;5;0;2;POVOADO;;CATITA DO MEIO;4;FNS    ;44 44 38.9460 W;19 33 18.3120 S;CATITA DO MEIO;1;35666000
31;39706;5;0;2;POVOADO;;VARZEA DA VENDA;162;;44 44 19.4460 W;19 31 56.2380 S;VARZEA DA VENDA;3;35666000
31;39706;5;0;2;POVOADO;;VARZEA DA VENDA;80;;44 44 17.3400 W;19 31 55.6080 S;VARZEA DA VENDA;1;35666000
31;39706;5;0;2;POVOADO;;VARZEA DA VENDA;109;;44 44 16.2480 W;19 31 56.9220 S;VARZEA DA VENDA;1;35666000
31;39706;5;0;2;POVOADO;;VARZEA DA VENDA;175;;44 44 16.9800 W;19 31 57.3060 S;VARZEA DA VENDA;1;35666000
31;39706;5;0;2;POVOADO;;VARZEA DA VENDA;0;SN     ;44 44 18.1860 W;19 31 57.0000 S;VARZEA DA VENDA;1;35666000
31;39706;5;0;2;POVOADO;;VARZEA DA VENDA;91;;44 44 17.6220 W;19 31 58.3080 S;VARZEA DA VENDA;1;35666000
31;39706;5;0;2;POVOADO;;VARZEA DA VENDA;212;;44 44 19.9740 W;19 31 57.8280 S;VARZEA DA VENDA;1;35666000
31;39706;5;0;2;POVOADO;;VARZEA DA VENDA;47;FNS    ;44 44 27.1800 W;19 31 55.7160 S;VARZEA DA VENDA;3;35666000
31;39706;5;0;2;POVOADO;;VARZEA DA VENDA;47;FNS    ;44 44 27.1800 W;19 31 55.7160 S;VARZEA DA VENDA;1;35666000
31;39706;5;0;2;POVOADO;;VARZEA DA VENDA;457;A      ;44 44 35.7420 W;19 33 24.9240 S;VARZEA DA VENDA;1;35666000
31;39706;5;0;2;POVOADO;;VARZEA DA VENDA;356;;44 44 35.6580 W;19 33 25.1580 S;VARZEA DA VENDA;1;35666000
31;39706;5;0;2;POVOADO;;VARZEA DA VENDA;293;;44 44 37.8300 W;19 33 26.2500 S;VARZEA DA VENDA;1;35666000
31;39706;5;0;2;POVOADO;;VARZEA DA VENDA;279;;44 44 41.8680 W;19 33 28.3320 S;VARZEA DA VENDA;1;35666000
31;39706;5;0;2;POVOADO;;VARZEA DA VENDA;203;A      ;44 44 39.3600 W;19 33 25.6200 S;VARZEA DA VENDA;1;35666000
31;39706;5;0;2;POVOADO;;VARZEA DA VENDA;203;;44 44 38.6700 W;19 33 22.4460 S;VARZEA DA VENDA;1;35666000
31;39706;5;0;2;POVOADO;;VARZEA DA VENDA;148;;44 44 39.2160 W;19 33 22.7640 S;VARZEA DA VENDA;1;35666000
31;39706;5;0;2;POVOADO;;VARZEA DA VENDA;0;SN     ;44 44 36.2700 W;19 33 26.7060 S;VARZEA DA VENDA;6;35666000
31;39706;5;0;2;POVOADO;;VARZEA DA VENDA;19;FNS    ;44 44 18.4080 W;19 31 49.2300 S;VARZEA DA VENDA;3;35666000
31;39706;5;0;2;POVOADO;;VARZEA DA VENDA;19;FNS    ;44 44 18.4080 W;19 31 49.2300 S;VARZEA DA VENDA;1;35666000
31;39706;5;0;2;POVOADO;;VARZEA DA VENDA;434;;44 44 8.6340 W;19 31 42.2100 S;VARZEA DA VENDA;1;35666000
31;39706;5;0;2;POVOADO;;VARZEA DA VENDA;5;SUS    ;44 44 17.7780 W;19 31 33.9240 S;VARZEA DA VENDA;3;35666000
31;39706;5;0;2;POVOADO;;VARZEA DA VENDA;5;SUS    ;44 44 17.7780 W;19 31 33.9240 S;VARZEA DA VENDA;1;35666000
31;39706;5;0;2;POVOADO;;VARZEA DA VENDA;2;SUS    ;44 43 58.2240 W;19 31 47.9100 S;VARZEA DA VENDA;3;35666000
31;39706;5;0;2;POVOADO;;VARZEA DA VENDA;2;SUS    ;44 43 58.2240 W;19 31 47.9100 S;VARZEA DA VENDA;1;35666000
31;39706;5;0;2;POVOADO;;VARZEA DA VENDA;202;;44 44 18.2760 W;19 31 57.4260 S;VARZEA DA VENDA;1;35666000
31;39706;5;0;2;POVOADO;;VARZEA DA VENDA;111;;44 44 16.6440 W;19 31 56.1660 S;VARZEA DA VENDA;3;35666000
31;39706;5;0;2;POVOADO;;VARZEA DA VENDA;111;;44 44 16.6440 W;19 31 56.1660 S;VARZEA DA VENDA;1;35666000
31;39706;5;0;2;POVOADO;;VARZEA DA VENDA;15;;44 44 14.4360 W;19 31 54.2640 S;VARZEA DA VENDA;1;35666000
31;39706;5;0;2;POVOADO;;VARZEA DA VENDA;0;SN     ;44 44 14.0460 W;19 31 51.4020 S;VARZEA DA VENDA;1;35666000
31;39706;5;0;2;POVOADO;;VARZEA DA VENDA;203;B      ;44 44 37.6680 W;19 33 24.3600 S;VARZEA DA VENDA;1;35666000
31;39706;5;0;2;POVOADO;;VARZEA DA VENDA;399;;44 44 32.5920 W;19 34 2.7060 S;VARZEA DA VENDA;1;35666000
31;39706;5;0;2;POVOADO;;VARZEA DA VENDA;435;;44 44 11.7840 W;19 31 41.7660 S;VARZEA DA VENDA;1;35666000
31;39706;5;0;2;POVOADO;;VARZEA DA VENDA;10;FNS    ;44 44 4.6260 W;19 31 39.7260 S;VARZEA DA VENDA;1;35666000
31;39706;5;0;2;POVOADO;;VARZEA DA VENDA;385;;44 44 10.5180 W;19 31 41.0160 S;VARZEA DA VENDA;1;35666000
31;39706;5;0;2;FAZENDA;;CACHOEIRINHA;1;FUNASA ;44 41 27.5520 W;19 32 15.5820 S;CACHOEIRINHA;1;35666000
31;39706;5;0;2;FAZENDA;;CACHOEIRINHA;1;FUNASA ;44 41 27.5520 W;19 32 15.5820 S;CACHOEIRINHA;3;35666000
31;39706;5;0;2;FAZENDA;;CACHOEIRINHA;2;FUNASA ;44 41 2.8020 W;19 32 44.7900 S;CACHOEIRINHA;1;35666000
31;39706;5;0;2;FAZENDA;;CACHOEIRINHA;2;FUNASA ;44 41 2.8020 W;19 32 44.7900 S;CACHOEIRINHA;3;35666000
31;39706;5;0;2;FAZENDA;;CACHOEIRINHA;3;FNS    ;44 41 30.9120 W;19 33 20.2560 S;CACHOEIRINHA;3;35666000
31;39706;5;0;2;FAZENDA;;CACHOEIRINHA;3;FNS    ;44 41 30.9120 W;19 33 20.2560 S;CACHOEIRINHA;1;35666000
31;39706;5;0;2;FAZENDA;;CACHOEIRINHA;0;SN     ;44 41 54.5640 W;19 33 22.2540 S;CACHOEIRINHA;1;35666000
31;39706;5;0;2;FAZENDA;;CACHOEIRINHA;113;SUS    ;44 42 32.7900 W;19 33 30.1260 S;CACHOEIRINHA;3;35666000
31;39706;5;0;2;FAZENDA;;CACHOEIRINHA;113;SUS    ;44 42 32.7900 W;19 33 30.1260 S;CACHOEIRINHA;1;35666000
31;39706;5;0;2;FAZENDA;;CACHOEIRINHA;0;SN     ;44 42 16.6980 W;19 33 40.3560 S;CACHOEIRINHA;1;35666000
31;39706;5;0;2;FAZENDA;;CACHOEIRINHA;0;SN     ;44 41 48.2040 W;19 33 5.1540 S;CACHOEIRINHA;3;35666000
31;39706;5;0;2;FAZENDA;;CACHOEIRINHA;0;SN     ;44 41 48.2040 W;19 33 5.1540 S;CACHOEIRINHA;1;35666000
31;39706;5;0;2;ESTRADA;;MARAVILHAS PARA CHACARA;0;SN     ;44 41 52.7760 W;19 31 42.0960 S;MARAVILHAS;3;35666000
31;39706;5;0;2;ESTRADA;;MARAVILHAS PARA CHACARA;0;SN     ;44 41 52.7760 W;19 31 42.0960 S;MARAVILHAS;1;35666000
31;39706;5;0;2;ESTRADA;;MARAVILHAS PARA CHACARA;0;SN     ;44 41 51.4440 W;19 31 47.1600 S;MARAVILHAS;3;35666000
31;39706;5;0;2;ESTRADA;;MARAVILHAS PARA CHACARA;0;SN     ;44 41 56.4720 W;19 31 51.9960 S;MARAVILHAS;3;35666000
31;39706;5;0;2;ESTRADA;;MARAVILHAS PARA CHACARA;0;SN     ;44 41 56.4720 W;19 31 51.9960 S;MARAVILHAS;1;35666000
31;39706;5;0;2;ESTRADA;;MARAVILHAS PARA CHACARA;0;SN     ;44 41 49.1040 W;19 31 56.0520 S;MARAVILHAS;1;35666000
31;39706;5;0;2;ESTRADA;;MARAVILHAS PARA CHACARA;0;SN     ;44 41 49.1040 W;19 31 56.0520 S;MARAVILHAS;3;35666000
31;39706;5;0;2;ESTRADA;;MARAVILHAS PARA CHACARA;0;SN     ;44 42 1.2180 W;19 32 7.1700 S;MARAVILHAS;3;35666000
31;39706;5;0;2;ESTRADA;;MARAVILHAS PARA CHACARA;0;SN     ;44 42 1.2180 W;19 32 7.1700 S;MARAVILHAS;1;35666000
31;39706;5;0;2;ESTRADA;;MARAVILHAS PARA CHACARA;0;SN     ;44 42 33.8880 W;19 32 38.0940 S;MARAVILHAS;1;35666000
31;39706;5;0;2;ESTRADA;;MARAVILHAS PARA CHACARA;0;SN     ;44 42 33.8880 W;19 32 38.0940 S;MARAVILHAS;3;35666000
31;39706;5;0;2;ESTRADA;;MARAVILHAS PARA CHACARA;0;SN     ;44 42 43.8360 W;19 32 37.2120 S;MARAVILHAS;1;35666000
31;39706;5;0;2;ESTRADA;;MARAVILHAS PARA CHACARA;0;SN     ;44 42 56.6040 W;19 32 44.9400 S;MARAVILHAS;1;35666000
31;39706;5;0;2;ESTRADA;;MARAVILHAS PARA CHACARA;0;SN     ;44 43 6.3780 W;19 32 38.5140 S;MARAVILHAS;1;35666000
31;39706;5;0;2;ESTRADA;;MARAVILHAS PARA CHACARA;0;SN     ;44 41 54.4320 W;19 32 32.6700 S;MARAVILHAS;3;35666000
31;39706;5;0;2;ESTRADA;;MARAVILHAS PARA CHACARA;0;SN     ;44 41 54.4320 W;19 32 32.6700 S;MARAVILHAS;1;35666000
31;39706;5;0;2;RODOVIA;;MG 060;7;SUS    ;44 40 31.6260 W;19 31 47.8200 S;SAPECADO;1;35666000
31;39706;5;0;2;RODOVIA;;MG 060;0;SN     ;44 40 36.9900 W;19 31 57.2220 S;SAPECADO;3;35666000
31;39706;5;0;2;ESTRADA;;MARAVILHAS PARA CHACARA;0;SN     ;44 41 35.7420 W;19 32 45.7320 S;MARAVILHAS;1;35666000
31;39706;5;0;2;ESTRADA;;MARAVILHAS PARA CHACARA;0;SN     ;44 42 5.1240 W;19 32 51.3720 S;MARAVILHAS;3;35666000
31;39706;5;0;2;ESTRADA;;MARAVILHAS PARA CHACARA;0;SN     ;44 42 5.1240 W;19 32 51.3720 S;MARAVILHAS;1;35666000
31;39706;5;0;2;ESTRADA;;MARAVILHAS PARA CHACARA;0;SN     ;44 42 49.3680 W;19 32 34.3500 S;MARAVILHAS;1;35666000
31;39706;5;0;2;ESTRADA;;MARAVILHAS PARA CHACARA;0;SN     ;44 42 51.9780 W;19 32 34.0740 S;MARAVILHAS;1;35666000
31;39706;5;0;2;ESTRADA;;MARAVILHAS PARA CHACARA;0;SN     ;44 42 51.9780 W;19 32 34.0740 S;MARAVILHAS;3;35666000
31;39706;5;0;2;ESTRADA;;MARAVILHAS PARA CHACARA;0;SN     ;44 43 1.1340 W;19 32 10.8720 S;MARAVILHAS;3;35666000
31;39706;5;0;2;ESTRADA;;MARAVILHAS PARA CHACARA;0;SN     ;44 43 1.1340 W;19 32 10.8720 S;MARAVILHAS;1;35666000
31;39706;5;0;2;ESTRADA;;MARAVILHAS PARA CHACARA;0;SN     ;44 42 47.9760 W;19 32 34.1160 S;MARAVILHAS;1;35666000
31;39706;5;0;2;ESTRADA;;MARAVILHAS PARA CHACARA;0;SN     ;44 41 51.4440 W;19 31 47.1600 S;MARAVILHAS;1;35666000
31;39706;5;0;2;ESTRADA;;PARA POVOADO CHACARA;0;SN     ;44 43 18.6120 W;19 32 1.6620 S;MARAVILHAS;1;35666000
31;39706;5;0;2;ESTRADA;;PARA POVOADO CHACARA;0;SN     ;44 43 18.6120 W;19 32 1.6620 S;MARAVILHAS;3;35666000
31;39706;5;0;2;ESTRADA;;PARA POVOADO CHACARA;0;SN     ;44 43 33.0780 W;19 32 5.0400 S;MARAVILHAS;3;35666000
31;39706;5;0;2;ESTRADA;;PARA POVOADO CHACARA;0;SN     ;44 43 33.0780 W;19 32 5.0400 S;MARAVILHAS;1;35666000
31;39706;5;0;2;ESTRADA;;PARA POVOADO CHACARA;0;SN     ;44 43 16.9260 W;19 32 32.8980 S;MARAVILHAS;1;35666000
31;39706;5;0;2;ESTRADA;;PARA POVOADO CHACARA;0;SN     ;44 43 17.0520 W;19 32 28.1760 S;MARAVILHAS;1;35666000
31;39706;5;0;2;ESTRADA;;PARA POVOADO CHACARA;0;SN     ;44 43 14.1600 W;19 32 32.8260 S;MARAVILHAS;1;35666000
31;39706;5;0;2;ESTRADA;;PARA POVOADO CHACARA;0;SN     ;44 43 11.9160 W;19 32 28.9680 S;MARAVILHAS;1;35666000
31;39706;5;0;2;ESTRADA;;PARA POVOADO CHACARA;0;SN     ;44 43 10.9860 W;19 32 30.1740 S;MARAVILHAS;3;35666000
31;39706;5;0;2;ESTRADA;;PARA POVOADO CHACARA;0;SN     ;44 43 10.9860 W;19 32 30.1740 S;MARAVILHAS;1;35666000
31;39706;5;0;2;ESTRADA;;PARA POVOADO CHACARA;0;SN     ;44 43 11.2680 W;19 32 36.0720 S;MARAVILHAS;1;35666000
31;39706;5;0;2;ESTRADA;;PARA POVOADO CHACARA;0;SN     ;44 43 0.1080 W;19 32 26.4600 S;MARAVILHAS;1;35666000
31;39706;5;0;2;ESTRADA;;PARA POVOADO CHACARA;0;SN     ;44 43 15.7500 W;19 32 36.5160 S;MARAVILHAS;1;35666000
31;39706;5;0;2;ESTRADA;;PARA POVOADO CHACARA;0;SN     ;44 43 19.9020 W;19 32 2.2800 S;MARAVILHAS;3;35666000
31;39706;5;0;2;ESTRADA;;PARA POVOADO CHACARA;0;SN     ;44 43 19.9020 W;19 32 2.2800 S;MARAVILHAS;1;35666000
31;39706;5;0;2;ESTRADA;;PARA POVOADO CHACARA;0;SN     ;44 42 54.8040 W;19 32 31.1880 S;MARAVILHAS;3;35666000
31;39706;5;0;2;ESTRADA;;PARA POVOADO CHACARA;0;SN     ;44 42 54.8040 W;19 32 31.1880 S;MARAVILHAS;1;35666000
31;39706;5;0;2;SAIDA;;CATITA TREVO MARAVILHAS;0;SN     ;44 43 53.4420 W;19 31 32.5800 S;MARAVILHAS;6;35666000
31;39706;5;0;2;SAIDA;;CATITA TREVO MARAVILHAS;0;SN     ;44 43 7.0440 W;19 31 4.0680 S;MARAVILHAS;6;35666000
31;39706;5;0;2;SAIDA;;CATITA TREVO MARAVILHAS;3;FNS    ;44 42 57.8820 W;19 31 9.5040 S;MARAVILHAS;3;35666000
31;39706;5;0;2;SAIDA;;CATITA TREVO MARAVILHAS;3;FNS    ;44 42 57.8820 W;19 31 9.5040 S;MARAVILHAS;1;35666000
31;39706;5;0;2;SAIDA;;CATITA TREVO MARAVILHAS;0;SN     ;44 42 40.7220 W;19 31 7.7580 S;RIACHO;1;35666000
31;39706;5;0;2;SAIDA;;CATITA TREVO MARAVILHAS;0;SN     ;44 43 46.7040 W;19 31 5.8260 S;RIACHO;1;35666000
31;39706;5;0;2;SAIDA;;CATITA TREVO MARAVILHAS;0;SN     ;44 42 36.2400 W;19 30 41.8500 S;RIACHO;1;35666000
31;39706;5;0;2;RIACHO;;DE AREIA;0;SN     ;44 43 42.9900 W;19 31 18.6540 S;MARAVILHAS;1;35666000
31;39706;5;0;2;RIACHO;;DE AREIA;0;SN     ;44 43 38.6400 W;19 31 23.3640 S;MARAVILHAS;1;35666000
31;39706;5;0;2;RIACHO;;DE AREIA;12;SMS    ;44 46 5.4480 W;19 29 23.0340 S;RIACHO DE AREIA;3;35666000
31;39706;5;0;2;RIACHO;;DE AREIA;12;SMS    ;44 46 5.4480 W;19 29 23.0340 S;RIACHO DE AREIA;1;35666000
31;39706;5;0;2;RIACHO;;DE AREIA;13;SMS    ;44 46 6.0660 W;19 29 20.8260 S;RIACHO DE AREIA;1;35666000
31;39706;5;0;2;RIACHO;;DE AREIA;1;SUS    ;44 46 43.8060 W;19 29 54.7560 S;RIACHO DE AREIA;3;35666000
31;39706;5;0;2;RIACHO;;DE AREIA;1;SUS    ;44 46 43.8060 W;19 29 54.7560 S;RIACHO DE AREIA;1;35666000
31;39706;5;0;2;RIACHO;;DE AREIA;2;SUS    ;44 46 49.8420 W;19 29 50.5620 S;RIACHO DE AREIA;1;35666000
31;39706;5;0;2;RIACHO;;DE AREIA;3;SUS    ;44 46 40.4460 W;19 29 52.6320 S;RIACHO DE AREIA;1;35666000
31;39706;5;0;2;RIACHO;;DE AREIA;0;SN     ;44 46 48.5640 W;19 29 27.2400 S;RIACHO DE AREIA;3;35666000
31;39706;5;0;2;RIACHO;;DE AREIA;0;SN     ;44 46 48.5640 W;19 29 27.2400 S;RIACHO DE AREIA;1;35666000
31;39706;5;0;2;RIACHO;;DE AREIA;14;FNS    ;44 46 12.8700 W;19 29 23.6760 S;RIACHO DE AREIA;1;35666000
31;39706;5;0;2;RIACHO;;DE AREIA;8;FNS    ;44 46 5.4540 W;19 29 16.2660 S;RIACHO DE AREIA;1;35666000
31;39706;5;0;2;COMUNIDADE;;CATITA;0;;44 43 45.7380 W;19 30 49.3860 S;FAZENDA CANOA;1;35666000
31;39706;5;0;2;COMUNIDADE;;CATITA;0;;44 43 45.7380 W;19 30 49.3860 S;FAZENDA CANOA;3;35666000
31;39706;5;0;2;COMUNIDADE;;CATITA;6;SUS    ;44 43 45.4200 W;19 30 53.5860 S;FAZENDA CANOA;1;35666000
31;39706;5;0;2;COMUNIDADE;;CATITA;13;SUS    ;44 44 8.8620 W;19 30 31.1520 S;FAZENDA CANOA;3;35666000
31;39706;5;0;2;COMUNIDADE;;CATITA;13;SUS    ;44 44 8.8620 W;19 30 31.1520 S;FAZENDA CANOA;1;35666000
31;39706;5;0;2;COMUNIDADE;;CATITA;11;SUS    ;44 43 56.3640 W;19 30 28.8720 S;FAZENDA CANOA;1;35666000
31;39706;5;0;2;COMUNIDADE;;CATITA;11;SUS    ;44 43 56.3640 W;19 30 28.8720 S;FAZENDA CANOA;3;35666000
31;39706;5;0;2;COMUNIDADE;;CATITA;9;SUS    ;44 43 38.1960 W;19 30 43.0800 S;FAZENDA CANOA;1;35666000
31;39706;5;0;2;COMUNIDADE;;CATITA;10;SUS    ;44 43 44.3460 W;19 30 39.3540 S;FAZENDA CANOA;1;35666000
31;39706;5;0;2;COMUNIDADE;;CATITA;10;SUS    ;44 43 44.3460 W;19 30 39.3540 S;FAZENDA CANOA;3;35666000
31;39706;5;0;2;FAZENDA;;CABANINHA;1;SUS    ;44 43 14.8200 W;19 30 22.9500 S;MARAVILHAS;3;35666000
31;39706;5;0;2;FAZENDA;;CABANINHA;1;SUS    ;44 43 14.8200 W;19 30 22.9500 S;MARAVILHAS;1;35666000
31;39706;5;0;2;ESTRADA;;PARA PONTINHA;28;SUS    ;44 42 37.6680 W;19 29 57.9660 S;MARAVILHAS;1;35666000
31;39706;5;0;2;ESTRADA;;PARA PONTINHA;28;SUS    ;44 42 37.6680 W;19 29 57.9660 S;MARAVILHAS;3;35666000
31;39706;5;0;2;ESTRADA;;PARA PONTINHA;0;;44 42 39.2700 W;19 29 58.9020 S;MARAVILHAS;7;35666000
31;39706;5;0;2;POVOADO;;VARZEA DA VENDA;162;;44 44 19.4460 W;19 31 56.2380 S;VARZEA DA VENDA;1;35666000
31;39706;5;0;2;POVOADO;;VARZEA DA VENDA;150;;44 44 18.3960 W;19 31 55.0500 S;VARZEA DA VENDA;1;35666000
31;39706;5;0;2;SITIO;;MORRO DO CHAPEU;0;;44 44 2.9640 W;19 29 47.7960 S;MORRO DO CHAPEU;1;35666000
31;39706;5;0;2;SITIO;;MORRO DO CHAPEU;0;;44 44 2.9640 W;19 29 47.7960 S;MORRO DO CHAPEU;3;35666000
31;39706;5;0;2;SITIO;;DO JUQUITA;57;SUS    ;44 43 56.7540 W;19 29 26.1900 S;MORRO DO CHAPEU;1;35666000
31;39706;5;0;2;SITIO;;DO JUQUITA;57;SUS    ;44 43 56.7540 W;19 29 26.1900 S;MORRO DO CHAPEU;3;35666000
31;39706;5;0;2;SITIO;;DO JUQUITA;0;;44 43 54.0900 W;19 29 20.2320 S;MORRO DO CHAPEU;7;35666000
31;39706;5;0;2;SITIO;;BARRO PRETO;0;;44 42 45.7800 W;19 29 42.1260 S;BURITI DOS PORCOS;1;35666000
31;39706;5;0;2;SITIO;;BARRO PRETO;0;;44 42 45.7800 W;19 29 42.1260 S;BURITI DOS PORCOS;3;35666000
31;39706;5;0;2;SITIO;;BARRO PRETO;31;FNS    ;44 43 4.8120 W;19 29 39.9000 S;BURITI DOS PORCOS;1;35666000
31;39706;5;0;2;SITIO;;BARRO PRETO;31;FNS    ;44 43 4.8120 W;19 29 39.9000 S;BURITI DOS PORCOS;3;35666000
31;39706;5;0;2;FAZENDA;;JOAQUIM TEODORO;33;FNS    ;44 43 6.2220 W;19 29 58.2900 S;BURITI DOS PORCOS;1;35666000
31;39706;5;0;2;FAZENDA;;JOAQUIM TEODORO;0;SN     ;44 43 1.5780 W;19 30 0.1860 S;BURITI DOS PORCOS;1;35666000
31;39706;5;0;2;FAZENDA;;BURITI DOS PORCOS;34;SUS    ;44 43 7.0560 W;19 30 4.3980 S;FAZENDA DE JOSE ANGES LOPES;1;35666000
31;39706;5;0;2;FAZENDA;;BURITI DOS PORCOS;34;SUS    ;44 43 7.0560 W;19 30 4.3980 S;FAZENDA DE JOSE ANGES LOPES;3;35666000
31;39706;5;0;2;COMUNIDADE;;COSTAS;0;;44 44 49.8300 W;19 30 19.0860 S;FAZENDA COSTAS;1;35666000
31;39706;5;0;2;COMUNIDADE;;COSTAS;0;;44 44 49.3020 W;19 30 18.3600 S;FAZENDA COSTAS;1;35666000
31;39706;5;0;2;COMUNIDADE;;COSTAS;0;;44 44 46.6920 W;19 30 23.2680 S;FAZENDA COSTAS;7;35666000
31;39706;5;0;2;COMUNIDADE;;COSTAS;0;;44 44 50.7060 W;19 30 16.4460 S;FAZENDA COSTAS;1;35666000
31;39706;5;0;2;COMUNIDADE;;COSTAS;0;;44 44 47.5980 W;19 30 15.1200 S;FAZENDA COSTAS;6;35666000
31;39706;5;0;2;COMUNIDADE;;COSTAS;0;;44 44 47.2140 W;19 30 14.1060 S;FAZENDA COSTAS;1;35666000
31;39706;5;0;2;COMUNIDADE;;COSTAS;0;;44 44 48.3360 W;19 30 13.4220 S;FAZENDA COSTAS;1;35666000
31;39706;5;0;2;COMUNIDADE;;COSTAS;0;;44 44 49.3320 W;19 30 12.6660 S;FAZENDA COSTAS;1;35666000
31;39706;5;0;2;COMUNIDADE;;COSTAS;0;;44 44 51.9540 W;19 30 13.1940 S;FAZENDA COSTAS;1;35666000
31;39706;5;0;2;COMUNIDADE;;COSTAS;0;;44 44 52.2780 W;19 30 8.4300 S;FAZENDA COSTAS;1;35666000
31;39706;5;0;2;COMUNIDADE;;COSTAS;26;SUS    ;44 44 51.8100 W;19 30 8.9580 S;FAZENDA COSTAS;1;35666000
31;39706;5;0;2;COMUNIDADE;;COSTAS;26;SUS    ;44 44 51.8100 W;19 30 8.9580 S;FAZENDA COSTAS;3;35666000
31;39706;5;0;2;COMUNIDADE;;COSTAS;0;;44 44 52.9500 W;19 30 10.4340 S;FAZENDA COSTAS;1;35666000
31;39706;5;0;2;COMUNIDADE;;COSTAS;0;;44 44 56.1540 W;19 30 4.9620 S;FAZENDA COSTAS;1;35666000
31;39706;5;0;2;COMUNIDADE;;COSTAS;0;;44 44 53.8380 W;19 30 8.0520 S;FAZENDA COSTAS;6;35666000
31;39706;5;0;2;COMUNIDADE;;COSTAS;0;;44 44 51.2280 W;19 30 8.2080 S;FAZENDA COSTAS;1;35666000
31;39706;5;0;2;COMUNIDADE;;COSTAS;0;;44 44 52.7400 W;19 30 2.8200 S;FAZENDA COSTAS;1;35666000
31;39706;5;0;2;COMUNIDADE;;COSTAS;0;;44 44 50.3280 W;19 30 0.2760 S;FAZENDA COSTAS;6;35666000
31;39706;5;0;2;COMUNIDADE;;COSTAS;0;;44 44 50.6160 W;19 30 0.5280 S;FAZENDA COSTAS;1;35666000
31;39706;5;0;2;COMUNIDADE;;COSTAS;0;;44 44 47.5980 W;19 30 15.1200 S;FAZENDA COSTAS;1;35666000
31;39706;5;0;2;COMUNIDADE;;COSTAS;31;SUS    ;44 44 50.5800 W;19 30 2.2980 S;FAZENDA COSTAS;1;35666000
31;39706;5;0;2;COMUNIDADE;;COSTAS;0;;44 44 51.5580 W;19 30 2.0280 S;FAZENDA COSTAS;1;35666000
31;39706;5;0;2;COMUNIDADE;;COSTAS;0;;44 44 38.8680 W;19 29 59.8320 S;FAZENDA COSTAS;1;35666000
31;39706;5;0;2;COMUNIDADE;;COSTAS;0;;44 44 41.5800 W;19 30 0.2160 S;FAZENDA COSTAS;1;35666000
31;39706;5;0;2;COMUNIDADE;;COSTAS;0;;44 44 44.6940 W;19 30 0.7140 S;FAZENDA COSTAS;6;35666000
31;39706;5;0;2;COMUNIDADE;;COSTAS;47;SUS    ;44 44 44.6880 W;19 30 0.6600 S;FAZENDA COSTAS;1;35666000
31;39706;5;0;2;COMUNIDADE;;COSTAS;40;SUS    ;44 44 46.1580 W;19 30 0.2040 S;FAZENDA COSTAS;1;35666000
31;39706;5;0;2;COMUNIDADE;;COSTAS;40;SUS    ;44 44 46.1580 W;19 30 0.2040 S;FAZENDA COSTAS;3;35666000
31;39706;5;0;2;COMUNIDADE;;COSTAS;41;SUS    ;44 44 46.6560 W;19 29 59.4480 S;FAZENDA COSTAS;1;35666000
31;39706;5;0;2;COMUNIDADE;;COSTAS;42;SUS    ;44 44 48.9660 W;19 30 2.3340 S;FAZENDA COSTAS;1;35666000
31;39706;5;0;2;COMUNIDADE;;COSTAS;0;;44 44 49.8240 W;19 30 9.6240 S;FAZENDA COSTAS;1;35666000
31;39706;5;0;2;COMUNIDADE;;COSTAS;0;;44 44 49.8240 W;19 30 9.6240 S;FAZENDA COSTAS;6;35666000
31;39706;5;0;2;COMUNIDADE;;COSTAS;0;;44 44 48.0360 W;19 30 3.4980 S;FAZENDA COSTAS;1;35666000
31;39706;5;0;2;COMUNIDADE;;COSTAS;0;;44 44 57.2700 W;19 30 8.8320 S;FAZENDA COSTAS;1;35666000
31;39706;5;0;2;COMUNIDADE;;COSTAS;0;;44 44 57.2700 W;19 30 8.8320 S;FAZENDA COSTAS;3;35666000
31;39706;5;0;2;COMUNIDADE;;COSTAS;0;;44 44 54.4080 W;19 30 4.4759 S;FAZENDA COSTAS;1;35666000
31;39706;5;0;2;COMUNIDADE;;COSTAS;0;;44 44 52.8900 W;19 30 0.5160 S;FAZENDA COSTAS;6;35666000
31;39706;5;0;2;COMUNIDADE;;COSTAS;0;;44 44 49.8300 W;19 30 19.4280 S;FAZENDA COSTAS;1;35666000
31;39706;5;0;2;COMUNIDADE;;COSTAS;0;;44 44 42.5700 W;19 30 6.7020 S;FAZENDA COSTAS;1;35666000
31;39706;5;0;2;COMUNIDADE;;COSTAS;0;;44 44 41.9220 W;19 30 4.3620 S;FAZENDA COSTAS;1;35666000
31;39706;5;0;2;COMUNIDADE;;COSTAS;46;SUS    ;44 44 44.7540 W;19 30 4.7580 S;FAZENDA COSTAS;1;35666000
31;39706;5;0;2;COMUNIDADE;;COSTAS;0;;44 44 56.2140 W;19 30 2.6880 S;FAZENDA COSTAS;1;35666000
31;39706;5;0;2;COMUNIDADE;;COSTAS;0;;44 44 46.2300 W;19 30 0.0300 S;FAZENDA COSTAS;1;35666000
31;39706;5;0;2;FAZENDA;;BARREIRO PRETO DE CLESIO REIS;95;SUS    ;44 42 4.9800 W;19 27 16.3200 S;BARREIRO PRETO PROPRIETARIO CLESIO DOS REIS;1;35666000
31;39706;5;0;2;FAZENDA;;BARREIRO PRETO DE CLESIO REIS;94;SUS    ;44 41 53.5560 W;19 27 11.6280 S;BARREIRO PRETO PROPRIETARIO CLESIO DOS REIS;1;35666000
31;39706;5;0;2;FAZENDA;;BARREIRO PRETO DE CLESIO REIS;94;SUS    ;44 41 53.5560 W;19 27 11.6280 S;BARREIRO PRETO PROPRIETARIO CLESIO DOS REIS;3;35666000
31;39706;5;0;2;FAZENDA;;BARREIRO PRETO DE CLESIO REIS;93;SUS    ;44 41 51.9120 W;19 27 10.1700 S;BARREIRO PRETO PROPRIETARIO CLESIO DOS REIS;1;35666000
31;39706;5;0;2;COMUNIDADE;;CAPIVARA;0;;44 40 35.3700 W;19 25 17.7060 S;COMUNIDADE;1;35666000
31;39706;5;0;2;COMUNIDADE;;CAPIVARA;0;;44 40 35.3700 W;19 25 17.7060 S;COMUNIDADE;3;35666000
31;39706;5;0;2;ESTRADA;;MARAVILHAS PARA CHACARA;0;SN     ;44 42 8.1480 W;19 32 50.1480 S;MARAVILHAS;1;35666000
31;39706;5;0;2;ESTRADA;;MARAVILHAS PARA CHACARA;0;SN     ;44 41 35.7420 W;19 32 45.7320 S;MARAVILHAS;3;35666000
31;39706;5;0;2;COMUNIDADE;;CAPIVARA;40;SUS    ;44 40 42.8220 W;19 25 37.6500 S;COMUNIDADE;3;35666000
31;39706;5;0;2;COMUNIDADE;;CAPIVARA;41;;44 40 40.8720 W;19 25 39.2460 S;COMUNIDADE;1;35666000
31;39706;5;0;2;COMUNIDADE;;CAPIVARA;41;;44 40 40.8720 W;19 25 39.2460 S;COMUNIDADE;3;35666000
31;39706;5;0;2;COMUNIDADE;;CAPIVARA;42;SUS    ;44 40 43.0260 W;19 25 43.4040 S;COMUNIDADE;1;35666000
31;39706;5;0;2;COMUNIDADE;;CAPIVARA;42;SUS    ;44 40 43.0260 W;19 25 43.4040 S;COMUNIDADE;3;35666000
31;39706;5;0;2;COMUNIDADE;;CAPIVARA;46;SUS    ;44 40 44.3940 W;19 25 44.4300 S;COMUNIDADE;1;35666000
31;39706;5;0;2;COMUNIDADE;;CAPIVARA;46;SUS    ;44 40 44.3940 W;19 25 44.4300 S;COMUNIDADE;3;35666000
31;39706;5;0;2;COMUNIDADE;;CAPIVARA;0;;44 40 44.8920 W;19 25 47.1720 S;COMUNIDADE;1;35666000
31;39706;5;0;2;COMUNIDADE;;CAPIVARA;46;SUS    ;44 40 47.8020 W;19 25 46.5240 S;COMUNIDADE;1;35666000
31;39706;5;0;2;COMUNIDADE;;CAPIVARA;48;SUS    ;44 40 48.8280 W;19 25 56.0700 S;COMUNIDADE;1;35666000
31;39706;5;0;2;COMUNIDADE;;CAPIVARA;47;SUS    ;44 40 50.3160 W;19 25 47.1960 S;COMUNIDADE;1;35666000
31;39706;5;0;2;COMUNIDADE;;CAPIVARA;49;SUS    ;44 40 50.0700 W;19 25 50.7660 S;COMUNIDADE;1;35666000
31;39706;5;0;2;COMUNIDADE;;CAPIVARA;0;;44 40 48.7920 W;19 25 42.0720 S;COMUNIDADE;1;35666000
31;39706;5;0;2;COMUNIDADE;;CAPIVARA;53;SUS    ;44 40 49.6260 W;19 25 43.1160 S;COMUNIDADE;1;35666000
31;39706;5;0;2;COMUNIDADE;;CAPIVARA;53;SUS    ;44 40 49.6260 W;19 25 43.1160 S;COMUNIDADE;3;35666000
31;39706;5;0;2;COMUNIDADE;;CAPIVARA;52;SUS    ;44 40 52.6380 W;19 25 53.6940 S;COMUNIDADE;1;35666000
31;39706;5;0;2;COMUNIDADE;;CAPIVARA;50;SUS    ;44 40 50.8260 W;19 25 51.2400 S;COMUNIDADE;1;35666000
31;39706;5;0;2;COMUNIDADE;;CAPIVARA;46;C1     ;44 40 44.1000 W;19 25 51.3000 S;COMUNIDADE;1;35666000
31;39706;5;0;2;COMUNIDADE;;CAPIVARA;71;SUS    ;44 41 24.3180 W;19 26 27.5220 S;COMUNIDADE;3;35666000
31;39706;5;0;2;COMUNIDADE;;CAPIVARA;0;;44 41 25.4760 W;19 26 29.9280 S;COMUNIDADE;7;35666000
31;39706;5;0;2;COMUNIDADE;;CAPIVARA;0;;44 41 39.7200 W;19 27 14.1900 S;COMUNIDADE;1;35666000
31;39706;5;0;2;COMUNIDADE;;CAPIVARA;92;SUS    ;44 41 40.5600 W;19 27 7.1340 S;COMUNIDADE;1;35666000
31;39706;5;0;2;COMUNIDADE;;CAPIVARA;88;SUS    ;44 41 38.7660 W;19 27 9.2700 S;COMUNIDADE;1;35666000
31;39706;5;0;2;COMUNIDADE;;CAPIVARA;89;SUS    ;44 41 39.1980 W;19 27 8.9880 S;COMUNIDADE;1;35666000
31;39706;5;0;2;COMUNIDADE;;CAPIVARA;87;SUS    ;44 41 37.4820 W;19 27 11.3100 S;COMUNIDADE;1;35666000
31;39706;5;0;2;COMUNIDADE;;CAPIVARA;0;;44 41 44.2080 W;19 27 8.6760 S;COMUNIDADE;3;35666000
31;39706;5;0;2;COMUNIDADE;;CAPIVARA;0;;44 41 44.6640 W;19 26 59.7960 S;COMUNIDADE;3;35666000
31;39706;5;0;2;COMUNIDADE;;CAPIVARA;78;SUS    ;44 41 37.4220 W;19 26 59.9460 S;COMUNIDADE;3;35666000
31;39706;5;0;2;COMUNIDADE;;CAPIVARA;85;SUS    ;44 41 34.3020 W;19 27 7.3320 S;COMUNIDADE;1;35666000
31;39706;5;0;2;COMUNIDADE;;CAPIVARA;84;SUS    ;44 41 31.9080 W;19 27 7.3560 S;COMUNIDADE;1;35666000
31;39706;5;0;2;COMUNIDADE;;CAPIVARA;5;SUS    ;44 41 29.1120 W;19 27 10.5840 S;COMUNIDADE;1;35666000
31;39706;5;0;2;COMUNIDADE;;CAPIVARA;91;SUS    ;44 41 35.1300 W;19 27 6.4320 S;COMUNIDADE;1;35666000
31;39706;5;0;2;COMUNIDADE;;CAPIVARA;81;SUS    ;44 41 36.8100 W;19 27 7.6260 S;COMUNIDADE;1;35666000
31;39706;5;0;2;COMUNIDADE;;CAPIVARA;0;;44 41 33.8400 W;19 27 4.2360 S;COMUNIDADE;1;35666000
31;39706;5;0;2;COMUNIDADE;;CAPIVARA;98;SUS    ;44 42 8.3460 W;19 27 10.7460 S;COMUNIDADE;1;35666000
31;39706;5;0;2;COMUNIDADE;;CAPIVARA;99;SUS    ;44 42 7.3260 W;19 27 16.3500 S;COMUNIDADE;1;35666000
31;39706;5;0;2;COMUNIDADE;;CAPIVARA;0;;44 42 14.9220 W;19 27 20.1180 S;COMUNIDADE;1;35666000
31;39706;5;0;2;COMUNIDADE;;CAPIVARA;57;SUS    ;44 42 9.8460 W;19 27 28.4400 S;COMUNIDADE;1;35666000
31;39706;5;0;2;COMUNIDADE;;CAPIVARA;57;SUS    ;44 42 9.8460 W;19 27 28.4400 S;COMUNIDADE;3;35666000
31;39706;5;0;2;COMUNIDADE;;CAPIVARA;103;SUS    ;44 42 8.6940 W;19 27 52.0980 S;COMUNIDADE;1;35666000
31;39706;5;0;2;COMUNIDADE;;CAPIVARA;0;;44 42 7.8660 W;19 27 51.0780 S;COMUNIDADE;1;35666000
31;39706;5;0;2;COMUNIDADE;;CAPIVARA;0;;44 42 27.8880 W;19 28 26.9820 S;COMUNIDADE;1;35666000
31;39706;5;0;2;COMUNIDADE;;CAPIVARA;0;;44 42 27.8880 W;19 28 26.9820 S;COMUNIDADE;3;35666000
31;39706;5;0;2;COMUNIDADE;;CAPIVARA;0;;44 42 36.2460 W;19 27 12.4680 S;COMUNIDADE;1;35666000
31;39706;5;0;2;COMUNIDADE;;CAPIVARA;0;;44 42 36.2460 W;19 27 12.4680 S;COMUNIDADE;3;35666000
31;39706;5;0;2;COMUNIDADE;;CAPIVARA;40;SUS    ;44 40 42.8220 W;19 25 37.6500 S;COMUNIDADE;1;35666000
31;39706;5;0;2;COMUNIDADE;;CAPIVARA;0;;44 40 43.4280 W;19 25 19.7400 S;COMUNIDADE;4;35666000
31;39706;5;0;2;COMUNIDADE;;CAPIVARA;0;;44 42 43.1340 W;19 27 0.3120 S;COMUNIDADE;1;35666000
31;39706;5;0;2;COMUNIDADE;;CAPIVARA;96;SUS    ;44 41 51.2400 W;19 26 49.3140 S;COMUNIDADE;1;35666000
31;39706;5;0;2;COMUNIDADE;;CAPIVARA;96;SUS    ;44 41 51.2400 W;19 26 49.3140 S;COMUNIDADE;3;35666000
31;39706;5;0;2;COMUNIDADE;;CAPIVARA;6;SUS    ;44 41 42.1740 W;19 26 38.0640 S;COMUNIDADE;1;35666000
31;39706;5;0;2;COMUNIDADE;;CAPIVARA;6;SUS    ;44 41 42.1740 W;19 26 38.0640 S;COMUNIDADE;3;35666000
31;39706;5;0;2;COMUNIDADE;;CAPIVARA;0;;44 41 58.0740 W;19 26 50.0160 S;COMUNIDADE;1;35666000
31;39706;5;0;2;COMUNIDADE;;CAPIVARA;0;;44 41 58.0740 W;19 26 50.0160 S;COMUNIDADE;3;35666000
31;39706;5;0;2;COMUNIDADE;;CAPIVARA;78;SUS    ;44 41 37.4220 W;19 26 59.9460 S;COMUNIDADE;1;35666000
31;39706;5;0;2;COMUNIDADE;;CAPIVARA;77;SUS    ;44 41 35.7000 W;19 26 59.5920 S;COMUNIDADE;1;35666000
31;39706;5;0;2;COMUNIDADE;;CAPIVARA;76;SUS    ;44 41 40.6620 W;19 26 52.1280 S;COMUNIDADE;1;35666000
31;39706;5;0;2;COMUNIDADE;;CAPIVARA;75;SUS    ;44 41 34.6920 W;19 26 40.1040 S;COMUNIDADE;1;35666000
31;39706;5;0;2;COMUNIDADE;;CAPIVARA;75;SUS    ;44 41 34.6920 W;19 26 40.1040 S;COMUNIDADE;3;35666000
31;39706;5;0;2;COMUNIDADE;;CAPIVARA;74;SUS    ;44 41 32.0280 W;19 26 37.4100 S;COMUNIDADE;3;35666000
31;39706;5;0;2;COMUNIDADE;;CAPIVARA;0;;44 41 31.5960 W;19 26 39.7260 S;COMUNIDADE;7;35666000
31;39706;5;0;2;COMUNIDADE;;CAPIVARA;75;SUS    ;44 41 30.3840 W;19 26 35.6520 S;COMUNIDADE;1;35666000
31;39706;5;0;2;SITIO;;MORRO DO CHAPEU;56;SUS    ;44 44 0.7440 W;19 29 39.8280 S;MORRO DO CHAPEU;1;35666000
31;39706;5;0;2;SITIO;;MORRO DO CHAPEU;56;SUS    ;44 44 0.7440 W;19 29 39.8280 S;MORRO DO CHAPEU;3;35666000
31;39706;5;0;2;COMUNIDADE;;CAPIVARA;72;SUS    ;44 41 26.6940 W;19 26 32.5920 S;COMUNIDADE;3;35666000
31;39706;5;0;2;COMUNIDADE;;CAPIVARA;56;;44 40 58.9020 W;19 25 48.5580 S;COMUNIDADE;1;35666000
31;39706;5;0;2;COMUNIDADE;;CAPIVARA;0;;44 40 56.6100 W;19 25 49.6140 S;COMUNIDADE;1;35666000
31;39706;5;0;2;COMUNIDADE;;CAPIVARA;47;;44 40 58.6380 W;19 25 53.0820 S;COMUNIDADE;1;35666000
31;39706;5;0;2;COMUNIDADE;;CAPIVARA;58;SUS    ;44 41 10.8240 W;19 26 1.7400 S;COMUNIDADE;1;35666000
31;39706;5;0;2;COMUNIDADE;;CAPIVARA;58;SUS    ;44 41 10.8240 W;19 26 1.7400 S;COMUNIDADE;6;35666000
31;39706;5;0;2;COMUNIDADE;;CAPIVARA;59;SUS    ;44 41 11.9700 W;19 26 1.3440 S;COMUNIDADE;3;35666000
31;39706;5;0;2;COMUNIDADE;;CAPIVARA;59;SUS    ;44 41 11.9700 W;19 26 1.3440 S;COMUNIDADE;1;35666000
31;39706;5;0;2;COMUNIDADE;;CAPIVARA;0;;44 41 15.0300 W;19 26 3.7260 S;COMUNIDADE;1;35666000
31;39706;5;0;2;COMUNIDADE;;CAPIVARA;62;SUS    ;44 41 17.3760 W;19 26 4.8180 S;COMUNIDADE;1;35666000
31;39706;5;0;2;COMUNIDADE;;CAPIVARA;62;SUS    ;44 41 17.3760 W;19 26 4.8180 S;COMUNIDADE;3;35666000
31;39706;5;0;2;COMUNIDADE;;CAPIVARA;30;SUS    ;44 41 38.8380 W;19 25 53.7180 S;COMUNIDADE;1;35666000
31;39706;5;0;2;COMUNIDADE;;CAPIVARA;30;SUS    ;44 41 38.8380 W;19 25 53.7180 S;COMUNIDADE;3;35666000
31;39706;5;0;2;COMUNIDADE;;CAPIVARA;23;SUS    ;44 41 28.3680 W;19 26 3.4860 S;COMUNIDADE;1;35666000
31;39706;5;0;2;COMUNIDADE;;CAPIVARA;0;;44 41 19.4400 W;19 25 54.4140 S;COMUNIDADE;1;35666000
31;39706;5;0;2;COMUNIDADE;;CAPIVARA;0;;44 41 26.6820 W;19 26 2.7840 S;COMUNIDADE;1;35666000
31;39706;5;0;2;COMUNIDADE;;CAPIVARA;0;;44 41 31.5120 W;19 26 4.9320 S;COMUNIDADE;6;35666000
31;39706;5;0;2;COMUNIDADE;;CAPIVARA;0;;44 40 45.1440 W;19 25 45.8040 S;COMUNIDADE;3;35666000
31;39706;5;0;2;COMUNIDADE;;CAPIVARA;0;;44 41 28.7700 W;19 26 3.6060 S;COMUNIDADE;1;35666000
31;39706;5;0;2;COMUNIDADE;;CAPIVARA;24;SUS    ;44 41 29.7660 W;19 26 2.7600 S;COMUNIDADE;1;35666000
31;39706;5;0;2;COMUNIDADE;;CAPIVARA;17;SUS    ;44 41 25.4640 W;19 25 59.0220 S;COMUNIDADE;1;35666000
31;39706;5;0;2;COMUNIDADE;;CAPIVARA;16;SUS    ;44 41 24.3540 W;19 26 0.4560 S;COMUNIDADE;1;35666000
31;39706;5;0;2;COMUNIDADE;;CAPIVARA;29;SUS    ;44 41 26.6040 W;19 25 57.6720 S;COMUNIDADE;1;35666000
31;39706;5;0;2;COMUNIDADE;;CAPIVARA;0;;44 41 26.0160 W;19 26 1.9439 S;COMUNIDADE;1;35666000
31;39706;5;0;2;COMUNIDADE;;CAPIVARA;0;;44 41 28.4340 W;19 26 0.9600 S;COMUNIDADE;1;35666000
31;39706;5;0;2;COMUNIDADE;;CAPIVARA;0;;44 41 29.7720 W;19 26 2.8920 S;COMUNIDADE;1;35666000
31;39706;5;0;2;COMUNIDADE;;CAPIVARA;0;;44 41 31.3380 W;19 26 6.3660 S;COMUNIDADE;1;35666000
31;39706;5;0;2;COMUNIDADE;;CAPIVARA;17;SUS    ;44 41 31.0500 W;19 26 5.5320 S;COMUNIDADE;1;35666000
31;39706;5;0;2;COMUNIDADE;;CAPIVARA;17;SUS    ;44 41 31.0500 W;19 26 5.5320 S;COMUNIDADE;6;35666000
31;39706;5;0;2;COMUNIDADE;;CAPIVARA;19;;44 41 34.1640 W;19 26 6.0300 S;COMUNIDADE;1;35666000
31;39706;5;0;2;COMUNIDADE;;CAPIVARA;20;SUS    ;44 41 34.6140 W;19 26 6.8340 S;COMUNIDADE;1;35666000
31;39706;5;0;2;COMUNIDADE;;CAPIVARA;0;;44 40 45.1440 W;19 25 45.8040 S;COMUNIDADE;1;35666000
31;39706;5;0;2;COMUNIDADE;;CAPIVARA;0;;44 40 43.4280 W;19 25 19.7400 S;COMUNIDADE;1;35666000
31;39706;5;0;2;COMUNIDADE;;CAPIVARA;21;SUS    ;44 41 31.5480 W;19 26 10.8720 S;COMUNIDADE;1;35666000
31;39706;5;0;2;COMUNIDADE;;CAPIVARA;0;;44 41 36.1740 W;19 26 11.1960 S;COMUNIDADE;6;35666000
31;39706;5;0;2;COMUNIDADE;;CAPIVARA;0;;44 41 38.4780 W;19 26 13.8540 S;COMUNIDADE;1;35666000
31;39706;5;0;2;COMUNIDADE;;CAPIVARA;10;SUS    ;44 41 40.1580 W;19 26 16.1340 S;COMUNIDADE;1;35666000
31;39706;5;0;2;COMUNIDADE;;CAPIVARA;9;SUS    ;44 41 36.0780 W;19 26 19.5180 S;COMUNIDADE;1;35666000
31;39706;5;0;2;COMUNIDADE;;CAPIVARA;9;SUS    ;44 41 36.0780 W;19 26 19.5180 S;COMUNIDADE;3;35666000
31;39706;5;0;2;COMUNIDADE;;CAPIVARA;11;SUS    ;44 41 44.0700 W;19 26 15.0600 S;COMUNIDADE;1;35666000
31;39706;5;0;2;COMUNIDADE;;CAPIVARA;0;;44 41 37.3260 W;19 26 18.9300 S;COMUNIDADE;1;35666000
31;39706;5;0;2;COMUNIDADE;;CAPIVARA;7;SUS    ;44 41 40.1880 W;19 26 29.6220 S;COMUNIDADE;1;35666000
31;39706;5;0;2;COMUNIDADE;;CAPIVARA;5;SUS    ;44 42 25.5840 W;19 26 4.3440 S;COMUNIDADE;1;35666000
31;39706;5;0;2;COMUNIDADE;;CAPIVARA;5;SUS    ;44 42 25.5840 W;19 26 4.3440 S;COMUNIDADE;3;35666000
31;39706;5;0;2;COMUNIDADE;;CAPIVARA;14;SUS    ;44 41 33.4260 W;19 26 11.3700 S;COMUNIDADE;1;35666000
31;39706;5;0;2;COMUNIDADE;;CAPIVARA;2151;SUS    ;44 41 29.9640 W;19 26 6.1860 S;COMUNIDADE;1;35666000
31;39706;5;0;2;COMUNIDADE;;CAPIVARA;66;SUS    ;44 41 22.6620 W;19 26 14.5320 S;COMUNIDADE;1;35666000
31;39706;5;0;2;COMUNIDADE;;CAPIVARA;66;SUS    ;44 41 22.6620 W;19 26 14.5320 S;COMUNIDADE;6;35666000
31;39706;5;0;2;COMUNIDADE;;CAPIVARA;64;SUS    ;44 41 17.7480 W;19 26 11.0280 S;COMUNIDADE;6;35666000
31;39706;5;0;2;COMUNIDADE;;CAPIVARA;0;;44 41 34.1160 W;19 26 26.5980 S;COMUNIDADE;1;35666000
31;39706;5;0;2;COMUNIDADE;;CAPIVARA;67;SUS    ;44 41 19.9800 W;19 26 18.0480 S;COMUNIDADE;1;35666000
31;39706;5;0;2;COMUNIDADE;;CAPIVARA;69;SUS    ;44 41 23.2560 W;19 26 20.7000 S;COMUNIDADE;1;35666000
31;39706;5;0;2;COMUNIDADE;;CAPIVARA;68;SUS    ;44 41 21.7500 W;19 26 21.4320 S;COMUNIDADE;1;35666000
31;39706;5;0;2;COMUNIDADE;;CAPIVARA;71;SUS    ;44 41 24.3180 W;19 26 27.5220 S;COMUNIDADE;1;35666000
31;39706;5;0;2;COMUNIDADE;;CAPIVARA;74;SUS    ;44 41 32.0280 W;19 26 37.4100 S;COMUNIDADE;1;35666000
31;39706;5;0;2;COMUNIDADE;;CAPIVARA;57;SUS    ;44 41 1.5120 W;19 25 50.2800 S;COMUNIDADE;1;35666000
31;39706;5;0;2;FAZENDA;;AGUA LIMPA;0;;44 40 3.7800 W;19 28 20.7540 S;FAZENDA AGUA LIMPA;3;35666000
31;39706;5;0;2;FAZENDA;;AGUA LIMPA;0;;44 40 3.7800 W;19 28 20.7540 S;FAZENDA AGUA LIMPA;1;35666000
31;39706;5;0;2;FAZENDA;;AGUA LIMPA;7;SUS    ;44 40 13.9140 W;19 28 12.4740 S;FAZENDA AGUA LIMPA;1;35666000
31;39706;5;0;2;FAZENDA;;AGUA LIMPA;0;;44 40 11.2860 W;19 27 43.8300 S;FAZENDA AGUA LIMPA;3;35666000
31;39706;5;0;2;FAZENDA;;AGUA LIMPA;0;;44 40 11.2860 W;19 27 43.8300 S;FAZENDA AGUA LIMPA;1;35666000
31;39706;5;0;2;FAZENDA;;AGUA LIMPA;0;;44 40 1.0260 W;19 28 20.5920 S;FAZENDA AGUA LIMPA;7;35666000
31;39706;5;0;2;COMUNIDADE;;CAPIVARA;0;;44 40 43.4280 W;19 25 19.7400 S;COMUNIDADE;3;35666000
31;39706;5;0;2;COMUNIDADE;;CAPIVARA;0;;44 40 43.4280 W;19 25 19.7400 S;COMUNIDADE;6;35666000
31;39706;5;0;2;FAZENDA;;STORRA;0;;44 41 8.7720 W;19 29 28.5360 S;FAZENDA STORRA;3;35666000
31;39706;5;0;2;FAZENDA;;STORRA;0;;44 41 2.3400 W;19 29 55.7940 S;FAZENDA STORRA;3;35666000
31;39706;5;0;2;FAZENDA;;TORRES;0;;44 41 8.1240 W;19 29 26.4660 S;FAZENDA TORRES;1;35666000
31;39706;5;0;2;FAZENDA;;TORRES;0;;44 41 8.1240 W;19 29 26.4660 S;FAZENDA TORRES;3;35666000
31;39706;5;0;2;FAZENDA;;TORRES;0;;44 41 34.6740 W;19 29 27.8940 S;FAZENDA TORRES;2;35666000
31;39706;5;0;2;COMUNIDADE;;TRONCHA;0;;44 39 57.7560 W;19 25 46.5120 S;TRONCHA;1;35666000
31;39706;5;0;2;COMUNIDADE;;TRONCHA;0;;44 39 57.7560 W;19 25 46.5120 S;TRONCHA;3;35666000
31;39706;5;0;2;COMUNIDADE;;TRONCHA;0;;44 39 36.3600 W;19 25 25.4100 S;TRONCHA;1;35666000
31;39706;5;0;2;COMUNIDADE;;TRONCHA;0;;44 39 36.3600 W;19 25 25.4100 S;TRONCHA;3;35666000
31;39706;5;0;2;COMUNIDADE;;TRONCHA;0;;44 39 15.2040 W;19 25 17.7780 S;TRONCHA;1;35666000
31;39706;5;0;2;COMUNIDADE;;TRONCHA;0;;44 39 15.2040 W;19 25 17.7780 S;TRONCHA;3;35666000
31;39706;5;0;2;COMUNIDADE;;TRONCHA;0;;44 39 27.9720 W;19 25 16.9140 S;TRONCHA;1;35666000
31;39706;5;0;2;COMUNIDADE;;TRONCHA;13;SUS    ;44 39 30.1140 W;19 25 13.8720 S;TRONCHA;1;35666000
31;39706;5;0;2;COMUNIDADE;;TRONCHA;14;SUS    ;44 39 33.1560 W;19 25 13.4820 S;TRONCHA;4;35666000
31;39706;5;0;2;COMUNIDADE;;TRONCHA;15;SUS    ;44 39 8.2920 W;19 25 4.6020 S;TRONCHA;1;35666000
31;39706;5;0;2;COMUNIDADE;;TRONCHA;17;SUS    ;44 39 39.5940 W;19 25 8.0160 S;TRONCHA;1;35666000
31;39706;5;0;2;COMUNIDADE;;TRONCHA;17;SUS    ;44 39 39.5940 W;19 25 8.0160 S;TRONCHA;3;35666000
31;39706;5;0;2;COMUNIDADE;;TRONCHA;0;;44 39 40.4580 W;19 25 6.4620 S;TRONCHA;6;35666000
31;39706;5;0;2;COMUNIDADE;;TRONCHA;0;;44 39 40.4580 W;19 25 6.4620 S;TRONCHA;3;35666000
31;39706;5;0;2;COMUNIDADE;;TRONCHA;0;;44 39 36.9540 W;19 25 5.8620 S;TRONCHA;1;35666000
31;39706;5;0;2;COMUNIDADE;;TRONCHA;0;;44 39 36.9540 W;19 25 5.8620 S;TRONCHA;3;35666000
31;39706;5;0;2;COMUNIDADE;;TRONCHA;0;;44 39 35.7180 W;19 25 0.0180 S;TRONCHA;3;35666000
31;39706;5;0;2;COMUNIDADE;;TRONCHA;0;;44 39 35.7180 W;19 25 0.0180 S;TRONCHA;1;35666000
31;39706;5;0;2;COMUNIDADE;;TRONCHA;0;;44 39 38.4180 W;19 24 58.7220 S;TRONCHA;3;35666000
31;39706;5;0;2;COMUNIDADE;;TRONCHA;0;;44 39 38.4180 W;19 24 58.7220 S;TRONCHA;1;35666000
31;39706;5;0;2;COMUNIDADE;;TRONCHA;23;FNS    ;44 39 35.4240 W;19 24 57.0360 S;TRONCHA;1;35666000
31;39706;5;0;2;COMUNIDADE;;TRONCHA;24;SUS    ;44 39 38.1660 W;19 24 57.7500 S;TRONCHA;1;35666000
31;39706;5;0;2;COMUNIDADE;;TRONCHA;0;;44 39 39.1200 W;19 24 56.7240 S;TRONCHA;1;35666000
31;39706;5;0;2;COMUNIDADE;;TRONCHA;0;;44 39 41.4240 W;19 24 54.4740 S;TRONCHA;1;35666000
31;39706;5;0;2;COMUNIDADE;;TRONCHA;0;;44 39 40.6560 W;19 24 53.0520 S;TRONCHA;1;35666000
31;39706;5;0;2;COMUNIDADE;;TRONCHA;0;;44 39 42.5220 W;19 24 51.0420 S;TRONCHA;6;35666000
31;39706;5;0;2;COMUNIDADE;;TRONCHA;0;;44 39 42.5220 W;19 24 51.0420 S;TRONCHA;1;35666000
31;39706;5;0;2;COMUNIDADE;;EXTREMA;0;;44 41 52.3680 W;19 27 29.0940 S;COMUNIDADE EXTREMA;1;35666000
31;39706;5;0;2;COMUNIDADE;;EXTREMA;0;;44 41 52.3680 W;19 27 29.0940 S;COMUNIDADE EXTREMA;3;35666000
31;39706;5;0;2;COMUNIDADE;;EXTREMA;0;;44 40 36.3480 W;19 26 48.5400 S;COMUNIDADE EXTREMA;6;35666000
31;39706;5;0;2;COMUNIDADE;;EXTREMA;0;;44 40 4.2000 W;19 26 58.0380 S;COMUNIDADE EXTREMA;1;35666000
31;39706;5;0;2;COMUNIDADE;;EXTREMA;0;;44 40 15.4860 W;19 26 59.9340 S;COMUNIDADE EXTREMA;3;35666000
31;39706;5;0;2;COMUNIDADE;;EXTREMA;0;;44 40 15.4860 W;19 26 59.9340 S;COMUNIDADE EXTREMA;1;35666000
31;39706;5;0;2;COMUNIDADE;;EXTREMA;0;;44 39 49.8420 W;19 26 42.6780 S;COMUNIDADE EXTREMA;1;35666000
31;39706;5;0;2;COMUNIDADE;;EXTREMA;12;FNS    ;44 40 11.7660 W;19 26 58.4100 S;COMUNIDADE EXTREMA;1;35666000
31;39706;5;0;2;COMUNIDADE;;EXTREMA;0;;44 40 19.2480 W;19 26 46.4700 S;COMUNIDADE EXTREMA;1;35666000
31;39706;5;0;2;COMUNIDADE;;EXTREMA;14;FNS    ;44 40 25.1040 W;19 26 49.2420 S;COMUNIDADE EXTREMA;1;35666000
31;39706;5;0;2;COMUNIDADE;;EXTREMA;0;;44 40 17.2740 W;19 26 35.4180 S;COMUNIDADE EXTREMA;1;35666000
31;39706;5;0;2;COMUNIDADE;;EXTREMA;0;;44 40 16.1460 W;19 26 11.1120 S;COMUNIDADE EXTREMA;1;35666000
31;39706;5;0;2;COMUNIDADE;;EXTREMA;0;;44 40 13.8000 W;19 26 2.7780 S;COMUNIDADE EXTREMA;1;35666000
31;39706;5;0;2;COMUNIDADE;;EXTREMA;0;;44 39 59.0220 W;19 26 0.1320 S;COMUNIDADE EXTREMA;1;35666000
31;39706;5;0;2;COMUNIDADE;;EXTREMA;0;;44 39 57.9480 W;19 26 0.0960 S;COMUNIDADE EXTREMA;1;35666000
31;39706;5;0;2;COMUNIDADE;;EXTREMA;0;;44 40 5.4600 W;19 25 57.8640 S;COMUNIDADE EXTREMA;1;35666000
31;39706;5;0;2;COMUNIDADE;;EXTREMA;0;;44 40 5.4600 W;19 25 57.8640 S;COMUNIDADE EXTREMA;3;35666000
31;39706;5;0;2;COMUNIDADE;;EXTREMA;16;FNS    ;44 40 9.8700 W;19 26 17.3700 S;COMUNIDADE EXTREMA;1;35666000
31;39706;5;0;2;COMUNIDADE;;EXTREMA;16;FNS    ;44 40 9.8700 W;19 26 17.3700 S;COMUNIDADE EXTREMA;3;35666000
31;39706;5;0;2;COMUNIDADE;;EXTREMA;0;;44 40 21.1680 W;19 26 53.5200 S;COMUNIDADE EXTREMA;1;35666000
31;39706;5;0;2;COMUNIDADE;;EXTREMA;0;;44 40 21.1680 W;19 26 53.5200 S;COMUNIDADE EXTREMA;3;35666000
31;39706;5;0;2;FAZENDA;;BARREIRO PRETO DE  JOAO CAPANE;0;;44 41 57.0060 W;19 28 25.5420 S;FAZENDA BARREIRO PRETO;1;35666000
31;39706;5;0;2;FAZENDA;;BARREIRO PRETO DE  JOAO CAPANE;0;;44 41 57.0060 W;19 28 25.5420 S;FAZENDA BARREIRO PRETO;3;35666000
31;39706;5;0;2;FAZENDA;;BARREIRO PRETO DE  JOAO CAPANE;4;FNS    ;44 42 2.1360 W;19 28 21.0060 S;FAZENDA BARREIRO PRETO;1;35666000
31;39706;5;0;2;FAZENDA;;BARREIRO PRETO DE  JOAO CAPANE;0;;44 41 57.0060 W;19 28 25.5420 S;FAZENDA BARREIRO PRETO;6;35666000
31;39706;5;0;2;FAZENDA;;BARREIRO PRETO DE  JOAO CAPANE;0;;44 41 56.0520 W;19 28 17.8140 S;FAZENDA BARREIRO PRETO;1;35666000
31;39706;5;0;2;FAZENDA;;BARREIRO PRETO DE  JOAO CAPANE;0;;44 42 1.7700 W;19 28 1.7640 S;FAZENDA BARREIRO PRETO;3;35666000
31;39706;5;0;2;FAZENDA;;BARREIRO PRETO DE  JOAO CAPANE;0;;44 42 1.7700 W;19 28 1.7640 S;FAZENDA BARREIRO PRETO;1;35666000
31;39706;5;0;2;FAZENDA;;BARREIRO PRETO DE  JOAO CAPANE;0;;44 41 52.1160 W;19 28 13.7880 S;FAZENDA BARREIRO PRETO;1;35666000
31;39706;5;0;2;FAZENDA;;BARREIRO PRETO;6;SUS    ;44 42 10.2060 W;19 28 26.6640 S;FAZENDA BARREIRO PRETO;1;35666000
31;39706;5;0;2;COMUNIDADE;;CAPIVARA;75;SUS    ;44 41 30.3840 W;19 26 35.6520 S;COMUNIDADE;3;35666000
31;39706;5;0;2;COMUNIDADE;;CAPIVARA;72;SUS    ;44 41 26.6940 W;19 26 32.5920 S;COMUNIDADE;1;35666000
31;39706;5;0;2;FAZENDA;;BARREIRO PRETO;0;;44 41 40.4280 W;19 28 54.7980 S;FAZENDA BARREIRO PRETO;3;35666000
31;39706;5;0;2;FAZENDA;;AGRONAVES;19;SUS    ;44 41 53.7240 W;19 29 38.3760 S;RETIRO GARCIA;1;35666000
31;39706;5;0;2;FAZENDA;;AGRONAVES;19;SUS    ;44 41 53.7240 W;19 29 38.3760 S;RETIRO GARCIA;6;35666000
31;39706;5;0;2;FAZENDA;;AGRONAVES;18;FNS    ;44 41 47.3100 W;19 29 27.2880 S;RETIRO GARCIA;1;35666000
31;39706;5;0;2;FAZENDA;;AGRONAVES;0;;44 41 47.6280 W;19 29 26.3880 S;RETIRO GARCIA;1;35666000
31;39706;5;0;2;FAZENDA;;AGRONAVES;0;;44 42 32.3340 W;19 29 57.5820 S;RETIRO GARCIA;1;35666000
31;39706;5;0;2;FAZENDA;;AGRONAVES;0;;44 42 29.5500 W;19 28 49.0380 S;RETIRO GARCIA;1;35666000
31;39706;5;0;2;FAZENDA;;AGRONAVES;0;;44 42 29.5500 W;19 28 49.0380 S;RETIRO GARCIA;3;35666000
31;39706;5;0;2;FAZENDA;;AGRONAVES;0;;44 42 31.6560 W;19 28 50.0400 S;RETIRO GARCIA;1;35666000
31;39706;5;0;2;FAZENDA;;AGRONAVES;0;;44 42 28.9200 W;19 28 53.1600 S;RETIRO GARCIA;1;35666000
31;39706;5;0;2;FAZENDA;;LAJINHA;23;SUS    ;44 41 31.7520 W;19 30 3.4920 S;FAZENDA LAJINHA;1;35666000
31;39706;5;0;2;FAZENDA;;LAJINHA;23;SUS    ;44 41 31.7520 W;19 30 3.4920 S;FAZENDA LAJINHA;6;35666000
31;39706;5;0;2;FAZENDA;;LAJINHA;25;SUS    ;44 41 46.8840 W;19 29 47.0220 S;FAZENDA LAJINHA;3;35666000
31;39706;5;0;2;FAZENDA;;LAJINHA;25;SUS    ;44 41 46.8840 W;19 29 47.0220 S;FAZENDA LAJINHA;1;35666000
31;39706;5;0;2;FAZENDA;;LAJINHA;27;SUS    ;44 41 44.4180 W;19 29 42.6120 S;FAZENDA LAJINHA;1;35666000
31;39706;5;0;2;FAZENDA;;LAJINHA;0;;44 41 49.2000 W;19 29 38.6880 S;FAZENDA LAJINHA;1;35666000
31;39706;5;0;2;REGIAO;;DO ESTORNO;11;KM     ;44 41 26.4600 W;19 30 6.0600 S;REGIAO DO ESTORNO;6;35666000
31;39706;5;0;2;SEM;;TERRA;0;;44 41 24.9180 W;19 30 10.2180 S;SEM TERRA;1;35666000
31;39706;5;0;2;SEM;;TERRA;0;;44 41 21.7440 W;19 30 3.9540 S;SEM TERRA;1;35666000
31;39706;5;0;2;SEM;;TERRA;0;;44 41 21.7440 W;19 30 3.9540 S;SEM TERRA;3;35666000
31;39706;5;0;2;ESTRADA;;PARA FAZENDA BARRO BRANCO;0;;44 40 12.4680 W;19 30 20.6400 S;FAZENDA BARRO BRANCO;7;35666000
31;39706;5;0;2;ESTRADA;;PARA FAZENDA BARRO BRANCO;0;;44 40 11.8800 W;19 30 20.9880 S;FAZENDA BARRO BRANCO;7;35666000
31;39706;5;0;2;ESTRADA;;PARA FAZENDA BARRO BRANCO;0;;44 40 8.3640 W;19 30 7.7100 S;FAZENDA BARRO BRANCO;3;35666000
31;39706;5;0;2;ESTRADA;;PARA FAZENDA BARRO BRANCO;0;;44 40 8.3640 W;19 30 7.7100 S;FAZENDA BARRO BRANCO;1;35666000
31;39706;5;0;2;ESTRADA;;PARA FAZENDA BARRO BRANCO;0;;44 40 14.4180 W;19 30 3.8340 S;FAZENDA BARRO BRANCO;3;35666000
31;39706;5;0;2;ESTRADA;;PARA FAZENDA BARRO BRANCO;0;;44 40 14.4180 W;19 30 3.8340 S;FAZENDA BARRO BRANCO;1;35666000
31;39706;5;0;2;ESTRADA;;PARA  FAZENDA RETIRO;3;FNS    ;44 40 19.9020 W;19 29 10.5780 S;FAZENDA RETIRO;6;35666000
31;39706;5;0;2;ESTRADA;;PARA  FAZENDA RETIRO;3;FNS    ;44 40 19.9020 W;19 29 10.5780 S;FAZENDA RETIRO;1;35666000
31;39706;5;0;2;ESTRADA;;PARA  FAZENDA RETIRO;3;FNS    ;44 40 19.9020 W;19 29 10.5780 S;FAZENDA RETIRO;3;35666000
31;39706;5;0;2;ESTRADA;;PARA  FAZENDA RETIRO;2;FNS    ;44 40 7.6140 W;19 29 12.3720 S;FAZENDA RETIRO;1;35666000
31;39706;5;0;2;ESTRADA;;PARA  FAZENDA RETIRO;2;FNS    ;44 40 7.6140 W;19 29 12.3720 S;FAZENDA RETIRO;3;35666000
31;39706;5;0;2;ESTRADA;;PARA  FAZENDA RETIRO;0;;44 39 59.2860 W;19 29 13.3440 S;FAZENDA RETIRO;1;35666000
31;39706;5;0;2;ESTRADA;;PARA  FAZENDA RETIRO;0;;44 40 0.9420 W;19 30 1.8600 S;FAZENDA RETIRO;3;35666000
31;39706;5;0;2;ESTRADA;;PARA  FAZENDA RETIRO;0;;44 39 45.0840 W;19 29 41.9700 S;FAZENDA RETIRO;1;35666000
31;39706;5;0;2;ESTRADA;;PARA  FAZENDA RETIRO;0;;44 39 45.0840 W;19 29 41.9700 S;FAZENDA RETIRO;3;35666000
31;39706;5;0;2;ESTRADA;;PARA  FAZENDA RETIRO;0;;44 40 0.9420 W;19 30 1.8600 S;FAZENDA RETIRO;1;35666000
31;39706;5;0;2;SERRA;;DE PEDRAS MARAVILHAS;431;;44 40 16.4520 W;19 31 5.4480 S;FAZENDA MARAVILHAS PEDRAS;6;35666000
31;39706;5;0;2;FAZENDA;;ESBARRANCADO;0;;44 40 15.9600 W;19 31 4.4700 S;FAZENDA ESBARRANCADO;1;35666000
31;39706;5;0;2;FAZENDA;;ESBARRANCADO;0;;44 40 20.5440 W;19 31 6.0360 S;FAZENDA ESBARRANCADO;1;35666000
31;39706;5;0;2;FAZENDA;;ESBARRANCADO;0;;44 40 16.4580 W;19 31 4.6140 S;FAZENDA ESBARRANCADO;1;35666000
31;39706;5;0;2;FAZENDA;;ESBARRANCADO;0;;44 40 15.9600 W;19 31 4.4700 S;FAZENDA ESBARRANCADO;3;35666000
31;39706;5;0;2;FAZENDA;;CHACARA;0;;44 40 15.1020 W;19 30 41.6100 S;FAZENDA CHACARA;6;35666000
31;39706;5;0;2;FAZENDA;;CHACARA;0;;44 40 4.7820 W;19 30 41.7540 S;FAZENDA CHACARA;1;35666000
31;39706;5;0;2;FAZENDA;;CHACARA;0;;44 40 4.7820 W;19 30 41.7540 S;FAZENDA CHACARA;3;35666000
31;39706;5;0;2;FAZENDA;;CHACARA;0;;44 40 13.2240 W;19 31 5.0640 S;FAZENDA CHACARA;3;35666000
31;39706;5;0;2;FAZENDA;;CHACARA;0;;44 40 15.1020 W;19 30 41.6100 S;FAZENDA CHACARA;1;35666000
31;39706;5;0;2;AREA;;ALTEROSA;0;;44 38 44.9580 W;19 27 41.1720 S;ALTEROSA;3;35666000
31;39706;5;0;2;SITIO;;PIEDADE;0;;44 37 19.1820 W;19 28 8.1900 S;SITIO PIEDADE;1;35666000
31;39706;5;0;2;FAZENDA;;ARANHA;0;;44 39 35.8500 W;19 30 53.2980 S;FAZENDA ARANHA;1;35666000
31;39706;5;0;2;FAZENDA;;ARANHA;0;;44 39 35.8500 W;19 30 53.2980 S;FAZENDA ARANHA;3;35666000
31;39706;5;0;2;FAZENDA;;ARANHA;0;;44 39 13.1100 W;19 30 59.2620 S;FAZENDA ARANHA;3;35666000
31;39706;5;0;2;FAZENDA;;ARANHA;0;;44 39 13.1100 W;19 30 59.2620 S;FAZENDA ARANHA;1;35666000
31;39706;5;0;2;FAZENDA;;ARANHA;0;;44 39 15.8400 W;19 31 2.1120 S;FAZENDA ARANHA;1;35666000
31;39706;5;0;2;FAZENDA;;ARANHA;0;;44 39 16.0380 W;19 31 9.3540 S;FAZENDA ARANHA;1;35666000
31;39706;5;0;2;FAZENDA;;ARANHA;0;;44 39 16.0380 W;19 31 9.3540 S;FAZENDA ARANHA;3;35666000
31;39706;5;0;2;FAZENDA;;ARANHA;0;;44 39 16.0380 W;19 31 9.3540 S;FAZENDA ARANHA;6;35666000
31;39706;5;0;2;FAZENDA;;ARANHA;0;;44 39 49.6020 W;19 30 48.6180 S;FAZENDA ARANHA;6;35666000
31;39706;5;0;2;FAZENDA;;ARANHA;0;;44 39 50.5620 W;19 30 57.1560 S;FAZENDA ARANHA;6;35666000
31;39706;5;0;2;FAZENDA;;ARANHA;0;;44 39 50.5620 W;19 30 57.1560 S;FAZENDA ARANHA;1;35666000
31;39706;5;0;2;FAZENDA;;CANELA;0;;44 39 42.1620 W;19 30 15.6900 S;FAZENDA CANELA;1;35666000
31;39706;5;0;2;FAZENDA;;CANELA;0;;44 39 38.3640 W;19 30 12.1560 S;FAZENDA CANELA;1;35666000
31;39706;5;0;2;FAZENDA;;CANELA;0;;44 38 53.8560 W;19 30 4.5540 S;FAZENDA CANELA;1;35666000
31;39706;5;0;2;FAZENDA;;AGUA LIMPA;0;;44 40 2.9940 W;19 28 55.8120 S;FAZENDA AGUA LIMPA;1;35666000
31;39706;5;0;2;FAZENDA;;STORRA;0;;44 41 8.7720 W;19 29 28.5360 S;FAZENDA STORRA;1;35666000
31;39706;5;0;2;FAZENDA;;CANELA;0;;44 38 53.7660 W;19 30 5.7840 S;FAZENDA CANELA;1;35666000
31;39706;5;0;2;FAZENDA;;CANELA;0;;44 39 8.3580 W;19 30 17.6400 S;FAZENDA CANELA;1;35666000
31;39706;5;0;2;FAZENDA;;CANELA;0;;44 40 9.4020 W;19 30 29.6280 S;FAZENDA CANELA;6;35666000
31;39706;5;0;2;FAZENDA;;CANELA;0;;44 39 57.8820 W;19 30 23.2260 S;FAZENDA CANELA;6;35666000
31;39706;5;0;2;FAZENDA;;CANELA;0;;44 39 58.4160 W;19 30 26.8680 S;FAZENDA CANELA;1;35666000
31;39706;5;0;2;FAZENDA;;LAJINHA;0;;44 36 28.2420 W;19 29 9.9780 S;FAZENDA LAJINHA;1;35666000
31;39706;5;0;2;FAZENDA;;LAJINHA;0;;44 36 28.2420 W;19 29 9.9780 S;FAZENDA LAJINHA;3;35666000
31;39706;5;0;2;FAZENDA;;LAJINHA;0;;44 36 35.3220 W;19 29 24.9720 S;FAZENDA LAJINHA;3;35666000
31;39706;5;0;2;FAZENDA;;TABOCA;6;FNS    ;44 36 28.7400 W;19 28 57.5520 S;FAZENDA TABOCA;1;35666000
31;39706;5;0;2;FAZENDA;;TABOCA;6;FNS    ;44 36 28.7400 W;19 28 57.5520 S;FAZENDA TABOCA;3;35666000
31;39706;5;0;2;FAZENDA;;RABO AMARELO;0;;44 35 44.3280 W;19 29 2.4900 S;FAZENDA RABO AMARELO;3;35666000
31;39706;5;0;2;FAZENDA;;RABO AMARELO;0;;44 35 44.3280 W;19 29 2.4900 S;FAZENDA RABO AMARELO;1;35666000
31;39706;5;0;2;FAZENDA;;RABO AMARELO;8;FNS    ;44 36 41.3760 W;19 29 33.3000 S;FAZENDA RABO AMARELO;1;35666000
31;39706;5;0;2;FAZENDA;;RABO AMARELO;0;;44 36 39.2700 W;19 29 37.1340 S;FAZENDA RABO AMARELO;3;35666000
31;39706;5;0;2;FAZENDA;;RABO AMARELO;0;;44 36 39.2700 W;19 29 37.1340 S;FAZENDA RABO AMARELO;1;35666000
31;39706;5;0;2;FAZENDA;;RABO AMARELO;10;FNS    ;44 36 42.6720 W;19 29 42.2520 S;FAZENDA RABO AMARELO;1;35666000
31;39706;5;0;2;FAZENDA;;ALTO LIMPO;0;;44 38 49.7220 W;19 28 21.2160 S;FAZENDA ALTO LIMPO;1;35666000
31;39706;5;0;2;FAZENDA;;ALTO LIMPO;0;;44 38 49.7220 W;19 28 21.2160 S;FAZENDA ALTO LIMPO;3;35666000
31;39706;5;0;2;FAZENDA;;BELA VISTA;0;;44 37 20.1240 W;19 29 11.6640 S;FAZENDA BELA VISTA;3;35666000
31;39706;5;0;2;FAZENDA;;BELA VISTA;0;;44 37 20.1240 W;19 29 11.6640 S;FAZENDA BELA VISTA;1;35666000
31;39706;5;0;2;FAZENDA;;BELA VISTA;0;;44 37 19.8660 W;19 29 12.2580 S;FAZENDA BELA VISTA;1;35666000
31;39706;5;0;2;FAZENDA;;BARRIGUDA;0;;44 37 17.9760 W;19 27 21.2160 S;FAZENDA BARRIGUDA;1;35666000
31;39706;5;0;2;FAZENDA;;BARRIGUDA;0;;44 37 17.9760 W;19 27 21.2160 S;FAZENDA BARRIGUDA;3;35666000
31;39706;5;0;2;FAZENDA;;BARRIGUDA;0;;44 37 15.5220 W;19 27 28.6140 S;FAZENDA BARRIGUDA;1;35666000
31;39706;5;0;2;FAZENDA;;BARRIGUDA;15;FNS    ;44 37 19.0140 W;19 27 48.8880 S;FAZENDA BARRIGUDA;1;35666000
31;39706;5;0;2;FAZENDA;;GOIABEIRA;0;;44 37 38.6640 W;19 29 19.5900 S;FAZENDA GOIABEIRA;1;35666000
31;39706;5;0;2;SITIO;;CAMPO ALEGRE;0;;44 37 55.7760 W;19 29 21.0240 S;SITIO CAMPO ALEGRE;1;35666000
31;39706;5;0;2;SITIO;;CAMPO ALEGRE;0;;44 37 53.2680 W;19 29 1.6980 S;SITIO CAMPO ALEGRE;1;35666000
31;39706;5;0;2;FAZENDA;;CAMPO ALEGRE;40;FNS    ;44 37 51.8760 W;19 29 17.4240 S;FAZENDA CAMPO ALEGRE;1;35666000
31;39706;5;0;2;FAZENDA;;CAMPO ALEGRE;0;;44 37 50.3640 W;19 29 18.9540 S;FAZENDA CAMPO ALEGRE;1;35666000
31;39706;5;0;2;FAZENDA;;CAMPO ALEGRE;0;;44 37 50.3640 W;19 29 18.9540 S;FAZENDA CAMPO ALEGRE;3;35666000
31;39706;5;0;2;FAZENDA;;CAMPO ALEGRE;0;;44 38 9.2700 W;19 29 37.9200 S;FAZENDA CAMPO ALEGRE;1;35666000
31;39706;5;0;2;FAZENDA;;CAMPO ALEGRE;0;;44 38 9.2700 W;19 29 37.9200 S;FAZENDA CAMPO ALEGRE;3;35666000
31;39706;5;0;2;FAZENDA;;CAMPO ALEGRE;0;;44 37 39.5880 W;19 29 8.9340 S;FAZENDA CAMPO ALEGRE;1;35666000
31;39706;5;0;2;FAZENDA;;CAMPO ALEGRE;0;;44 37 39.5880 W;19 29 8.9340 S;FAZENDA CAMPO ALEGRE;3;35666000
31;39706;5;0;2;FAZENDA;;CAMPO ALEGRE;0;;44 37 36.4500 W;19 29 2.5680 S;FAZENDA CAMPO ALEGRE;3;35666000
31;39706;5;0;2;FAZENDA;;CAMPO ALEGRE;0;;44 37 36.4500 W;19 29 2.5680 S;FAZENDA CAMPO ALEGRE;1;35666000
31;39706;5;0;2;FAZENDA;;CAMPO ALEGRE;0;;44 37 38.2320 W;19 29 2.2259 S;FAZENDA CAMPO ALEGRE;3;35666000
31;39706;5;0;2;FAZENDA;;CAMPO ALEGRE;0;;44 37 38.2320 W;19 29 2.2259 S;FAZENDA CAMPO ALEGRE;1;35666000
31;39706;5;0;2;FAZENDA;;CAMPO ALEGRE;0;;44 37 29.1540 W;19 29 6.6240 S;FAZENDA CAMPO ALEGRE;1;35666000
31;39706;5;0;2;FAZENDA;;CAMPO ALEGRE;0;;44 37 29.1540 W;19 29 6.6240 S;FAZENDA CAMPO ALEGRE;3;35666000
31;39706;5;0;2;FAZENDA;;CAMPO ALEGRE;0;;44 37 39.0240 W;19 29 12.2220 S;FAZENDA CAMPO ALEGRE;1;35666000
31;39706;5;0;2;FAZENDA;;CAMPO ALEGRE;0;;44 37 39.0240 W;19 29 12.2220 S;FAZENDA CAMPO ALEGRE;3;35666000
31;39706;5;0;2;SITIO;;BELA VISTA;0;;44 38 12.9360 W;19 29 3.3900 S;SITIO BELA VISTA;1;35666000
31;39706;5;0;2;SITIO;;BELA VISTA;0;;44 38 12.9360 W;19 29 3.3900 S;SITIO BELA VISTA;3;35666000
31;39706;5;0;2;SITIO;;BELA VISTA;0;;44 38 8.3880 W;19 29 6.1920 S;SITIO BELA VISTA;1;35666000
31;39706;5;0;2;SITIO;;BELA VISTA;0;;44 38 8.3880 W;19 29 6.1920 S;SITIO BELA VISTA;3;35666000
31;39706;5;0;2;FAZENDA;;RIACHO FRIO;3;FNS    ;44 35 58.7100 W;19 28 55.3680 S;FAZENDA RIACHO FRIO;1;35666000
31;39706;5;0;2;FAZENDA;;RIACHO FRIO;3;FNS    ;44 35 58.7100 W;19 28 55.3680 S;FAZENDA RIACHO FRIO;3;35666000
31;39706;5;0;2;FAZENDA;;RIACHO FRIO;0;;44 36 21.7980 W;19 29 10.7100 S;FAZENDA RIACHO FRIO;3;35666000
31;39706;5;0;2;FAZENDA;;RIACHO FRIO;0;;44 36 21.7980 W;19 29 10.7100 S;FAZENDA RIACHO FRIO;1;35666000
31;39706;5;0;2;FAZENDA;;RIACHO FRIO;0;;44 35 30.3540 W;19 29 41.4720 S;FAZENDA RIACHO FRIO;1;35666000
31;39706;5;0;2;FAZENDA;;RIACHO FRIO;2;FNS    ;44 35 37.2120 W;19 29 49.7040 S;FAZENDA RIACHO FRIO;1;35666000
31;39706;5;0;2;FAZENDA;;RIACHO FRIO;2;FNS    ;44 35 37.2120 W;19 29 49.7040 S;FAZENDA RIACHO FRIO;3;35666000
31;39706;5;0;2;FAZENDA;;LAGOA DO MATO;0;;44 35 21.4500 W;19 28 15.1560 S;FAZENDA LAGOA DO MATO;1;35666000
31;39706;5;0;2;FAZENDA;;LAGOA DO MATO;0;;44 35 21.4500 W;19 28 15.1560 S;FAZENDA LAGOA DO MATO;3;35666000
31;39706;5;0;2;FAZENDA;;ALEGRE;0;;44 35 32.9220 W;19 26 7.9380 S;FAZENDA ALEGRE;3;35666000
31;39706;5;0;2;FAZENDA;;ALEGRE;0;;44 35 32.9220 W;19 26 7.9380 S;FAZENDA ALEGRE;1;35666000
31;39706;5;0;2;FAZENDA;;MONJOLOS;0;;44 34 32.8980 W;19 26 46.8060 S;FAZENDA MONJOLOS;1;35666000
31;39706;5;0;2;FAZENDA;;MONJOLOS;1;SUS    ;44 34 18.1380 W;19 26 34.7640 S;FAZENDA MONJOLOS;1;35666000
31;39706;5;0;2;FAZENDA;;MONJOLOS;1;SUS    ;44 34 18.1380 W;19 26 34.7640 S;FAZENDA MONJOLOS;3;35666000
31;39706;5;0;2;FAZENDA;;MONJOLOS;0;;44 34 38.7420 W;19 26 15.0480 S;FAZENDA MONJOLOS;1;35666000
31;39706;5;0;2;FAZENDA;;BARREIRO PRETO;6;SUS    ;44 42 10.2060 W;19 28 26.6640 S;FAZENDA BARREIRO PRETO;3;35666000
31;39706;5;0;2;FAZENDA;;BARREIRO PRETO;0;;44 41 40.4280 W;19 28 54.7980 S;FAZENDA BARREIRO PRETO;1;35666000
31;39706;5;0;2;FAZENDA;;MONJOLOS;0;;44 34 42.6060 W;19 26 14.6880 S;FAZENDA MONJOLOS;1;35666000
31;39706;5;0;2;FAZENDA;;MONJOLOS;0;;44 34 33.4920 W;19 26 46.6560 S;FAZENDA MONJOLOS;1;35666000
31;39706;5;0;2;FAZENDA;;GIMIRO;2;FNS    ;44 39 59.4420 W;19 30 16.3560 S;FAZENDA GIMIRO;1;35666000
31;39706;5;0;2;FAZENDA;;GIMIRO;2;FNS    ;44 39 59.4420 W;19 30 16.3560 S;FAZENDA GIMIRO;3;35666000
31;39706;5;0;2;FAZENDA;;GIMIRO;0;;44 39 54.6540 W;19 30 13.1220 S;FAZENDA GIMIRO;3;35666000
31;39706;5;0;2;FAZENDA;;GIMIRO;0;;44 39 54.6540 W;19 30 13.1220 S;FAZENDA GIMIRO;1;35666000
31;39706;5;0;2;FAZENDA;;MACUNAM;0;;44 33 3.4140 W;19 31 39.7860 S;PROXIMO AO RIO PARAOPEBA;1;35666000
31;39706;5;0;2;FAZENDA;;MACUNAM;0;;44 33 3.4140 W;19 31 39.7860 S;PROXIMO AO RIO PARAOPEBA;3;35666000
31;39706;5;0;2;FAZENDA;;CACHOEIRA;0;;44 37 35.9280 W;19 31 16.0500 S;PROXIMO ESTRADA PRINCIPAL;1;35666000
31;39706;5;0;2;FAZENDA;;CACHOEIRA;0;;44 37 35.9280 W;19 31 16.0500 S;PROXIMO ESTRADA PRINCIPAL;3;35666000
31;39706;5;0;2;FAZENDA;;CACHOEIRA;0;;44 37 35.3220 W;19 31 16.5300 S;PROXIMO ESTRADA PRINCIPAL;1;35666000
31;39706;5;0;2;FAZENDA;;CACHOEIRA;0;;44 37 31.9080 W;19 31 16.4040 S;PROXIMO ESTRADA PRINCIPAL;1;35666000
31;39706;5;0;2;FAZENDA;;CACHOEIRA;0;;44 37 31.9080 W;19 31 16.4040 S;PROXIMO ESTRADA PRINCIPAL;3;35666000
31;39706;5;0;2;FAZENDA;;CACHOEIRA;0;;44 37 26.8800 W;19 31 18.2280 S;PROXIMO ESTRADA PRINCIPAL;3;35666000
31;39706;5;0;2;FAZENDA;;VARGEM FERREIRA;5;FNS    ;44 37 48.9120 W;19 32 10.7220 S;PROXIMO A BR;1;35666000
31;39706;5;0;2;FAZENDA;;VARGEM FERREIRA;4;SUS    ;44 37 22.0380 W;19 31 57.0300 S;PROXIMO A BR;1;35666000
31;39706;5;0;2;FAZENDA;;VARGEM FERREIRA;4;SUS    ;44 37 22.0380 W;19 31 57.0300 S;PROXIMO A BR;3;35666000
31;39706;5;0;2;FAZENDA;;VARGEM FERREIRA;0;;44 37 8.5860 W;19 32 1.5720 S;PROXIMO A BR;1;35666000
31;39706;5;0;2;FAZENDA;;VARGEM FERREIRA;0;;44 36 54.5520 W;19 31 19.5840 S;PROXIMO A BR;1;35666000
31;39706;5;0;2;FAZENDA;;VARGEM FERREIRA;0;;44 37 8.4000 W;19 31 59.7600 S;PROXIMO A BR;1;35666000
31;39706;5;0;2;FAZENDA;;SAPECADO;0;;44 39 2.7240 W;19 32 53.1060 S;PROXIMO ASFALTO;1;35666000
31;39706;5;0;2;FAZENDA;;SAPECADO;8;FNS    ;44 38 50.7180 W;19 32 28.8420 S;PROXIMO ASFALTO;1;35666000
31;39706;5;0;2;FAZENDA;;SAPECADO;8;FNS    ;44 38 50.7180 W;19 32 28.8420 S;PROXIMO ASFALTO;3;35666000
31;39706;5;0;2;FAZENDA;;BARRA DE BAIXO;0;;44 37 37.1580 W;19 26 24.8100 S;FAZENDA BARRA DE BAIXO;1;35666000
31;39706;5;0;2;FAZENDA;;BARRA DE BAIXO;0;;44 37 37.1580 W;19 26 24.8100 S;FAZENDA BARRA DE BAIXO;3;35666000
31;39706;5;0;2;FAZENDA;;BARRA DE BAIXO;0;;44 36 29.7660 W;19 26 12.6660 S;FAZENDA BARRA DE BAIXO;3;35666000
31;39706;5;0;2;FAZENDA;;BARRA DE BAIXO;0;;44 36 29.7660 W;19 26 12.6660 S;FAZENDA BARRA DE BAIXO;1;35666000
31;39706;5;0;2;FAZENDA;;BARRA DE BAIXO;0;;44 36 30.6540 W;19 26 14.7660 S;FAZENDA BARRA DE BAIXO;1;35666000
31;39706;5;0;2;FAZENDA;;BARRA DE BAIXO;0;;44 36 30.6540 W;19 26 14.7660 S;FAZENDA BARRA DE BAIXO;3;35666000
31;39706;5;0;2;FAZENDA;;BARRA DE BAIXO;0;;44 36 35.8620 W;19 26 16.0980 S;FAZENDA BARRA DE BAIXO;1;35666000
31;39706;5;0;2;FAZENDA;;BARRA DE BAIXO;0;;44 36 35.8620 W;19 26 16.0980 S;FAZENDA BARRA DE BAIXO;3;35666000
31;39706;5;0;2;FAZENDA;;BARRA DE BAIXO;0;;44 36 39.8040 W;19 25 40.4580 S;FAZENDA BARRA DE BAIXO;1;35666000
31;39706;5;0;2;FAZENDA;;BARRA DE BAIXO;0;;44 36 39.6780 W;19 25 39.5880 S;FAZENDA BARRA DE BAIXO;1;35666000
31;39706;5;0;2;FAZENDA;;BARRA DE BAIXO;0;;44 36 39.6780 W;19 25 39.5880 S;FAZENDA BARRA DE BAIXO;3;35666000
31;39706;5;0;2;FAZENDA;;BARRA DE BAIXO;0;;44 36 39.5640 W;19 25 40.9500 S;FAZENDA BARRA DE BAIXO;1;35666000
31;39706;5;0;2;FAZENDA;;BARRA DE BAIXO;0;;44 36 39.5640 W;19 25 40.9500 S;FAZENDA BARRA DE BAIXO;3;35666000
31;39706;5;0;2;FAZENDA;;BARRA DE BAIXO;2;FNS    ;44 36 37.9440 W;19 25 46.6200 S;FAZENDA BARRA DE BAIXO;1;35666000
31;39706;5;0;2;FAZENDA;;BARRA DE BAIXO;0;;44 37 18.2280 W;19 25 3.3840 S;FAZENDA BARRA DE BAIXO;1;35666000
31;39706;5;0;2;FAZENDA;;BARRA DE BAIXO;2;FNS    ;44 36 37.9440 W;19 25 46.6200 S;FAZENDA BARRA DE BAIXO;3;35666000
31;39706;5;0;2;FAZENDA;;SITIO SAO JUDAS TADEU;0;;44 37 34.4100 W;19 26 36.4500 S;FAZENDA BARRA DE BAIXO;1;35666000
31;39706;5;0;2;FAZENDA;;RETIRO;0;;44 39 8.7120 W;19 29 0.1680 S;FAZENDA RETIRO;1;35666000
31;39706;5;0;2;FAZENDA;;RETIRO;25;FNS    ;44 39 39.6780 W;19 29 13.2180 S;FAZENDA RETIRO;1;35666000
31;39706;5;0;2;FAZENDA;;RETIRO;25;FNS    ;44 39 39.6780 W;19 29 13.2180 S;FAZENDA RETIRO;3;35666000
31;39706;5;0;2;FAZENDA;;RETIRO;0;;44 38 42.2100 W;19 28 27.6300 S;FAZENDA RETIRO;3;35666000
31;39706;5;0;2;FAZENDA;;RETIRO;0;;44 38 42.2100 W;19 28 27.6300 S;FAZENDA RETIRO;1;35666000
31;39706;5;0;2;FAZENDA;;RETIRO;0;;44 39 36.7560 W;19 29 43.2300 S;FAZENDA RETIRO;1;35666000
31;39706;5;0;2;FAZENDA;;RETIRO;0;;44 39 2.1000 W;19 29 4.3500 S;FAZENDA RETIRO;1;35666000
31;39706;5;0;2;FAZENDA;;RETIRO;0;;44 39 2.1600 W;19 28 58.7640 S;FAZENDA RETIRO;1;35666000
31;39706;5;0;2;FAZENDA;;RETIRO;0;;44 39 39.5880 W;19 29 34.6560 S;FAZENDA RETIRO;3;35666000
31;39706;5;0;2;FAZENDA;;RETIRO;0;;44 39 39.5880 W;19 29 34.6560 S;FAZENDA RETIRO;1;35666000
31;39706;5;0;2;FAZENDA;;RETIRO;0;;44 39 32.6340 W;19 29 28.5180 S;FAZENDA RETIRO;1;35666000
31;39706;5;0;2;FAZENDA;;RETIRO;0;;44 39 38.6760 W;19 29 25.0140 S;FAZENDA RETIRO;3;35666000
31;39706;5;0;2;FAZENDA;;RETIRO;0;;44 39 38.6760 W;19 29 25.0140 S;FAZENDA RETIRO;1;35666000
31;39706;5;0;2;FAZENDA;;RETIRO;29;FNS    ;44 39 38.1720 W;19 29 21.4200 S;FAZENDA RETIRO;1;35666000
31;39706;5;0;2;FAZENDA;;RETIRO;29;FNS    ;44 39 38.1720 W;19 29 21.4200 S;FAZENDA RETIRO;3;35666000
31;39706;5;0;2;FAZENDA;;RETIRO;0;;44 39 10.1400 W;19 28 55.8840 S;FAZENDA RETIRO;1;35666000
31;39706;5;0;2;FAZENDA;;CARRAPATO;0;;44 38 52.1760 W;19 28 46.2600 S;FAZENDA CARRAPATO;1;35666000
31;39706;5;0;2;FAZENDA;;CARRAPATO;0;;44 39 2.2500 W;19 28 52.0140 S;FAZENDA CARRAPATO;1;35666000
31;39706;5;0;2;FAZENDA;;CARRAPATO;0;;44 38 53.0640 W;19 29 2.3760 S;FAZENDA CARRAPATO;3;35666000
31;39706;5;0;2;FAZENDA;;CARRAPATO;0;;44 38 53.0640 W;19 29 2.3760 S;FAZENDA CARRAPATO;1;35666000
31;39706;5;0;2;FAZENDA;;BOA VISTA;0;;44 37 27.3540 W;19 28 10.5840 S;FAZENDA BOA VISTA;1;35666000
31;39706;5;0;2;FAZENDA;;BOA VISTA;0;;44 37 27.3540 W;19 28 10.5840 S;FAZENDA BOA VISTA;3;35666000
31;39706;5;0;2;FAZENDA;;CANELA;0;;44 39 8.3580 W;19 30 17.6400 S;FAZENDA CANELA;3;35666000
31;39706;5;0;2;FAZENDA;;CANELA;0;;44 38 53.7660 W;19 30 5.7840 S;FAZENDA CANELA;3;35666000
31;39706;5;0;2;FAZENDA;;BOA VISTA;0;;44 37 54.7680 W;19 29 6.4920 S;FAZENDA BOA VISTA;1;35666000
31;39706;5;0;2;FAZENDA;;BOA VISTA;48;FNS    ;44 37 59.7480 W;19 29 10.7880 S;FAZENDA BOA VISTA;1;35666000
31;39706;5;0;2;FAZENDA;;BOA VISTA;0;;44 37 48.1380 W;19 29 2.2020 S;FAZENDA BOA VISTA;1;35666000
31;39706;5;0;2;FAZENDA;;BOA VISTA;0;;44 37 48.1380 W;19 29 2.2020 S;FAZENDA BOA VISTA;3;35666000
31;39706;5;0;2;FAZENDA;;BOA VISTA;30;FNS    ;44 37 32.0100 W;19 28 42.9960 S;FAZENDA BOA VISTA;1;35666000
31;39706;5;0;2;FAZENDA;;BARRA DE CIMA;0;;44 38 11.9280 W;19 28 0.2460 S;FAZENDA BARRA DE BAIXO;1;35666000
31;39706;5;0;2;FAZENDA;;BARRA DE CIMA;0;;44 38 11.9280 W;19 28 0.2460 S;FAZENDA BARRA DE BAIXO;3;35666000
31;39706;5;0;2;FAZENDA;;BARRA DE CIMA;0;;44 37 53.8800 W;19 27 21.8700 S;FAZENDA BARRA DE BAIXO;1;35666000
31;39706;5;0;2;FAZENDA;;BARRA DE CIMA;0;;44 37 44.7120 W;19 26 56.8680 S;FAZENDA BARRA DE BAIXO;1;35666000
31;39706;5;0;2;FAZENDA;;BARRA DE CIMA;0;;44 37 44.7120 W;19 26 56.8680 S;FAZENDA BARRA DE BAIXO;3;35666000
31;39706;5;0;2;FAZENDA;;BARRA DE CIMA;0;;44 37 51.1620 W;19 26 50.6400 S;FAZENDA BARRA DE BAIXO;3;35666000
31;39706;5;0;2;FAZENDA;;BARRA DE CIMA;0;;44 37 51.1620 W;19 26 50.6400 S;FAZENDA BARRA DE BAIXO;1;35666000
31;39706;5;0;2;FAZENDA;;BARRA DE CIMA;55;FNS    ;44 38 4.0680 W;19 27 3.9239 S;FAZENDA BARRA DE BAIXO;1;35666000
31;39706;5;0;2;FAZENDA;;BARRA DE CIMA;55;FNS    ;44 38 4.0680 W;19 27 3.9239 S;FAZENDA BARRA DE BAIXO;3;35666000
31;39706;5;0;2;FAZENDA;;BARRA DE CIMA;0;;44 37 47.0700 W;19 26 49.3860 S;FAZENDA BARRA DE BAIXO;1;35666000
31;39706;5;0;2;FAZENDA;;BARRA DE CIMA;0;;44 37 30.2220 W;19 26 59.5320 S;FAZENDA BARRA DE BAIXO;1;35666000
31;39706;5;0;2;FAZENDA;;BARRA DE CIMA;0;;44 37 30.2220 W;19 26 59.5320 S;FAZENDA BARRA DE BAIXO;3;35666000
31;39706;5;0;2;FAZENDA;;BARRA DE CIMA;0;;44 37 22.8120 W;19 27 34.2840 S;FAZENDA BARRA DE BAIXO;1;35666000
31;39706;5;0;2;FAZENDA;;BARRA DE CIMA;0;;44 37 17.5620 W;19 27 56.7900 S;FAZENDA BARRA DE BAIXO;1;35666000
31;39706;5;0;2;FAZENDA;;BARRA DE CIMA;0;;44 37 17.5620 W;19 27 56.7900 S;FAZENDA BARRA DE BAIXO;3;35666000
31;39706;5;0;2;FAZENDA;;BARRA DE CIMA;0;;44 37 14.6880 W;19 28 2.1600 S;FAZENDA BARRA DE BAIXO;1;35666000
31;39706;5;0;2;FAZENDA;;BARRA DE CIMA;0;;44 38 13.8480 W;19 27 48.2880 S;FAZENDA BARRA DE BAIXO;1;35666000
31;39706;5;0;2;FAZENDA;;CORREGO GRANDE;0;;44 35 28.8660 W;19 30 20.6880 S;FAZENDA CORREGO GRANDE;1;35666000
31;39706;5;0;2;FAZENDA;;CORREGO GRANDE;0;;44 35 28.8660 W;19 30 20.6880 S;FAZENDA CORREGO GRANDE;3;35666000
31;39706;5;0;2;AREA;;BOA VISTA;0;;44 37 31.1880 W;19 28 15.7680 S;BOA VISTA;4;35666000
31;39706;5;0;2;AREA;;BOA VISTA;0;;44 37 31.1880 W;19 28 15.7680 S;BOA VISTA;5;35666000
31;39706;5;0;2;AREA;;BOA VISTA;0;;44 37 31.1880 W;19 28 15.7680 S;BOA VISTA;6;35666000
31;39706;5;0;2;AREA;;BOA VISTA;0;;44 37 32.2260 W;19 28 17.2380 S;BOA VISTA;1;35666000
31;39706;5;0;2;AREA;;BOA VISTA;0;;44 37 31.2120 W;19 28 15.8880 S;BOA VISTA;1;35666000
31;39706;5;0;2;AREA;;BOA VISTA;0;;44 37 41.8200 W;19 28 43.3620 S;BOA VISTA;3;35666000
31;39706;5;0;2;AREA;;BOA VISTA;0;;44 37 32.3160 W;19 28 47.3640 S;BOA VISTA;1;35666000
31;39706;5;0;2;AREA;;BOA VISTA;0;;44 37 38.5140 W;19 28 37.1040 S;BOA VISTA;1;35666000
31;39706;5;0;2;AREA;;BOA VISTA;0;;44 37 27.3180 W;19 28 1.2540 S;BOA VISTA;1;35666000
31;39706;5;0;2;AREA;;BOA VISTA;0;;44 37 26.6220 W;19 28 0.5220 S;BOA VISTA;1;35666000
31;39706;5;0;2;AREA;;BOA VISTA;0;;44 37 4.3800 W;19 28 25.0500 S;BOA VISTA;1;35666000
31;39706;5;0;2;AREA;;BOA VISTA;0;;44 37 6.7500 W;19 28 20.2020 S;BOA VISTA;1;35666000
31;39706;5;0;2;AREA;;BOA VISTA;0;;44 37 31.9020 W;19 28 32.1480 S;BOA VISTA;3;35666000
31;39706;5;0;2;AREA;;BOA VISTA;0;;44 37 31.9020 W;19 28 32.1480 S;BOA VISTA;1;35666000
31;39706;5;0;2;AREA;;BOA VISTA;0;;44 37 39.4920 W;19 28 48.9900 S;BOA VISTA;1;35666000
31;39706;5;0;2;COMUNIDADE;;EXTREMA;0;;44 40 10.0620 W;19 26 34.6020 S;COMUNIDADE EXTREMA;1;35666000
31;39706;5;0;2;COMUNIDADE;;EXTREMA;0;;44 40 19.6260 W;19 26 47.5500 S;COMUNIDADE EXTREMA;1;35666000
31;39706;5;0;2;COMUNIDADE;;EXTREMA;0;;44 40 19.6260 W;19 26 47.5500 S;COMUNIDADE EXTREMA;6;35666000
31;39706;5;0;2;COMUNIDADE;;EXTREMA;120;SUCAM  ;44 40 11.0940 W;19 26 31.8240 S;COMUNIDADE EXTREMA;1;35666000
31;39706;5;0;2;COMUNIDADE;;EXTREMA;0;;44 39 7.1820 W;19 25 54.1080 S;COMUNIDADE EXTREMA;1;35666000
31;39706;5;0;2;COMUNIDADE;;EXTREMA;0;;44 39 5.9640 W;19 25 54.7440 S;COMUNIDADE EXTREMA;1;35666000
31;39706;5;0;2;COMUNIDADE;;EXTREMA;0;;44 39 5.9640 W;19 25 54.7440 S;COMUNIDADE EXTREMA;3;35666000
31;39706;5;0;2;COMUNIDADE;;EXTREMA;0;;44 39 17.1900 W;19 26 4.6320 S;COMUNIDADE EXTREMA;1;35666000
31;39706;5;0;2;COMUNIDADE;;EXTREMA;0;;44 39 48.3900 W;19 26 4.9860 S;COMUNIDADE EXTREMA;3;35666000
31;39706;5;0;2;COMUNIDADE;;EXTREMA;0;;44 39 48.3900 W;19 26 4.9860 S;COMUNIDADE EXTREMA;1;35666000
31;39706;5;0;2;COMUNIDADE;;EXTREMA;0;;44 39 49.2540 W;19 26 6.3120 S;COMUNIDADE EXTREMA;3;35666000
31;39706;5;0;2;COMUNIDADE;;EXTREMA;0;;44 39 49.2540 W;19 26 6.3120 S;COMUNIDADE EXTREMA;1;35666000
31;39706;5;0;2;COMUNIDADE;;EXTREMA;25;FNS    ;44 39 52.0920 W;19 26 9.2280 S;COMUNIDADE EXTREMA;3;35666000
31;39706;5;0;2;COMUNIDADE;;EXTREMA;25;FNS    ;44 39 52.0920 W;19 26 9.2280 S;COMUNIDADE EXTREMA;1;35666000
31;39706;5;0;2;COMUNIDADE;;EXTREMA;17;SUCAM  ;44 39 59.9640 W;19 26 13.1580 S;COMUNIDADE EXTREMA;3;35666000
31;39706;5;0;2;COMUNIDADE;;EXTREMA;17;SUCAM  ;44 39 59.9640 W;19 26 13.1580 S;COMUNIDADE EXTREMA;1;35666000
31;39706;5;0;2;COMUNIDADE;;EXTREMA;0;;44 40 4.7220 W;19 26 20.7720 S;COMUNIDADE EXTREMA;1;35666000
31;39706;5;0;2;COMUNIDADE;;EXTREMA;0;;44 40 4.7220 W;19 26 20.7720 S;COMUNIDADE EXTREMA;3;35666000
31;39706;5;0;2;FAZENDA;;FORQUILHA;0;;44 38 12.0600 W;19 28 0.1500 S;FAZENDA FORQUILA;3;35666000
31;39706;5;0;2;FAZENDA;;FORQUILHA;0;;44 38 12.0600 W;19 28 0.1500 S;FAZENDA FORQUILA;1;35666000
31;39706;5;0;1;ESTRADA;;SITIO DO VOVO;0;SN     ;44 40 30.0000 W;19 30 32.1060 S;MARAVILHAS;6;35666000
31;39706;5;0;1;LOTEAMENTO;;JOAO DONE;0;SN     ;44 40 36.2520 W;19 30 21.2880 S;MARAVILHAS;7;35666000
31;39706;5;0;1;FAZENDA;;CANELA;0;SN     ;44 40 37.9860 W;19 30 14.0220 S;MARAVILHAS;1;35666000
31;39706;5;0;2;FAZENDA;;MONJOLOS;0;;44 34 38.7420 W;19 26 15.0480 S;FAZENDA MONJOLOS;3;35666000
31;39706;5;0;2;FAZENDA;;MONJOLOS;0;;44 34 42.6060 W;19 26 14.6880 S;FAZENDA MONJOLOS;3;35666000
