COD_UF;COD_MUNICIPIO;COD_DISTRITO;COD_SUBDISTRITO;SITUACAO;NOM_TIPO_SEGLOGR;NOM_TITULO_SEGLOGR;NOM_SEGLOGR;NUM_ENDERECO;DSC_MODIFICADOR;NOM_COMP_ELEM1;VAL_COMP_ELEM1;NOM_COMP_ELEM2;VAL_COMP_ELEM2;NOM_COMP_ELEM3;VAL_COMP_ELEM3;NOM_COMP_ELEM4;VAL_COMP_ELEM4;NOM_COMP_ELEM5;VAL_COMP_ELEM5;LATITUDE;LONGITUDE;ALTITUDE;DSC_LOCALIDADE;COD_ESPECIE;CEP
31;39706;05;00;2;ESTRADA;;MARAVILHAS PARA CHACARA;3.0;FNS;;;;;;;;;;;-19.555343333333333;-44.691628305555554;783.0;CACHOEIRINHA;3;35666000
31;39706;05;00;2;ESTRADA;;MARAVILHAS PARA CHACARA;;SN;;;;;;;;;;;-19.52787497222222;-44.69784833333333;735.0;MARAVILHAS;3;35666000
31;39706;05;00;2;ESTRADA;;MARAVILHAS PARA CHACARA;;SN;;;;;;;;;;;-19.547676666666668;-44.70130833333334;790.0;MARAVILHAS;3;35666000
31;39706;05;00;2;ESTRADA;;MARAVILHAS PARA CHACARA;;SN;;;;;;;;;;;-19.542888305555557;-44.714604972222226;;MARAVILHAS;3;35666000
31;39706;05;00;2;ESTRADA;;MARAVILHAS PARA CHACARA;;SN;;;;;;;;;;;-19.531124972222223;-44.69859830555555;721.0;MARAVILHAS;3;35666000
31;39706;05;00;2;ESTRADA;;MARAVILHAS PARA CHACARA;;SN;;;;;;;;;;;-19.529813305555553;-44.69683833333333;729.0;MARAVILHAS;3;35666000
31;39706;05;00;2;ESTRADA;;MARAVILHAS PARA CHACARA;;SN;;;;;;;;;;;-19.543979972222225;-44.709653305555555;;MARAVILHAS;3;35666000
31;39706;05;00;2;ESTRADA;;MARAVILHAS PARA CHACARA;;SN;;;;;;;;;;;-19.536348333333336;-44.716878333333334;;MARAVILHAS;3;35666000
31;39706;05;00;2;ESTRADA;;MARAVILHAS PARA CHACARA;;SN;;;;;;;;;;;-19.54254663888889;-44.712023333333335;;MARAVILHAS;3;35666000
31;39706;05;00;2;ESTRADA;;MARAVILHAS PARA CHACARA;;SN;;;;;;;;;;;-19.547355000000003;-44.69553663888889;777.0;MARAVILHAS;3;35666000
31;39706;05;00;2;ESTRADA;;PARA POVOADO CHACARA;;SN;;;;;;;;;;;-19.534488333333336;-44.72154997222223;;MARAVILHAS;3;35666000
31;39706;05;00;2;ESTRADA;;PARA POVOADO CHACARA;;SN;;;;;;;;;;;-19.54265663888889;-44.71815;;MARAVILHAS;3;35666000
31;39706;05;00;2;ESTRADA;;PARA POVOADO CHACARA;;SN;;;;;;;;;;;-19.541511638888892;-44.719550000000005;;MARAVILHAS;3;35666000
31;39706;05;00;2;ESTRADA;;PARA POVOADO CHACARA;;SN;;;;;;;;;;;-19.53506830555556;-44.74375;;MARAVILHAS;3;35666000
31;39706;05;00;2;ESTRADA;;PARA POVOADO CHACARA;;SN;;;;;;;;;;;-19.552813333333333;-44.71852666666667;;MARAVILHAS;3;35666000
31;39706;05;00;2;ESTRADA;;PARA POVOADO CHACARA;;SN;;;;;;;;;;;-19.536408305555558;-44.71694;;MARAVILHAS;3;35666000
31;39706;05;00;2;ESTRADA;;PITO ACESO;2.0;FNS;;;;;;;;;;;-19.567338333333332;-44.72546497222223;776.0;SAO JOSE DE CHACARA;3;35666000
31;39706;05;00;2;ESTRADA;;PITO ACESO;7.0;FNS;;;;;;;;;;;-19.56544166666667;-44.736376666666665;;SAO JOSE DE CHACARA;3;35666000
31;39706;05;00;2;ESTRADA;;RIACHO DE AREIA;70.0;SUS;;;;;;;;;;;-19.49197163888889;-44.76461;;RIACHO DE AREIA;3;35666000
31;39706;05;00;2;FAZENDA;;CAPOEIRA DE DENTRO;;SN;;;;;;;;;;;-19.539956638888892;-44.669176666666665;823.0;CAPOEIRA DE DENTRO;3;35666000
31;39706;05;00;2;FAZENDA;;CAPOEIRA DE DENTRO;;SN;;;;;;;;;;;-19.530065;-44.67545830555555;762.0;CAPOEIRA DE DENTRO;3;35666000
31;39706;05;00;2;FAZENDA;;CAPOEIRA DE DENTRO;;SN;;;;;;;;;;;-19.53025497222222;-44.68106497222222;772.0;CAPOEIRA DE DENTRO;3;35666000
31;39706;05;00;2;FAZENDA;;RIACHO;2.0;KM;;;;;;;;;;;-19.511338333333335;-44.70018;743.0;ALTEROSA;3;35666000
31;39706;05;00;2;FAZENDA;;SAPECADO;;SN;;;;;;;;;;;-19.54725666666667;-44.66126666666666;762.0;SAPECADO;3;35666000
31;39706;05;00;2;FAZENDA;;SUMARE;;SN;;;;;;;;;;;-19.51315333333333;-44.68799166666666;780.0;ZONA RURAL;3;35666000
31;39706;05;00;2;FAZENDA;;VISA;;SN;;;;;;;;;;;-19.546905000000002;-44.67190330555555;772.0;VISA;3;35666000
31;39706;05;00;2;POVOADO;;CATITA DE BAIXO;;SN;;;;;;;;;;;-19.533503333333336;-44.74217497222222;;CATITA DE BAIXO;3;35666000
31;39706;05;00;2;POVOADO;;CATITA DE BAIXO;89.0;FUNASA;;;;;;;;;;;-19.53373666666667;-44.744645;;CATITA DE BAIXO;3;35666000
31;39706;05;00;2;POVOADO;;CATITA DE BAIXO;777.0;;;;;;;;;;;;-19.543003333333335;-44.751893333333335;;MANGABEIRA;3;35666000
31;39706;05;00;2;POVOADO;;CATITA DE BAIXO;2.0;;;;;;;;;;;;-19.531695;-44.736815;;VARGEM DA VENDA;3;35666000
31;39706;05;00;2;POVOADO;;CATITA DE BAIXO;;SN;;;;;;;;;;;-19.53713;-44.73836;;VARGEM DA VENDA;3;35666000
31;39706;05;00;2;POVOADO;;CATITA DE CIMA;10.0;FUNASA;;;;;;;;;;;-19.570186666666668;-44.73588497222222;775.0;PITO ACESO;3;35666000
31;39706;05;00;2;POVOADO;;CATITA DO MEIO;12.0;FNS;;;;;;;;;;;-19.55471663888889;-44.74642166666667;;CATITA DO MEIO;3;35666000
31;39706;05;00;2;POVOADO;;CATITA DO MEIO;28.0;FNS;;;;;;;;;;;-19.555;-44.744191666666666;;CATITA DO MEIO;3;35666000
31;39706;05;00;2;POVOADO;;CATITA DO MEIO;537.0;;;;;;;;;;;;-19.557614972222222;-44.743006666666666;;SAO GERALDO;3;35666000
31;39706;05;00;2;POVOADO;;CHACARA;1.0;FUNASA;;;;;;;;;;;-19.521936666666665;-44.728570000000005;;CHACARA;3;35666000
31;39706;05;00;2;POVOADO;;CHACARA;3.0;FUNASA;;;;;;;;;;;-19.534291666666668;-44.724494972222224;;CHACARA;3;35666000
31;39706;05;00;2;POVOADO;;CHACARA;5.0;FUNASA;;;;;;;;;;;-19.549249972222224;-44.725051666666666;;CHACARA;3;35666000
31;39706;05;00;2;POVOADO;;CHACARA;400.0;;;;;;;;;;;;-19.546390000000002;-44.720886666666665;;CHACARA;3;35666000
31;39706;05;00;2;POVOADO;;CHACARA;210.0;;;;;;;;;;;;-19.556858333333334;-44.71787163888889;;MARAVILHAS;3;35666000
31;39706;05;00;2;POVOADO;;DO COSTAS;;SN;;;;;;;;;;;-19.503928333333334;-44.75488830555555;;COSTAS;3;35666000
31;39706;05;00;2;POVOADO;;DO COSTAS;;SN;;;;;;;;;;;-19.50878997222222;-44.745581666666666;;COSTAS;3;35666000
31;39706;05;00;2;POVOADO;;PITO ACESO;;SN;;;;;;;;;;;-19.57330333333333;-44.73030833333333;;PITO ACESO;3;35666000
31;39706;05;00;2;POVOADO;;PITO ACESO;;SN;;;;;;;;;;;-19.591845;-44.725505000000005;770.0;PITO ACESO;3;35666000
31;39706;05;00;2;POVOADO;;PITO ACESO;;SN;;;;;;;;;;;-19.569028305555555;-44.74273163888889;777.0;PITO ACESO;3;35666000
31;39706;05;00;2;POVOADO;;PITO ACESO;;SN;;;;;;;;;;;-19.567756638888888;-44.747643305555556;;PITO ACESO;3;35666000
31;39706;05;00;2;POVOADO;;PITO ACESO;7.0;SUS;;;;;;;;;;;-19.563728333333334;-44.73904666666667;;PITO ACESO;3;35666000
31;39706;05;00;2;POVOADO;;PITO ACESO;12.0;SUS;;;;;;;;;;;-19.574594972222222;-44.736159972222225;766.0;PITO ACESO;3;35666000
31;39706;05;00;2;POVOADO;;PITO ACESO;13.0;SUS;;;;;;;;;;;-19.57618;-44.73407666666667;;PITO ACESO;3;35666000
31;39706;05;00;2;POVOADO;;PITO ACESO;19.0;SUS;;;;;;;;;;;-19.597093305555553;-44.72875166666667;796.0;PITO ACESO;3;35666000
31;39706;05;00;2;POVOADO;;PITO ACESO;20.0;FNS;;;;;;;;;;;-19.587878305555556;-44.73869166666667;767.0;PITO ACESO;3;35666000
31;39706;05;00;2;POVOADO;;PITO ACESO;26.0;;;;;;;;;;;;-19.56334497222222;-44.742358333333335;;PITO ACESO;3;35666000
31;39706;05;00;2;POVOADO;;PITO ACESO;256.0;;;;;;;;;;;;-19.565351638888888;-44.747104972222225;;PITO ACESO;3;35666000
31;39706;05;00;2;POVOADO;;PITO ACESO;;SN;;;;;;;;;;;-19.570376638888888;-44.74982663888889;;MARAVILHAS;3;35666000
31;39706;05;00;2;POVOADO;;RIACHO DE AREIA;12.0;SMS;;;;;;;;;;;-19.488669972222223;-44.76909666666666;;RIACHO DE AREIA;3;35666000
31;39706;05;00;2;POVOADO;;RIACHO DE AREIA;11.0;SUS;;;;;;;;;;;-19.491038333333336;-44.77912333333333;;RIACHO DE AREIA;3;35666000
31;39706;05;00;2;POVOADO;;VARGEM DA VENDA;2.0;FUNASA;;;;;;;;;;;-19.529741638888886;-44.73282663888889;;VARGEM DA VENDA;3;35666000
31;39706;05;00;2;POVOADO;;VARGEM DA VENDA;5.0;FUNASA;;;;;;;;;;;-19.526433305555553;-44.73882830555556;;VARGEM DA VENDA;3;35666000
31;39706;05;00;2;POVOADO;;VARGEM DA VENDA;21.0;SUS;;;;;;;;;;;-19.530168305555556;-44.738289972222226;;VARGEM DA VENDA;3;35666000
31;39706;05;00;2;POVOADO;;VARGEM DA VENDA;58.0;;;;;;;;;;;;-19.530653333333333;-44.736783333333335;;VARGEM DA VENDA;3;35666000
31;39706;05;00;2;POVOADO;;VARGEM DA VENDA;162.0;;;;;;;;;;;;-19.532146666666666;-44.73856666666667;;VARGEM DA VENDA;3;35666000
31;39706;05;00;2;POVOADO;;VARGINHA;;SN;;;;;;;;;;;-19.52722;-44.68348666666666;790.0;VARGINHA;3;35666000
31;39706;05;00;2;REGIAO;;ALTO DO PAIOL;3.0;SUCAM;;;;;;;;;;;-19.510876638888888;-44.76384;;ALTO DO PAIOL;3;35666000
31;39706;05;00;2;REGIAO;;GAIA;;SN;CASA;1;;;;;;;;;-19.54438663888889;-44.76559663888889;;GAIA;3;35666000
31;39706;05;00;2;REGIAO;;PICARRAO;11.0;SUS;;;;;;;;;;;-19.51963;-44.769765;;PICARRAO;3;35666000
31;39706;05;00;2;REGIAO;;PICARRAO;12.0;SUCAM;;;;;;;;;;;-19.526941666666666;-44.75475330555555;;PICARRAO;3;35666000
31;39706;05;00;2;REGIAO;;PICARRAO;37.0;FNS;;;;;;;;;;;-19.520934999999998;-44.76381666666666;;PICARRAO;3;35666000
31;39706;05;00;2;RIACHO;;DE AREIA;1.0;SUS;;;;;;;;;;;-19.499045000000002;-44.78040163888889;;RIACHO DE AREIA;3;35666000
31;39706;05;00;2;RODOVIA;;MG 060;;SN;;;;;;;;;;;-19.535020000000003;-44.66504166666667;800.0;SAPECADO;3;35666000
31;39706;05;00;2;RODOVIA;;MG 060;;SN;SEDE;;;;;;;;;;-19.548258305555557;-44.65061;742.0;SAPECADO;3;35666000
31;39706;05;00;2;RODOVIA;;MG 060;10.0;FUNASA;;;;;;;;;;;-19.535631666666667;-44.67615830555555;796.0;SAPECADO;3;35666000
31;39706;05;00;2;RODOVIA;;MG 060;;SN;;;;;;;;;;;-19.54737;-44.661181666666664;761.0;SAPECADO;3;35666000
31;39706;05;00;2;RODOVIA;;MG 060;14.0;FUNASA;;;;;;;;;;;-19.547528333333336;-44.66623163888889;761.0;SAPECADO;3;35666000
31;39706;05;00;2;SITIO;;DUAS IRMAS;;SN;;;;;;;;;;;-19.528326666666665;-44.68017666666666;764.0;ZONA RURAL;3;35666000
31;39706;05;00;2;SITIO;;GAIA;;SN;;;;;;;;;;;-19.54154666666667;-44.77025166666667;;GAIA;3;35666000
31;39706;05;00;2;SITIO;;BURACAO;;SN;;;;;;;;;;;-19.532106638888887;-44.667563305555554;809.0;MARAVILHAS;3;35666000
31;39706;05;00;2;ESTRADA;;PARA MARAVILHAS;;SN;;;;;;;;;;;-19.539949972222225;-44.65632163888889;755.0;MARAVILHAS;3;35666000
31;39706;05;00;1;RUA;MONSENHOR;FERNANDO;171.0;;;;;;;;;;;;-19.511486666666666;-44.67508330555555;756.0;MARAVILHAS;3;35666000
31;39706;05;00;1;RUA;MONSENHOR;FERNANDO;127.0;;;;;;;;;;;;-19.511308305555556;-44.67545333333333;747.0;MARAVILHAS;3;35666000
31;39706;05;00;1;AVENIDA;;SETE DE SETEMBRO;310.0;;;;;;;;;;;;-19.51720333333333;-44.673968305555555;761.0;MARAVILHAS;3;35666000
31;39706;05;00;1;RUA;;GUARANI;101.0;;;;;;;;;;;;-19.512988305555556;-44.67592663888889;750.0;MARAVILHAS;3;35666000
31;39706;05;00;1;ESTRADA;;SEM DENOMINACAO;;SN;;;;;;;;;;;-19.507085;-44.68906333333333;767.0;MARAVILHAS;3;35666000
31;39706;05;00;1;ESTRADA;;SEM DENOMINACAO;;SN;;;;;;;;;;;-19.50312163888889;-44.68948997222222;786.0;MARAVILHAS;3;35666000
31;39706;05;00;1;RUA;;JOSE MIGUEL DE BARCELOS;733.0;;;;;;;;;;;;-19.512178305555555;-44.68418330555555;762.0;MARAVILHAS;3;35666000
31;39706;05;00;1;RUA;;JOSE MIGUEL DE BARCELOS;20.0;;;;;;;;;;;;-19.511696666666666;-44.68331997222222;748.0;MARAVILHAS;3;35666000
31;39706;05;00;1;AVENIDA;;CRISPIM ALVES MAGALHAES;412.0;;;;;;;;;;;;-19.51995997222222;-44.682008305555556;786.0;MARAVILHAS;3;35666000
31;39706;05;00;1;ALAMEDA;;DAS AROEIRAS;121.0;;;;;;;;;;;;-19.52513997222222;-44.67733333333333;779.0;MARAVILHAS;3;35666000
31;39706;05;00;1;RUA;SANTA;LUZIA;310.0;;;;;;;;;;;;-19.514259972222224;-44.68349166666666;766.0;MARAVILHAS;3;35666000
31;39706;05;00;1;RUA;SANTA;LUZIA;338.0;;;;;;;;;;;;-19.51532497222222;-44.68407333333333;775.0;MARAVILHAS;3;35666000
31;39706;05;00;2;COMUNIDADE;;CAPIVARA;4.0;KM;;;;;;;;;;;-19.452328305555554;-44.70846663888889;768.0;COMUNIDADE;3;35666000
31;39706;05;00;2;COMUNIDADE;;CAPIVARA;11.0;KM;;;;;;;;;;;-19.429625;-44.67986666666666;728.0;COMUNIDADE;3;35666000
31;39706;05;00;2;COMUNIDADE;;CAPIVARA;13.0;KM;;;;;;;;;;;-19.421603305555557;-44.67659163888889;698.0;COMUNIDADE;3;35666000
31;39706;05;00;2;COMUNIDADE;;CAPIVARA;5.0;KM;;;;;;;;;;;-19.43474;-44.707328305555556;733.0;COMUNIDADE;3;35666000
31;39706;05;00;2;COMUNIDADE;;CAPIVARA;8.0;KM;;;;;;;;;;;-19.438731666666666;-44.69381666666666;723.0;COMUNIDADE;3;35666000
31;39706;05;00;2;COMUNIDADE;;CAPIVARA;13.0;KM;;;;;;;;;;;-19.43108663888889;-44.69372666666666;714.0;COMUNIDADE;3;35666000
31;39706;05;00;2;COMUNIDADE;;CAPIVARA;8.0;KM;;;;;;;;;;;-19.428633333333334;-44.678713333333334;706.0;COMUNIDADE;3;35666000
31;39706;05;00;2;COMUNIDADE;;CAPIVARA;13.0;KM;;;;;;;;;;;-19.43052163888889;-44.681898305555556;722.0;COMUNIDADE;3;35666000
31;39706;05;00;2;COMUNIDADE;;CAPIVARA;12.0;KM;;;;;;;;;;;-19.456914972222222;-44.70294833333334;728.0;COMUNIDADE;3;35666000
31;39706;05;00;2;COMUNIDADE;;CAPIVARA;12.0;KM;;;;;;;;;;;-19.433758305555557;-44.686659972222216;698.0;COMUNIDADE;3;35666000
31;39706;05;00;2;COMUNIDADE;;CAPIVARA;10.0;KM;;;;;;;;;;;-19.441421666666667;-44.69025333333333;710.0;COMUNIDADE;3;35666000
31;39706;05;00;2;COMUNIDADE;;CAPIVARA;9.0;KM;;;;;;;;;;;-19.44219163888889;-44.691134999999996;714.0;COMUNIDADE;3;35666000
31;39706;05;00;2;COMUNIDADE;;CAPIVARA;7.0;KM;;;;;;;;;;;-19.445148333333332;-44.69273333333333;719.0;COMUNIDADE;3;35666000
31;39706;05;00;2;COMUNIDADE;;CAPIVARA;7.0;KM;;;;;;;;;;;-19.449721666666665;-44.693655;707.0;COMUNIDADE;3;35666000
31;39706;05;00;2;COMUNIDADE;;CAPIVARA;6.0;KM;;;;;;;;;;;-19.445528333333332;-44.696475;727.0;COMUNIDADE;3;35666000
31;39706;05;00;2;COMUNIDADE;;CAPIVARA;15.0;KM;;;;;;;;;;;-19.437413305555555;-44.69377330555555;752.0;CAPIVARA;3;35666000
31;39706;05;00;2;COMUNIDADE;;CAPIVARA;6.0;KM;;;;;;;;;;;-19.454421666666665;-44.703723333333336;738.0;CAPIVARA;3;35666000
31;39706;05;00;2;COMUNIDADE;;CAPIVARA;6.0;KM;;;;;;;;;;;-19.463163333333334;-44.700726638888895;718.0;CAPIVARA;3;35666000
31;39706;05;00;2;COMUNIDADE;;CAPIVARA;5.0;KM;;;;;;;;;;;-19.452121666666667;-44.701345;724.0;CAPIVARA;3;35666000
31;39706;05;00;2;COMUNIDADE;;CAPIVARA;8.0;KM;;;;;;;;;;;-19.432688333333335;-44.69076833333333;721.0;CAPIVARA;3;35666000
31;39706;05;00;2;COMUNIDADE;;CAPIVARA;8.0;KM;;;;;;;;;;;-19.427833333333336;-44.678351666666664;701.0;CAPIVARA;3;35666000
31;39706;05;00;2;COMUNIDADE;;CATITA;7.0;KM;;;;;;;;;;;-19.51184497222222;-44.72786497222222;;FAZENDA CANOA;3;35666000
31;39706;05;00;2;COMUNIDADE;;CATITA;6.0;KM;;;;;;;;;;;-19.50871;-44.736093305555556;;MUCAMBO;3;35666000
31;39706;05;00;2;COMUNIDADE;;EXTREMA;9.0;KM;;;;;;;;;;;-19.434546666666666;-44.66873666666667;721.0;COMUNIDADE EXTREMA;3;35666000
31;39706;05;00;2;COMUNIDADE;;EXTREMA;11.0;KM;;;;;;;;;;;-19.43841663888889;-44.669446666666666;713.0;COMUNIDADE EXTREMA;3;35666000
31;39706;05;00;2;COMUNIDADE;;EXTREMA;12.0;KM;;;;;;;;;;;-19.444756666666667;-44.67203330555555;734.0;COMUNIDADE EXTREMA;3;35666000
31;39706;05;00;2;COMUNIDADE;;EXTREMA;12.0;KM;;;;;;;;;;;-19.437191666666667;-44.66963333333333;715.0;COMUNIDADE EXTREMA;3;35666000
31;39706;05;00;2;COMUNIDADE;;TRONCHA;12.0;KM;;;;;;;;;;;-19.41817663888889;-44.659776638888886;706.0;TRONCHA;3;35666000
31;39706;05;00;2;COMUNIDADE;;TRONCHA;13.0;KM;;;;;;;;;;;-19.440128305555557;-44.67290330555555;720.0;TRONCHA;3;35666000
31;39706;05;00;2;COMUNIDADE;;TRONCHA;15.0;KM;;;;;;;;;;;-19.41709163888889;-44.659785;693.0;TRONCHA;3;35666000
31;39706;05;00;2;ESTRADA;;BOA VISTA;2.0;KM;;;;;;;;;;;-19.499693305555557;-44.67163;754.0;BARRO BRANCO;3;35666000
31;39706;05;00;2;ESTRADA;;BOA VISTA;2.0;KM;;;;;;;;;;;-19.500753305555556;-44.66894666666666;760.0;BARRO BRANCO;3;35666000
31;39706;05;00;2;ESTRADA;;BOA VISTA;1.0;KM;;;;;;;;;;;-19.503308305555557;-44.67100833333333;761.0;BARRO BRANCO;3;35666000
31;39706;05;00;2;ESTRADA;;BOA VISTA;3.0;KM;;;;;;;;;;;-19.492468333333335;-44.663961666666665;738.0;BOA VISTA;3;35666000
31;39706;05;00;2;ESTRADA;;BOA VISTA;1.0;KM;;;;;;;;;;;-19.504688333333334;-44.67077;751.0;BOA VISTA;3;35666000
31;39706;05;00;2;ESTRADA;;FAZENDA MORRO DO CHAPEU;8.0;KM;;;;;;;;;;;-19.49674166666667;-44.734143305555556;;FAZENDA MORRO DO CHAPEU;3;03566697
31;39706;05;00;2;ESTRADA;;PARA FAZENDA BARRO BRANCO;2.0;KM;;;;;;;;;;;-19.502263305555555;-44.668928333333334;760.0;FAZENDA BARRO BRANCO;3;35666000
31;39706;05;00;2;ESTRADA;;PARA FAZENDA RETIRO;3.0;KM;;;;;;;;;;;-19.495368333333335;-44.662398305555556;745.0;FAZENDA RETIRO;3;35666000
31;39706;05;00;2;ESTRADA;;PARA FAZENDA RETIRO;4.0;KM;;;;;;;;;;;-19.486883305555555;-44.66858833333333;748.0;FAZENDA RETIRO;3;35666000
31;39706;05;00;2;ESTRADA;;PARA FAZENDA RETIRO;3.0;KM;;;;;;;;;;;-19.486423305555558;-44.671746666666664;741.0;FAZENDA RETIRO;3;35666000
31;39706;05;00;2;ESTRADA;;PARA PONTINHA;8.0;KM;;;;;;;;;;;-19.482725;-44.71958497222222;772.0;PONTINHA;3;35666000
31;39706;05;00;2;ESTRADA;;PARA PONTINHA;11.0;KM;;;;;;;;;;;-19.48307833333333;-44.71468666666667;762.0;PONTINHA;3;35666000
31;39706;05;00;2;FAZENDA;;AGRONAVES;3.0;KM;;;;;;;;;;;-19.48012333333333;-44.70817163888889;734.0;MUNICIPIO DE MARAVILHAS;3;35666000
31;39706;05;00;2;FAZENDA;;AGUA LIMPA;7.0;KM;;;;;;;;;;;-19.462356666666665;-44.670003333333334;717.0;FAZENDA AGUA LIMPA;3;35666000
31;39706;05;00;2;FAZENDA;;AGUA LIMPA;5.0;KM;;;;;;;;;;;-19.47221833333333;-44.666999999999994;734.0;FAZENDA AGUA LIMPA;3;35666000
31;39706;05;00;2;FAZENDA;;BARREIRO PRETO;6.0;KM;;;;;;;;;;;-19.481926666666666;-44.694739972222216;743.0;FAZENDA BARREIRO PRETO;3;35666000
31;39706;05;00;2;FAZENDA;;BARREIRO PRETO;7.0;KM;;;;;;;;;;;-19.453171666666666;-44.699709999999996;728.0;FAZENDA BARREIRO PRETO;3;35666970
31;39706;05;00;2;FAZENDA;;BARREIRO PRETO DE CLESIO REIS;6.0;KM;;;;;;;;;;;-19.452035;-44.69753833333333;745.0;BARREIRO PRETO PROPRIETARIO CLESIO DOS REIS;3;35666000
31;39706;05;00;2;FAZENDA;;BARRERO PRETO 2;3.0;KM;;;;;;;;;;;-19.474238305555552;-44.70288;730.0;MUNICIPIO DE MARAVILHAS;3;35666000
31;39706;05;00;2;FAZENDA;;BURITI DOS PORCOS;6.0;KM;;;;;;;;;;;-19.50122497222222;-44.71852666666667;793.0;FAZENDA DE JOSE ANGES LOPES;3;35666000
31;39706;05;00;2;FAZENDA;;CABANINHA;5.0;KM;;;;;;;;;;;-19.50626163888889;-44.720375000000004;765.0;MARAVILHAS;3;35666000
31;39706;05;00;2;FAZENDA;;CANOAS;6.0;KM;;;;;;;;;;;-19.516176666666667;-44.729283305555555;;CANOAS;3;35666000
31;39706;05;00;2;FAZENDA;;CANOAS;7.0;KM;;;;;;;;;;;-19.51362163888889;-44.729283305555555;;CANOAS;3;35666000
31;39706;05;00;2;FAZENDA;;ESTORRA;3.0;KM;;;;;;;;;;;-19.493539972222223;-44.69239997222222;788.0;MUNICIPIO DE MARAVILHAS;3;35666000
31;39706;05;00;2;FAZENDA;;ESTREMA;31.0;FNS;;;;;;;;;;;-19.494451666666667;-44.71754330555556;754.0;BURITI DOS PORCOS;3;35666000
31;39706;05;00;2;FAZENDA;;ESTREMA;13.0;KM;;;;;;;;;;;-19.438978333333335;-44.668746638888884;714.0;MUNICIPIO DE MARAVILHAS;3;35666000
31;39706;05;00;2;FAZENDA;;ESTREMA;12.0;KM;;;;;;;;;;;-19.43193163888889;-44.663801666666664;715.0;MUNICIPIO DE MARAVILHAS;3;35666000
31;39706;05;00;2;FAZENDA;;FAZENDA AGUA LIMPA;10.0;KM;;;;;;;;;;;-19.448868305555557;-44.67391;750.0;MUNICIPIO DE MARAVILHAS;3;35666000
31;39706;05;00;2;FAZENDA;;LAJINHA;2.0;KM;;;;;;;;;;;-19.496280000000002;-44.69618330555555;771.0;FAZENDA LAJINHA;3;35666000
31;39706;05;00;2;FAZENDA;;STORRA;3.0;KM;;;;;;;;;;;-19.4932;-44.687326666666664;753.0;FAZENDA STORRA;3;35666000
31;39706;05;00;2;FAZENDA;;STORRA;4.0;KM;;;;;;;;;;;-19.490718333333334;-44.68687997222222;773.0;FAZENDA STORRA;3;35666000
31;39706;05;00;2;FAZENDA;;TORRES;2.0;KM;;;;;;;;;;;-19.490748333333336;-44.686906666666665;779.0;FAZENDA TORRES;3;35666000
31;39706;05;00;2;POVOADO;;CAPIVARA;14.0;KM;;;;;;;;;;;-19.417156666666667;-44.659841666666665;689.0;MUNICIPIO DE MARAVILHAS;3;35666000
31;39706;05;00;2;POVOADO;;CAPIVARA;5.0;KM;;;;;;;;;;;-19.47366163888889;-44.699475;733.0;MUNICIPIO DE MARAVILHAS;3;35666000
31;39706;05;00;2;POVOADO;;CAPIVARA;8.0;KM;;;;;;;;;;;-19.443471666666667;-44.691271638888885;724.0;MUNICIPIO DE MARAVILHAS;3;35666000
31;39706;05;00;2;POVOADO;;CAPIVARA;8.0;KM;;;;;;;;;;;-19.44372163888889;-44.69212997222222;721.0;MUNICIPIO DE MARAVILHAS;3;35666000
31;39706;05;00;2;POVOADO;;CAPIVARA;7.0;KM;;;;;;;;;;;-19.447773333333334;-44.694154999999995;711.0;MUNICIPIO DE MARAVILHAS;3;35666000
31;39706;05;00;2;POVOADO;;TRONCHA;13.0;KM;;;;;;;;;;;-19.422834972222223;-44.65793;698.0;MUNICIPIO DE MARAVILHAS;3;35666000
31;39706;05;00;2;POVOADO;;TRONCHA;13.0;KM;;;;;;;;;;;-19.41903663888889;-44.66083333333333;703.0;MUNICIPIO DE MARAVILHAS;3;35666000
31;39706;05;00;2;POVOADO;;VARGEM DA VENDA;8.0;KM;;;;;;;;;;;-19.527248333333333;-44.735530000000004;;VARGEM DA VENDA;3;35666000
31;39706;05;00;2;SITIO;;BARRO PRETO;6.0;KM;;;;;;;;;;;-19.49953163888889;-44.71115997222223;795.0;BURITI DOS PORCOS;3;35666000
31;39706;05;00;2;ESTRADA;;DE PAPAGAIO A CAETANOPOLIS;8.0;KM;;;;;;;;;;;-19.422966666666667;-44.678511638888885;693.0;CAPIVARA;3;35666000
31;39706;05;00;2;ESTRADA;;DE PAPAGAIO A CAETANOPOLIS;6.0;KM;;;;;;;;;;;-19.437575;-44.69550833333333;727.0;CAPIVARA;3;35666000
31;39706;05;00;2;ESTRADA;;DO CATITA;8.0;KM;;;;;;;;;;;-19.483383333333336;-44.717193333333334;744.0;CATITA DE BAIXO;3;35666000
31;39706;05;00;2;POVOADO;SAO;JOSE DE CHACARA;515.0;;;;;;;;;;;;-19.55419663888889;-44.71667497222222;;CHACARA;3;35666000
31;39706;05;00;2;POVOADO;SAO;JOSE DE CHACARA;30.0;;;;;;;;;;;;-19.552078305555558;-44.71428330555556;;CHACARA;3;35666000
31;39706;05;00;2;POVOADO;SAO;JOSE DE CHACARA;33.0;;;;;;;;;;;;-19.55169;-44.714284972222224;;MARAVILHAS;3;35666000
31;39706;05;00;2;POVOADO;SAO;JOSE DE CHACARA;116.0;;;;;;;;;;;;-19.552556666666668;-44.71434663888889;;MARAVILHAS;3;35666000
31;39706;05;00;2;POVOADO;SAO;JOSE DE CHACARA;331.0;;;;;;;;;;;;-19.552818305555558;-44.71505830555556;;MARAVILHAS;3;35666000
31;39706;05;00;2;POVOADO;SAO;JOSE DE CHACARA;224.0;;;;;;;;;;;;-19.55116;-44.71657166666667;;MARAVILHAS;3;35666000
31;39706;05;00;2;POVOADO;;CATITA DE BAIXO;669.0;;;;;;;;;;;;-19.543363333333335;-44.74810166666667;;MANGABEIRA;3;35666000
31;39706;05;00;2;POVOADO;;CATITA DE BAIXO;663.0;;;;;;;;;;;;-19.54340163888889;-44.748311666666666;;MARAVILHAS;3;35666000
31;39706;05;00;2;POVOADO;;CATITA DE BAIXO;116.0;;;;;;;;;;;;-19.538676666666667;-44.739560000000004;;MARAVILHAS;3;35666000
31;39706;05;00;2;POVOADO;;CATITA DE BAIXO;;SN;;;;;;;;;;;-19.544035;-44.743008333333336;;MANGABEIRA;3;35666000
31;39706;05;00;2;POVOADO;;CATITA DE BAIXO;;SN;;;;;;;;;;;-19.544130000000003;-44.740008333333336;;MANGABEIRA;3;35666000
31;39706;05;00;2;POVOADO;;CATITA DE BAIXO;128.0;;;;;;;;;;;;-19.542126666666668;-44.735926666666664;;MARAVILHAS;3;35666000
31;39706;05;00;2;POVOADO;;CATITA DE BAIXO;855.0;;;;;;;;;;;;-19.53933163888889;-44.74350833333333;;MARAVILHAS;3;35666000
31;39706;05;00;2;POVOADO;;CATITA DE BAIXO;159.0;;;;;;;;;;;;-19.539253333333335;-44.73906163888889;;MARAVILHAS;3;35666000
31;39706;05;00;2;POVOADO;;CATITA DE BAIXO;720.0;;;;;;;;;;;;-19.539626666666667;-44.742739972222225;;MARAVILHAS;3;35666000
31;39706;05;00;2;AREA;;BOA VISTA;;SN;;;;;;;;;;;-19.475391638888887;-44.625709972222225;724.0;BOA VISTA;3;35666000
31;39706;05;00;2;AREA;;BOA VISTA;;SN;;;;;;;;;;;-19.482438305555554;-44.65033497222222;742.0;MUNICIPIO DE MARAVILHAS;3;35666000
31;39706;05;00;2;AREA;;BOA VISTA;;SN;;;;;;;;;;;-19.503913333333333;-44.62712333333334;691.0;BOA VISTA;3;35666000
31;39706;05;00;2;COMUNIDADE;;EXTREMA;;SN;;;;;;;;;;;-19.439095000000002;-44.66791330555555;709.0;COMUNIDADE EXTREMA;3;35666000
31;39706;05;00;2;COMUNIDADE;;EXTREMA;;SN;;;;;;;;;;;-19.43212663888889;-44.652031666666666;716.0;COMUNIDADE EXTREMA;3;35666000
31;39706;05;00;2;COMUNIDADE;;EXTREMA;;SN;;;;;;;;;;;-19.435716638888888;-44.66441997222222;700.0;COMUNIDADE EXTREMA;3;35666000
31;39706;05;00;2;COMUNIDADE;;EXTREMA;;SN;;;;;;;;;;;-19.447565;-44.669075;706.0;EXTREMA;3;35666000
31;39706;05;00;2;COMUNIDADE;;EXTREMA;;SN;;;;;;;;;;;-19.449301666666667;-44.66941;712.0;MUNICIPIO DE MARAVILHAS;3;35666000
31;39706;05;00;2;COMUNIDADE;;EXTREMA;;SN;;;;;;;;;;;-19.443078333333332;-44.66928163888889;703.0;EXTREMA;3;35666000
31;39706;05;00;2;FAZENDA;;ALTO LIMPO;;SN;;;;;;;;;;;-19.47256663888889;-44.6471;730.0;FAZENDA ALTO LIMPO;3;35666000
31;39706;05;00;2;FAZENDA;;ALTO LIMPO;;SN;;;;;;;;;;;-19.523646666666664;-44.66520166666667;776.0;MUNICIPIO DE MARAVILHAS;3;35666000
31;39706;05;00;2;FAZENDA;;ARANHA;;SN;;;;;;;;;;;-19.519131638888886;-44.65380333333333;790.0;FAZENDA ARANHA;3;35666000
31;39706;05;00;2;FAZENDA;;BARRA DE BAIXO;;SN;;;;;;;;;;;-19.437316666666668;-44.60919166666667;699.0;FAZENDA BARRA DE BAIXO;3;35666000
31;39706;05;00;2;FAZENDA;;BARRA DE BAIXO;;SN;;;;;;;;;;;-19.43912;-44.62715163888889;698.0;FAZENDA BARRA DE BAIXO;3;35666000
31;39706;05;00;2;FAZENDA;;BARRA DE BAIXO;;SN;;;;;;;;;;;-19.445371666666666;-44.637926638888885;700.0;BARRA;3;35666000
31;39706;05;00;2;FAZENDA;;BARRA DE BAIXO;;SN;;;;;;;;;;;-19.449793333333332;-44.61806833333333;718.0;BARRA;3;35666000
31;39706;05;00;2;FAZENDA;;BARRA DE CIMA;;SN;;;;;;;;;;;-19.45510997222222;-44.632913305555554;751.0;BARRA;3;35666000
31;39706;05;00;2;FAZENDA;;BARRA DE CIMA;;SN;;;;;;;;;;;-19.465664999999998;-44.621143305555556;719.0;FAZENDA BARRA DE BAIXO;3;35666000
31;39706;05;00;2;FAZENDA;;BARRA DE CIMA;;SN;;;;;;;;;;;-19.447175;-44.633829999999996;715.0;FAZENDA BARRA DE BAIXO;3;35666000
31;39706;05;00;2;FAZENDA;;BARRIGUDA;;SN;;;;;;;;;;;-19.455993333333332;-44.62156163888889;720.0;FAZENDA BARRIGUDA;3;35666000
31;39706;05;00;2;FAZENDA;;BELA VISTA;;SN;;;;;;;;;;;-19.486195000000002;-44.62238830555555;750.0;FAZENDA BELA VISTA;3;35666000
31;39706;05;00;2;FAZENDA;;BOA VISTA;;SN;;;;;;;;;;;-19.484048305555557;-44.629931666666664;747.0;BOA VISTA;3;35666000
31;39706;05;00;2;FAZENDA;;BOA VISTA;;SN;;;;;;;;;;;-19.477255;-44.62724163888889;749.0;BOA VISTA;3;35666000
31;39706;05;00;2;FAZENDA;;BOA VISTA;;SN;;;;;;;;;;;-19.469646638888886;-44.62498497222222;739.0;FAZENDA BOA VISTA;3;35666000
31;39706;05;00;2;FAZENDA;;BOA VISTA;;SN;;;;;;;;;;;-19.45882;-44.63427166666666;724.0;BOA VISTA;3;35666000
31;39706;05;00;2;FAZENDA;;BOA VISTA;;SN;;;;;;;;;;;-19.46949833333333;-44.62054997222222;708.0;BOA VISTA;3;35666000
31;39706;05;00;2;FAZENDA;;BOA VISTA;;SN;;;;;;;;;;;-19.47385163888889;-44.61790830555556;737.0;BOA VISTA;3;35666000
31;39706;05;00;2;FAZENDA;;BOA VISTA;;SN;;;;;;;;;;;-19.461035;-44.60042166666667;750.0;BOA VISTA;3;35666000
31;39706;05;00;2;FAZENDA;;BOA VISTA;;SN;;;;;;;;;;;-19.478746638888886;-44.62551;709.0;BOA VISTA;3;35666000
31;39706;05;00;2;FAZENDA;;BOA VISTA;;SN;;;;;;;;;;;-19.479763305555554;-44.64745333333333;737.0;BOA VISTA;3;35666000
31;39706;05;00;2;FAZENDA;;BURACAO;;SN;;;;;;;;;;;-19.525128305555555;-44.67183163888889;753.0;MARAVILHAS;3;35666000
31;39706;05;00;2;FAZENDA;;CACHOEIRA;;SN;;;;;;;;;;;-19.524116638888888;-44.61309333333333;694.0;ZONA RURAL;3;35666000
31;39706;05;00;2;FAZENDA;;CACHOEIRA;;SN;;;;;;;;;;;-19.521011666666666;-44.625838333333334;721.0;PROXIMO ESTRADA PRINCIPAL;3;35666000
31;39706;05;00;2;FAZENDA;;CACHOEIRA;;SN;;;;;;;;;;;-19.519134972222222;-44.631193333333336;734.0;CACHOEIRINHA;3;35666000
31;39706;05;00;2;FAZENDA;;CACHOEIRA;;SN;;;;;;;;;;;-19.515498305555557;-44.635441666666665;730.0;CACHOEIRINHA;3;35666000
31;39706;05;00;2;FAZENDA;;CACHOEIRA;;SN;;;;;;;;;;;-19.511063305555556;-44.635196666666666;743.0;CACHOEIRINHA;3;35666000
31;39706;05;00;2;FAZENDA;;CACHOEIRA;;SN;;;;;;;;;;;-19.521155;-44.59444166666667;684.0;CACHOEIRINHA;3;35666000
31;39706;05;00;2;FAZENDA;;CAMPO ALEGRE;;SN;;;;;;;;;;;-19.493411666666667;-44.636208333333336;760.0;BOA VISTA;3;35666000
31;39706;05;00;2;FAZENDA;;CAMPO ALEGRE;;SN;;;;;;;;;;;-19.485768305555556;-44.63530333333333;735.0;BOA VISTA;3;35666000
31;39706;05;00;2;FAZENDA;;CAMPO ALEGRE;;SN;;;;;;;;;;;-19.484128333333334;-44.62704497222222;737.0;FAZENDA CAMPO ALEGRE;3;35666000
31;39706;05;00;2;FAZENDA;;CAMPO ALEGRE;;SN;;;;;;;;;;;-19.484618305555557;-44.625419972222225;722.0;FAZENDA CAMPO ALEGRE;3;35666000
31;39706;05;00;2;FAZENDA;;CAMPO ALEGRE;;SN;;;;;;;;;;;-19.48715166666667;-44.62773833333333;769.0;CAMPO ALEGRE;3;35666000
31;39706;05;00;2;FAZENDA;;CAMPO ALEGRE;;SN;;;;;;;;;;;-19.480426638888886;-44.625978305555556;722.0;FAZENDA CAMPO ALEGRE;3;35666000
31;39706;05;00;2;FAZENDA;;CANELA;;SN;;;;;;;;;;;-19.501738305555556;-44.64825663888889;772.0;FAZENDA CANELA;3;35666000
31;39706;05;00;2;FAZENDA;;CANELA;;SN;;;;;;;;;;;-19.50335663888889;-44.65451497222222;753.0;CANELA;3;35666000
31;39706;05;00;2;FAZENDA;;CARRAPATO;;SN;;;;;;;;;;;-19.483651666666667;-44.648923333333336;747.0;FAZENDA CARRAPATO;3;35666000
31;39706;05;00;2;FAZENDA;;CHACARA;;SN;;;;;;;;;;;-19.511691666666668;-44.66828333333333;764.0;FAZENDA CHACARA;3;35666000
31;39706;05;00;2;FAZENDA;;CHACARA;;SN;;;;;;;;;;;-19.516068333333333;-44.670941666666664;768.0;FAZENDA CHACARA;3;35666000
31;39706;05;00;2;FAZENDA;;CORREGO GRANDE;;SN;;;;;;;;;;;-19.505794972222223;-44.59030166666667;660.0;CORREGO GRANDE;3;35666000
31;39706;05;00;2;FAZENDA;;CORREGO GRANDE;;SN;;;;;;;;;;;-19.497043305555557;-44.594155;660.0;CORREGO GRANDE;3;35666000
31;39706;05;00;2;FAZENDA;;CORREGO GRANDE;;SN;;;;;;;;;;;-19.513001638888888;-44.59500663888889;671.0;CORREGO GRANDE;3;35666000
31;39706;05;00;2;FAZENDA;;CORREGO GRANDE;;SN;;;;;;;;;;;-19.49462663888889;-44.59227663888889;646.0;CORREGO GRANDE;3;35666000
31;39706;05;00;2;FAZENDA;;CORREGO GRANDE;;SN;;;;;;;;;;;-19.50247;-44.59361833333334;658.0;CORREGO GRANDE;3;35666000
31;39706;05;00;2;FAZENDA;;CORREGO GRANDE;;SN;;;;;;;;;;;-19.501529972222222;-44.58172833333334;672.0;CORREGO GRANDE;3;35666000
31;39706;05;00;2;FAZENDA;;DA BARRA;;SN;;;;;;;;;;;-19.42801163888889;-44.61085663888889;701.0;BARRA;3;35666000
31;39706;05;00;2;FAZENDA;;DA BARRA;;SN;;;;;;;;;;;-19.45009;-44.62540997222222;706.0;BARRA;3;35666000
31;39706;05;00;2;FAZENDA;;DO RETIRO;;SN;;;;;;;;;;;-19.487014972222223;-44.66106833333333;721.0;BOA VISTA;3;35666000
31;39706;05;00;2;FAZENDA;;DO RETIRO;;SN;;;;;;;;;;;-19.480676666666664;-44.66125663888889;737.0;MARAVILHAS;3;35666000
31;39706;05;00;2;FAZENDA;;ESBARRANCADO;;SN;;;;;;;;;;;-19.517384999999997;-44.67109166666666;752.0;FAZENDA ESBARRANCADO;3;35666000
31;39706;05;00;2;FAZENDA;;ESTREMA;;SN;;;;;;;;;;;-19.450025;-44.669513333333335;713.0;MUNICIPIO DE MARAVILHAS;3;35666000
31;39706;05;00;2;FAZENDA;;ESTREMA;;SN;;;;;;;;;;;-19.436991666666668;-44.66639330555555;689.0;MUNICIPIO DE MARAVILHAS;3;35666000
31;39706;05;00;2;FAZENDA;;ESTREMA;;SN;;;;;;;;;;;-19.442103333333332;-44.669821638888884;708.0;PICARRAO;3;35666000
31;39706;05;00;2;FAZENDA;;FORQUILHA;;SN;;;;;;;;;;;-19.469111666666667;-44.63737997222222;726.0;BOA VISTA;3;35666000
31;39706;05;00;2;FAZENDA;;LAJINHA;;SN;;;;;;;;;;;-19.48681663888889;-44.60801666666667;670.0;FAZENDA LAJINHA;3;35666000
31;39706;05;00;2;FAZENDA;;MONJOLOS;;SN;;;;;;;;;;;-19.435605;-44.592289972222225;659.0;MONJOLO;3;35666000
31;39706;05;00;2;FAZENDA;;MONJOLOS;;SN;;;;;;;;;;;-19.446375;-44.56923166666667;683.0;FAZENDA MONJOLOS;3;35666000
31;39706;05;00;2;FAZENDA;;RABO AMARELO;;SN;;;;;;;;;;;-19.490549972222222;-44.60987663888889;685.0;RABO AMARELO;3;35666000
31;39706;05;00;2;FAZENDA;;RABO AMARELO;;SN;;;;;;;;;;;-19.49271663888889;-44.61157997222222;673.0;FAZENDA RABO AMARELO;3;35666000
31;39706;05;00;2;FAZENDA;;RETIRO;;SN;;;;;;;;;;;-19.474306638888887;-44.64472830555555;725.0;BOA VISTA;3;35666000
31;39706;05;00;2;FAZENDA;;RETIRO;;SN;;;;;;;;;;;-19.492291666666667;-44.66091;723.0;FAZENDA RETIRO;3;35666000
31;39706;05;00;2;FAZENDA;;RIACHO FRIO;;SN;;;;;;;;;;;-19.486418305555556;-44.60607163888889;662.0;FAZENDA RIACHO FRIO;3;35666000
31;39706;05;00;2;FAZENDA;;RIACHO FRIO;;SN;;;;;;;;;;;-19.519614999999998;-44.61438663888889;710.0;CACHOEIRINHA;3;35666000
31;39706;05;00;2;FAZENDA;;TABOCA;;SN;;;;;;;;;;;-19.482311638888888;-44.607371666666666;688.0;FAZENDA TABOCA;3;35666000
31;39706;05;00;2;LUGAREJO;;DA BARRA;;SN;;;;;;;;;;;-19.463348333333332;-44.62266997222222;729.0;BARRA;3;35666000
31;39706;05;00;2;REGIAO;;ARANHA;;SN;;;;;;;;;;;-19.526035;-44.646634999999996;755.0;ARANHA;3;35666000
31;39706;05;00;2;REGIAO;;CAMPO ALEGRE;;SN;;;;;;;;;;;-19.542216638888892;-44.65002666666666;760.0;CAMPO ALEGRE;3;35666000
31;39706;05;00;2;REGIAO;;CAMPO ALEGRE;;SN;;;;;;;;;;;-19.488178305555557;-44.63129166666667;734.0;CAMPO ALEGRE;3;35666000
31;39706;05;00;2;REGIAO;;CAMPO ALEGRE;;SN;;;;;;;;;;;-19.485859972222222;-44.626913333333334;742.0;CAMPO ALEGRE;3;35666000
31;39706;05;00;2;REGIAO;;CANELA;;SN;;;;;;;;;;;-19.504753305555557;-44.666711666666664;733.0;CANELA;3;35666000
31;39706;05;00;2;REGIAO;;CANELA;;SN;;;;;;;;;;;-19.503714972222223;-44.654333333333334;771.0;CANELA;3;35666000
31;39706;05;00;2;REGIAO;;CANELA;;SN;;;;;;;;;;;-19.513313333333333;-44.67163166666666;750.0;CANELA;3;35666000
31;39706;05;00;2;REGIAO;;CANELA;;SN;;;;;;;;;;;-19.50319163888889;-44.648826666666665;768.0;CANELA;3;35666000
31;39706;05;00;2;REGIAO;;CANELA;;SN;;;;;;;;;;;-19.50122497222222;-44.65523663888889;768.0;CANELA;3;35666000
31;39706;05;00;2;REGIAO;;CANELA;;SN;;;;;;;;;;;-19.496001638888888;-44.64159663888889;792.0;CANELA;3;35666000
31;39706;05;00;2;REGIAO;;RIACHO FRIO;;SN;;;;;;;;;;;-19.48194497222222;-44.59888330555556;664.0;RIACHO FRIO;3;35666000
31;39706;05;00;2;REGIAO;;VARGEM FERREIRA;;SN;;;;;;;;;;;-19.532664999999998;-44.622863333333335;718.0;VARGEM FERREIRA;3;35666000
31;39706;05;00;2;SITIO;;AGUA BONITA;;SN;;;;;;;;;;;-19.516661638888888;-44.654916666666665;777.0;AGUA BONITA;3;35666000
31;39706;05;00;2;SITIO;;BELA VISTA;;SN;;;;;;;;;;;-19.483473333333333;-44.63785997222222;771.0;SITIO BELA VISTA;3;35666000
31;39706;05;00;2;SITIO;;BOA VISTA;;SN;;;;;;;;;;;-19.485303333333334;-44.631191666666666;729.0;BOA VISTA;3;35666000
31;39706;05;00;2;SITIO;;BOA VISTA;;SN;;;;;;;;;;;-19.47406663888889;-44.621;756.0;BARRA;3;35666000
31;39706;05;00;2;SITIO;;CAMPO ALEGRE;;SN;;;;;;;;;;;-19.490414972222222;-44.632088333333336;750.0;BOA VISTA;3;35666000
31;39706;05;00;2;SITIO;;CAMPO ALEGRE;;SN;;;;;;;;;;;-19.48871663888889;-44.63167;736.0;CAMPO ALEGRE;3;35666000
31;39706;05;00;2;SITIO;;CAMPO ALEGRE;;SN;;;;;;;;;;;-19.486873333333335;-44.625329972222225;760.0;CAMPO ALEGRE;3;35666000
31;39706;05;00;2;SITIO;;DA BARRA;;SN;;;;;;;;;;;-19.449108333333335;-44.62898833333333;701.0;BARRA;3;35666000
31;39706;05;00;2;SITIO;;RETIRO;;SN;;;;;;;;;;;-19.48176833333333;-44.65222330555555;772.0;BOA VISTA;3;35666000
31;39706;05;00;2;SITIO;;RETIRO;;SN;;;;;;;;;;;-19.489123305555555;-44.66050666666666;735.0;BOA VISTA;3;35666000
31;39706;05;00;2;SITIO;;ROSARIA;;SN;;;;;;;;;;;-19.5057;-44.661789999999996;746.0;CANELA;3;35666000
31;39706;05;00;2;SITIO;;ROSARIA;;SN;;;;;;;;;;;-19.52039497222222;-44.671548305555554;759.0;CHACARA;3;35666000
31;39706;05;00;2;ESTRADA;;SEM DENOMINACAO;;SN;;;;;;;;;;;-19.507481666666667;-44.671191666666665;757.0;MARAVILHAS;3;35666000
31;39706;05;00;2;ESTRADA;;SEM DENOMINACAO;;SN;;;;;;;;;;;-19.50945997222222;-44.67440330555555;743.0;MARAVILHAS;3;35666000
